[28серп.2026 07:53:30.328] [main/INFO] [cpw.mods.modlauncher.Launcher/MODLAUNCHER]: ModLauncher running: args [--launchTarget, forgeclientdev, --version, 21.1.228, --assetIndex, 17, --assetsDir, C:\\Users\\andrt\\.gradle\\caches\\neoformruntime\\assets, --gameDir, ., --fml.fmlVersion, 4.0.42, --fml.mcVersion, 1.21.1, --fml.neoForgeVersion, 21.1.228, --fml.neoFormVersion, 20240808.144430]
[28серп.2026 07:53:30.337] [main/INFO] [cpw.mods.modlauncher.Launcher/MODLAUNCHER]: JVM identified as Microsoft OpenJDK 64-Bit Server VM 21.0.12+8-LTS
[28серп.2026 07:53:30.338] [main/INFO] [cpw.mods.modlauncher.Launcher/MODLAUNCHER]: ModLauncher 11.0.5+main.901c6ea8 starting: java version 21.0.12 by Microsoft; OS Windows 11 arch amd64 version 10.0
[28серп.2026 07:53:30.408] [main/INFO] [net.neoforged.fml.loading.ImmediateWindowHandler/]: Loading ImmediateWindowProvider fmlearlywindow
[28серп.2026 07:53:30.485] [main/INFO] [EARLYDISPLAY/]: Trying GL version 4.6
[28серп.2026 07:53:30.685] [main/INFO] [EARLYDISPLAY/]: Requested GL version 4.6 got version 4.6
[28серп.2026 07:53:30.749] [main/INFO] [mixin/]: SpongePowered MIXIN Subsystem Version=0.8.7 Source=union:/C:/Users/andrt/.gradle/caches/modules-2/files-2.1/net.fabricmc/sponge-mixin/0.15.2+mixin.0.8.7/2af2f021d8e02a0220dc27a7a72b4666d66d44ca/sponge-mixin-0.15.2+mixin.0.8.7.jar%23138!/ Service=ModLauncher Env=CLIENT
[28серп.2026 07:53:30.844] [pool-2-thread-1/INFO] [EARLYDISPLAY/]: GL info: NVIDIA GeForce RTX 4060/PCIe/SSE2 GL version 4.6.0 NVIDIA 596.49, NVIDIA Corporation
[28серп.2026 07:53:31.572] [main/WARN] [net.neoforged.jarjar.selection.JarSelector/]: Attempted to select a dependency jar for JarJar which was passed in as source: ponder. Using Mod File: C:\Users\andrt\.gradle\caches\modules-2\files-2.1\net.createmod.ponder\ponder-neoforge\1.0.82+mc1.21.1\b10a04f40b9d6d33c346fb38df33f10f7e51b713\ponder-neoforge-1.0.82+mc1.21.1.jar
[28серп.2026 07:53:31.573] [main/WARN] [net.neoforged.jarjar.selection.JarSelector/]: Attempted to select a dependency jar for JarJar which was passed in as source: library:Registrate.MC1._21._67. Using Mod File: C:\Users\andrt\IdeaProjects\CBCAT\libs\Registrate-MC1.21-1.3.0+67.jar
[28серп.2026 07:53:31.573] [main/WARN] [net.neoforged.jarjar.selection.JarSelector/]: Attempted to select a dependency jar for JarJar which was passed in as source: flywheel. Using Mod File: C:\Users\andrt\.gradle\caches\modules-2\files-2.1\dev.engine-room.flywheel\flywheel-neoforge-1.21.1\1.0.6\a943872ad0bdd4458d818d8d7dc123fb250eb744\flywheel-neoforge-1.21.1-1.0.6.jar
[28серп.2026 07:53:31.573] [main/INFO] [net.neoforged.fml.loading.moddiscovery.locators.JarInJarDependencyLocator/]: Found 11 dependencies adding them to mods collection
[28серп.2026 07:53:31.574] [main/INFO] [net.neoforged.fml.loading.moddiscovery.ModDiscoverer/]: 
     Mod List:
		Name Version (Mod Id)

		CBC Advanced Technology 0.1.4c-1.21.1 (cbc_at)
		CBC Military Supplement 2.1.0-1.21.1 (cbcmoreshells)
		CBCAT Fix 1.0.0 (cbcatfix)
		Create 6.0.10 (create)
		Create Aeronautics 1.3.0 (aeronautics)
		Create Aeronautics 1.3.0 (aeronautics_bundled)
		Create Big Cannons 5.11.7 (createbigcannons)
		Create Offroad 1.3.0 (offroad)
		Create Simulated 1.3.0 (simulated)
		Create: Radars 0.4.4-1.21.1 (create_radar)
		Flywheel 1.0.6 (flywheel)
		Just Enough Items 19.27.0.340 (jei)
		Minecraft 1.21.1 (minecraft)
		NeoForge 21.1.228 (neoforge)
		Ponder 1.0.82+mc1.21.1 (ponder)
		Ritchie's Projectile Library 2.1.2 (ritchiesprojectilelib)
		Sable 2.0.3 (sable)
		Sable Companion 1.6.0 (sablecompanion)
		Veil 4.1.4 (veil)
[28серп.2026 07:53:32.319] [main/WARN] [mixin/]: Compatibility level JAVA_17 specified by create_radar.mixins.json is higher than the maximum level supported by this version of mixin (JAVA_13).
[28серп.2026 07:53:32.320] [main/INFO] [mixin/]: Compatibility level set to JAVA_17
[28серп.2026 07:53:32.322] [main/WARN] [mixin/]: Compatibility level JAVA_21 specified by veil.command.mixins.json is higher than the maximum level supported by this version of mixin (JAVA_13).
[28серп.2026 07:53:32.323] [main/INFO] [mixin/]: Compatibility level set to JAVA_21
[28серп.2026 07:53:32.331] [main/WARN] [mixin/]: Compatibility level JAVA_17 specified by createbigcannons.mixins.json is higher than the maximum level supported by this version of mixin (JAVA_13).
[28серп.2026 07:53:32.332] [main/WARN] [mixin/]: Compatibility level JAVA_18 specified by aeronautics.mixins.json is higher than the maximum level supported by this version of mixin (JAVA_13).
[28серп.2026 07:53:32.335] [main/WARN] [mixin/]: Compatibility level JAVA_17 specified by flywheel.impl.neoforge.mixins.json is higher than the maximum level supported by this version of mixin (JAVA_13).
[28серп.2026 07:53:32.337] [main/WARN] [mixin/]: Compatibility level JAVA_17 specified by ponder.mixins.json is higher than the maximum level supported by this version of mixin (JAVA_13).
[28серп.2026 07:53:32.338] [main/WARN] [mixin/]: Compatibility level JAVA_17 specified by ponder-common.mixins.json is higher than the maximum level supported by this version of mixin (JAVA_13).
[28серп.2026 07:53:32.341] [main/WARN] [mixin/]: Compatibility level JAVA_18 specified by offroad.mixins.json is higher than the maximum level supported by this version of mixin (JAVA_13).
[28серп.2026 07:53:32.344] [main/WARN] [mixin/]: Compatibility level JAVA_17 specified by cbcmoreshells.mixins.json is higher than the maximum level supported by this version of mixin (JAVA_13).
[28серп.2026 07:53:32.346] [main/INFO] [cpw.mods.modlauncher.LaunchServiceHandler/MODLAUNCHER]: Launching target 'forgeclientdev' with arguments [--version, 21.1.228, --gameDir, ., --assetsDir, C:\Users\andrt\.gradle\caches\neoformruntime\assets, --assetIndex, 17]
[28серп.2026 07:53:32.385] [main/INFO] [mixin/]: Attempting to load Fernflower decompiler (Threaded mode)
[28серп.2026 07:53:32.387] [main/INFO] [mixin/]: Fernflower could not be loaded, exported classes will not be decompiled. NoClassDefFoundError: org/jetbrains/java/decompiler/main/extern/IResultSaver
[28серп.2026 07:53:32.719] [main/INFO] [mixin/]: Preparing mixins for MixinEnvironment[DEFAULT]
[28серп.2026 07:53:32.720] [main/INFO] [mixin/]: Selecting config create_radar.mixins.json
[28серп.2026 07:53:32.722] [main/WARN] [mixin/]: Reference map 'createradar.refmap.json' for create_radar.mixins.json could not be read. If this is a development environment you can ignore this message
[28серп.2026 07:53:32.722] [main/INFO] [mixin/]: Selecting config veil.command.mixins.json
[28серп.2026 07:53:32.730] [main/INFO] [mixin/]: Selecting config veil.debug.mixins.json
[28серп.2026 07:53:32.730] [main/INFO] [mixin/]: Selecting config veil.dynamicbuffer.mixins.json
[28серп.2026 07:53:32.730] [main/INFO] [mixin/]: Selecting config veil.fix.mixins.json
[28серп.2026 07:53:32.730] [main/INFO] [mixin/]: Selecting config veil.framebuffer.mixins.json
[28серп.2026 07:53:32.731] [main/INFO] [mixin/]: Selecting config veil.necromancer.mixins.json
[28серп.2026 07:53:32.731] [main/INFO] [mixin/]: Selecting config veil.network.mixins.json
[28серп.2026 07:53:32.731] [main/INFO] [mixin/]: Selecting config veil.performance.mixins.json
[28серп.2026 07:53:32.731] [main/INFO] [mixin/]: Selecting config veil.perspective.mixins.json
[28серп.2026 07:53:32.732] [main/INFO] [mixin/]: Selecting config veil.pipeline.mixins.json
[28серп.2026 07:53:32.732] [main/INFO] [mixin/]: Selecting config veil.quasar.mixins.json
[28серп.2026 07:53:32.732] [main/INFO] [mixin/]: Selecting config veil.registry.mixins.json
[28серп.2026 07:53:32.732] [main/INFO] [mixin/]: Selecting config veil.rendertype.mixins.json
[28серп.2026 07:53:32.733] [main/INFO] [mixin/]: Selecting config veil.resource.mixins.json
[28серп.2026 07:53:32.733] [main/INFO] [mixin/]: Selecting config veil.scheduler.mixins.json
[28серп.2026 07:53:32.733] [main/INFO] [mixin/]: Selecting config veil.shader.mixins.json
[28серп.2026 07:53:32.733] [main/INFO] [mixin/]: Selecting config veil.neoforge.mixins.json
[28серп.2026 07:53:32.734] [main/INFO] [mixin/]: Selecting config simulated.mixins.json
[28серп.2026 07:53:32.734] [main/WARN] [mixin/]: Reference map 'simulated.refmap.json' for simulated.mixins.json could not be read. If this is a development environment you can ignore this message
[28серп.2026 07:53:32.734] [main/INFO] [mixin/]: Selecting config simulated-neoforge.mixins.json
[28серп.2026 07:53:32.734] [main/INFO] [mixin/]: Selecting config cbc_at.mixins.json
[28серп.2026 07:53:32.735] [main/INFO] [mixin/]: Selecting config cbcatfix.mixins.json
[28серп.2026 07:53:32.735] [main/WARN] [mixin/]: Reference map 'cbcatfix.refmap.json' for cbcatfix.mixins.json could not be read. If this is a development environment you can ignore this message
[28серп.2026 07:53:32.735] [main/INFO] [mixin/]: Selecting config createbigcannons.mixins.json
[28серп.2026 07:53:32.737] [main/INFO] [mixin/]: Selecting config aeronautics.mixins.json
[28серп.2026 07:53:32.740] [main/WARN] [mixin/]: Reference map 'aeronautics.refmap.json' for aeronautics.mixins.json could not be read. If this is a development environment you can ignore this message
[28серп.2026 07:53:32.740] [main/INFO] [mixin/]: Selecting config aeronautics.neoforge.mixins.json
[28серп.2026 07:53:32.740] [main/INFO] [mixin/]: Selecting config flywheel.backend.mixins.json
[28серп.2026 07:53:32.744] [main/INFO] [mixin/]: Selecting config flywheel.impl.mixins.json
[28серп.2026 07:53:32.744] [main/INFO] [mixin/]: Selecting config flywheel.impl.neoforge.mixins.json
[28серп.2026 07:53:32.745] [main/INFO] [mixin/]: Selecting config ponder.mixins.json
[28серп.2026 07:53:32.745] [main/INFO] [mixin/]: Selecting config ponder-common.mixins.json
[28серп.2026 07:53:32.746] [main/WARN] [mixin/]: Reference map 'ponder.refmap.json' for ponder-common.mixins.json could not be read. If this is a development environment you can ignore this message
[28серп.2026 07:53:32.746] [main/INFO] [mixin/]: Selecting config create.mixins.json
[28серп.2026 07:53:32.747] [main/INFO] [mixin/]: Selecting config sable.mixins.json
[28серп.2026 07:53:32.754] [main/INFO] [dev.ryanhcode.sable.mixin.AbstractSableMixinPlugin/]: Using Vanilla renderer mixins
[28серп.2026 07:53:32.755] [main/INFO] [mixin/]: Selecting config sable-neoforge.mixins.json
[28серп.2026 07:53:32.755] [main/INFO] [dev.ryanhcode.sable.mixin.AbstractSableMixinPlugin/]: Using Vanilla renderer mixins
[28серп.2026 07:53:32.755] [main/INFO] [mixin/]: Selecting config offroad.mixins.json
[28серп.2026 07:53:32.755] [main/WARN] [mixin/]: Reference map 'offroad.refmap.json' for offroad.mixins.json could not be read. If this is a development environment you can ignore this message
[28серп.2026 07:53:32.755] [main/INFO] [mixin/]: Selecting config offroad.neoforge.mixins.json
[28серп.2026 07:53:32.755] [main/INFO] [mixin/]: Selecting config neoforge.mixins.json
[28серп.2026 07:53:32.756] [main/INFO] [mixin/]: Selecting config cbcmoreshells.mixins.json
[28серп.2026 07:53:32.756] [main/WARN] [mixin/]: Reference map 'cbcmoreshells.refmap.json' for cbcmoreshells.mixins.json could not be read. If this is a development environment you can ignore this message
[28серп.2026 07:53:32.756] [main/INFO] [mixin/]: Selecting config mixinextras.init.mixins.json
[28серп.2026 07:53:32.815] [main/INFO] [mixin/]: Preparing create_radar.mixins.json (3)
[28серп.2026 07:53:32.834] [main/INFO] [mixin/]: Preparing veil.command.mixins.json (1)
[28серп.2026 07:53:32.847] [main/INFO] [mixin/]: Preparing veil.debug.mixins.json (15)
[28серп.2026 07:53:32.889] [main/INFO] [mixin/]: Preparing veil.dynamicbuffer.mixins.json (5)
[28серп.2026 07:53:32.895] [main/INFO] [mixin/]: Preparing veil.fix.mixins.json (3)
[28серп.2026 07:53:32.906] [main/INFO] [mixin/]: Preparing veil.framebuffer.mixins.json (1)
[28серп.2026 07:53:32.907] [main/INFO] [mixin/]: Preparing veil.necromancer.mixins.json (2)
[28серп.2026 07:53:32.911] [main/INFO] [mixin/]: Preparing veil.network.mixins.json (3)
[28серп.2026 07:53:32.930] [main/INFO] [mixin/]: Preparing veil.performance.mixins.json (4)
[28серп.2026 07:53:32.932] [main/INFO] [mixin/]: Preparing veil.perspective.mixins.json (3)
[28серп.2026 07:53:32.933] [main/INFO] [mixin/]: Preparing veil.pipeline.mixins.json (19)
[28серп.2026 07:53:32.945] [main/INFO] [mixin/]: Preparing veil.quasar.mixins.json (2)
[28серп.2026 07:53:32.956] [main/INFO] [mixin/]: Preparing veil.registry.mixins.json (1)
[28серп.2026 07:53:32.957] [main/INFO] [mixin/]: Preparing veil.rendertype.mixins.json (6)
[28серп.2026 07:53:32.962] [main/INFO] [mixin/]: Preparing veil.resource.mixins.json (6)
[28серп.2026 07:53:32.966] [main/INFO] [mixin/]: Preparing veil.scheduler.mixins.json (1)
[28серп.2026 07:53:32.967] [main/INFO] [mixin/]: Preparing veil.shader.mixins.json (4)
[28серп.2026 07:53:32.969] [main/INFO] [mixin/]: Preparing veil.neoforge.mixins.json (34)
[28серп.2026 07:53:32.976] [main/WARN] [mixin/]: Error loading class: net/irisshaders/iris/pipeline/PipelineManager (java.lang.ClassNotFoundException: net.irisshaders.iris.pipeline.PipelineManager)
[28серп.2026 07:53:32.976] [main/WARN] [mixin/]: @Mixin target net.irisshaders.iris.pipeline.PipelineManager was not found veil.neoforge.mixins.json:client.perspective.iris.PipelineManagerMixin from mod veil
[28серп.2026 07:53:32.977] [main/INFO] [mixin/]: Preparing simulated.mixins.json (86)
[28серп.2026 07:53:33.022] [main/WARN] [mixin/]: @Mixin target net.minecraft.client.renderer.texture.SpriteContents$Ticker is public in simulated.mixins.json:creative_tab_sections.SpriteContentsTickerMixin from mod simulated and should be specified in value
[28серп.2026 07:53:33.040] [main/INFO] [mixin/]: Preparing simulated-neoforge.mixins.json (12)
[28серп.2026 07:53:33.046] [main/INFO] [mixin/]: Preparing cbc_at.mixins.json (6)
[28серп.2026 07:53:33.050] [main/INFO] [mixin/]: Preparing cbcatfix.mixins.json (31)
[28серп.2026 07:53:33.059] [main/WARN] [mixin/]: @Mixin target com.dsvv.cbcat.cannon.autocannon.munitions.he.AutocannonHEProjectile is public in cbcatfix.mixins.json:ShellExplosionRedirectMixin from mod cbcatfix and should be specified in value
[28серп.2026 07:53:33.061] [main/WARN] [mixin/]: @Mixin target com.dsvv.cbcat.cannon.autocannon.munitions.hei.AutocannonHEIProjectile is public in cbcatfix.mixins.json:ShellExplosionRedirectMixin from mod cbcatfix and should be specified in value
[28серп.2026 07:53:33.062] [main/WARN] [mixin/]: @Mixin target com.dsvv.cbcat.cannon.heavy_autocannon.munitions.heat_shell.HA_HEATProjectile is public in cbcatfix.mixins.json:ShellExplosionRedirectMixin from mod cbcatfix and should be specified in value
[28серп.2026 07:53:33.062] [main/WARN] [mixin/]: @Mixin target com.dsvv.cbcat.cannon.heavy_autocannon.munitions.he_shell.HA_HEProjectile is public in cbcatfix.mixins.json:ShellExplosionRedirectMixin from mod cbcatfix and should be specified in value
[28серп.2026 07:53:33.063] [main/WARN] [mixin/]: @Mixin target com.dsvv.cbcat.cannon.heavy_autocannon.munitions.hef_shell.HA_HEFProjectile is public in cbcatfix.mixins.json:FlakExplosionRedirectMixin from mod cbcatfix and should be specified in value
[28серп.2026 07:53:33.064] [main/WARN] [mixin/]: Error loading class: com/dsvv/cbcat/cannon/autocannon/munitions/flak/AutocannonFlakProjectile (java.lang.ClassNotFoundException: com.dsvv.cbcat.cannon.autocannon.munitions.flak.AutocannonFlakProjectile)
[28серп.2026 07:53:33.064] [main/WARN] [mixin/]: @Mixin target com.dsvv.cbcat.cannon.autocannon.munitions.flak.AutocannonFlakProjectile was not found cbcatfix.mixins.json:FlakExplosionRedirectMixin from mod cbcatfix
[28серп.2026 07:53:33.064] [main/WARN] [mixin/]: @Mixin target com.dsvv.cbcat.cannon.heavy_autocannon.munitions.smoke_shell.HA_SmokeProjectile is public in cbcatfix.mixins.json:SmokeExplosionRedirectMixin from mod cbcatfix and should be specified in value
[28серп.2026 07:53:33.065] [main/WARN] [mixin/]: @Mixin target com.dsvv.cbcat.cannon.rocketpod.munitions.AbstractRocket is public in cbcatfix.mixins.json:RocketLaunchSoundMixin from mod cbcatfix and should be specified in value
[28серп.2026 07:53:33.066] [main/WARN] [mixin/]: @Mixin target com.dsvv.cbcat.cannon.medium_rocketpod.munitions.AbstractMediumRocket is public in cbcatfix.mixins.json:RocketLaunchSoundMixin from mod cbcatfix and should be specified in value
[28серп.2026 07:53:33.068] [main/WARN] [mixin/]: @Mixin target com.dsvv.cbcat.cannon.rocketpod.munitions.AbstractFuzedRocket is public in cbcatfix.mixins.json:AbstractFuzedRocketMixin from mod cbcatfix and should be specified in value
[28серп.2026 07:53:33.068] [main/WARN] [mixin/]: @Mixin target com.dsvv.cbcat.cannon.medium_rocketpod.munitions.AbstractMediumFuzedRocket is public in cbcatfix.mixins.json:AbstractMediumFuzedRocketMixin from mod cbcatfix and should be specified in value
[28серп.2026 07:53:33.070] [main/WARN] [mixin/]: @Mixin target com.dsvv.cbcat.cannon.medium_rocketpod.munitions.AbstractMediumRocket is public in cbcatfix.mixins.json:AbstractMediumRocketMixin from mod cbcatfix and should be specified in value
[28серп.2026 07:53:33.075] [main/WARN] [mixin/]: @Mixin target com.dsvv.cbcat.crafting.jei.CBCATJEI is public in cbcatfix.mixins.json:CBCATJEIMixin from mod cbcatfix and should be specified in value
[28серп.2026 07:53:33.075] [main/INFO] [mixin/]: Preparing createbigcannons.mixins.json (47)
[28серп.2026 07:53:33.088] [main/WARN] [mixin/]: Error loading class: xfacthd/framedblocks/common/blockentity/doubled/slab/FramedAdjustableDoubleBlockEntity (java.lang.ClassNotFoundException: xfacthd.framedblocks.common.blockentity.doubled.slab.FramedAdjustableDoubleBlockEntity)
[28серп.2026 07:53:33.088] [main/WARN] [mixin/]: @Mixin target xfacthd.framedblocks.common.blockentity.doubled.slab.FramedAdjustableDoubleBlockEntity was not found createbigcannons.mixins.json:compat.framedblocks.FramedAdjustableDoubleBlockEntityAccessor from mod createbigcannons
[28серп.2026 07:53:33.096] [main/INFO] [mixin/]: Preparing aeronautics.mixins.json (29)
[28серп.2026 07:53:33.107] [main/INFO] [mixin/]: Preparing aeronautics.neoforge.mixins.json (1)
[28серп.2026 07:53:33.108] [main/INFO] [mixin/]: Preparing flywheel.backend.mixins.json (9)
[28серп.2026 07:53:33.114] [main/INFO] [mixin/]: Preparing flywheel.impl.mixins.json (14)
[28серп.2026 07:53:33.128] [main/INFO] [mixin/]: Preparing flywheel.impl.neoforge.mixins.json (1)
[28серп.2026 07:53:33.130] [main/INFO] [mixin/]: Preparing ponder.mixins.json (1)
[28серп.2026 07:53:33.131] [main/INFO] [mixin/]: Preparing ponder-common.mixins.json (12)
[28серп.2026 07:53:33.141] [main/INFO] [mixin/]: Preparing create.mixins.json (64)
[28серп.2026 07:53:33.194] [main/INFO] [mixin/]: Preparing sable.mixins.json (215)
[28серп.2026 07:53:33.265] [main/INFO] [mixin/]: Preparing sable-neoforge.mixins.json (158)
[28серп.2026 07:53:33.349] [main/INFO] [mixin/]: Preparing offroad.mixins.json (5)
[28серп.2026 07:53:33.351] [main/INFO] [mixin/]: Preparing offroad.neoforge.mixins.json (1)
[28серп.2026 07:53:33.352] [main/INFO] [mixin/]: Preparing neoforge.mixins.json (2)
[28серп.2026 07:53:33.352] [main/INFO] [mixin/]: Preparing cbcmoreshells.mixins.json (4)
[28серп.2026 07:53:33.355] [main/WARN] [mixin/]: Error loading class: com/cubester/cbc_compact_mount/compat/CMArmInteractionPointTypes$CompactCannonMountPoint (java.lang.ClassNotFoundException: com.cubester.cbc_compact_mount.compat.CMArmInteractionPointTypes$CompactCannonMountPoint)
[28серп.2026 07:53:33.355] [main/WARN] [mixin/]: @Mixin target com.cubester.cbc_compact_mount.compat.CMArmInteractionPointTypes$CompactCannonMountPoint was not found cbcmoreshells.mixins.json:CompatMountPointMixin from mod cbcmoreshells
[28серп.2026 07:53:33.355] [main/INFO] [mixin/]: Preparing mixinextras.init.mixins.json (0)
[28серп.2026 07:53:33.386] [main/WARN] [mixin/]: Error loading class: com/dsvv/cbcat/cannon/autocannon/munitions/flak/AutocannonFlakProjectile (java.lang.ClassNotFoundException: com.dsvv.cbcat.cannon.autocannon.munitions.flak.AutocannonFlakProjectile)
[28серп.2026 07:53:33.387] [main/WARN] [mixin/]: Error loading class: com/dsvv/cbcat/cannon/autocannon/munitions/flak/AutocannonFlakProjectile (java.lang.ClassNotFoundException: com.dsvv.cbcat.cannon.autocannon.munitions.flak.AutocannonFlakProjectile)
[28серп.2026 07:53:33.402] [main/WARN] [mixin/]: Error loading class: org/jetbrains/annotations/ApiStatus$ScheduledForRemoval (java.lang.ClassNotFoundException: org.jetbrains.annotations.ApiStatus$ScheduledForRemoval)
[28серп.2026 07:53:33.440] [main/INFO] [mixin/]: Prepared 760 mixins in 0,717 sec (0,9ms avg) (0ms load, 0ms transform, 0ms plugin)
[28серп.2026 07:53:33.443] [main/INFO] [MixinExtras|Service/]: Initializing MixinExtras via com.llamalad7.mixinextras.service.MixinExtrasServiceImpl(version=0.5.3).
[28серп.2026 07:53:33.458] [main/INFO] [mixin/]: Mixing client.PerformanceAbstractTextureMixin from veil.performance.mixins.json into net.minecraft.client.renderer.texture.AbstractTexture
[28серп.2026 07:53:33.468] [main/INFO] [mixin/]: Mixing client.PipelineAbstractTextureMixin from veil.pipeline.mixins.json into net.minecraft.client.renderer.texture.AbstractTexture
[28серп.2026 07:53:33.505] [main/INFO] [mixin/]: Mixing physics_staff.GuiGraphicsMixin from simulated.mixins.json into net.minecraft.client.gui.GuiGraphics
[28серп.2026 07:53:33.551] [main/INFO] [mixin/]: Mixing client.DebugMinecraftMixin from veil.debug.mixins.json into net.minecraft.client.Minecraft
[28серп.2026 07:53:33.558] [main/INFO] [mixin/]: Mixing client.PipelineMinecraftMixin from veil.pipeline.mixins.json into net.minecraft.client.Minecraft
[28серп.2026 07:53:33.559] [main/INFO] [mixin/]: Mixing client.MinecraftMixin from veil.neoforge.mixins.json into net.minecraft.client.Minecraft
[28серп.2026 07:53:33.562] [main/INFO] [mixin/]: Mixing handle.MinecraftMixin from simulated.mixins.json into net.minecraft.client.Minecraft
[28серп.2026 07:53:33.563] [main/INFO] [mixin/]: Mixing custom_situational_music.MinecraftMixin from aeronautics.mixins.json into net.minecraft.client.Minecraft
[28серп.2026 07:53:33.563] [main/WARN] [mixin/]: aeronautics.mixins.json:custom_situational_music.MinecraftMixin from mod aeronautics: Class version 65 required is higher than the class version supported by the current version of Mixin (JAVA_18 supports class version 62)
[28серп.2026 07:53:33.567] [main/INFO] [mixin/]: Mixing MinecraftMixin from flywheel.impl.mixins.json into net.minecraft.client.Minecraft
[28серп.2026 07:53:33.569] [main/INFO] [mixin/]: Mixing client.WindowResizeMixin from ponder-common.mixins.json into net.minecraft.client.Minecraft
[28серп.2026 07:53:33.569] [main/WARN] [mixin/]: ponder-common.mixins.json:client.WindowResizeMixin from mod ponder: Class version 65 required is higher than the class version supported by the current version of Mixin (JAVA_17 supports class version 61)
[28серп.2026 07:53:33.570] [main/INFO] [mixin/]: Mixing accessor.MinecraftAccessor from create.mixins.json into net.minecraft.client.Minecraft
[28серп.2026 07:53:33.574] [main/INFO] [mixin/]: Mixing camera.new_camera_types.MinecraftMixin from sable.mixins.json into net.minecraft.client.Minecraft
[28серп.2026 07:53:33.581] [main/INFO] [mixin/]: Mixing plot.MinecraftMixin from sable.mixins.json into net.minecraft.client.Minecraft
[28серп.2026 07:53:33.584] [main/INFO] [mixin/]: Mixing punching.MinecraftMixin from sable.mixins.json into net.minecraft.client.Minecraft
[28серп.2026 07:53:33.653] [main/INFO] [mixin/]: Mixing client.DebugMainMixin from veil.debug.mixins.json into net.minecraft.client.main.Main
[28серп.2026 07:53:33.653] [main/INFO] [mixin/]: Renaming synthetic method lambda$preMain$0(Ljava/util/concurrent/atomic/AtomicBoolean;)V to md504d38$veil$lambda$preMain$0$0 in veil.debug.mixins.json:client.DebugMainMixin from mod veil
[28серп.2026 07:53:33.772] [main/INFO] [mixin/]: Mixing accessor.NbtAccounterAccessor from create.mixins.json into net.minecraft.nbt.NbtAccounter
[28серп.2026 07:53:33.842] [main/INFO] [mixin/]: Mixing datafixer.BlockPosFormatAndRenamesFixMixin from create.mixins.json into net.minecraft.util.datafix.fixes.BlockPosFormatAndRenamesFix
[28серп.2026 07:53:33.843] [main/INFO] [mixin/]: Renaming synthetic method lambda$create$addFixers$2(Lcom/mojang/datafixers/OpticFinder;Lcom/simibubi/create/foundation/utility/DataFixerHelper$BlockPosFixer;Lcom/mojang/datafixers/Typed;)Lcom/mojang/datafixers/Typed; to md504d38$create$lambda$create$addFixers$2$0 in create.mixins.json:datafixer.BlockPosFormatAndRenamesFixMixin from mod create
[28серп.2026 07:53:33.843] [main/INFO] [mixin/]: Renaming synthetic method lambda$create$addFixers$1(Lcom/simibubi/create/foundation/utility/DataFixerHelper$BlockPosFixer;Lcom/mojang/datafixers/Typed;)Lcom/mojang/datafixers/Typed; to md504d38$create$lambda$create$addFixers$1$1 in create.mixins.json:datafixer.BlockPosFormatAndRenamesFixMixin from mod create
[28серп.2026 07:53:33.843] [main/INFO] [mixin/]: Renaming synthetic method lambda$create$addFixers$0(Lcom/simibubi/create/foundation/utility/DataFixerHelper$BlockPosFixer;Lcom/mojang/serialization/Dynamic;)Lcom/mojang/serialization/Dynamic; to md504d38$create$lambda$create$addFixers$0$2 in create.mixins.json:datafixer.BlockPosFormatAndRenamesFixMixin from mod create
[28серп.2026 07:53:33.853] [main/INFO] [mixin/]: Mixing datafixer.ItemStackComponentizationFixMixin from create.mixins.json into net.minecraft.util.datafix.fixes.ItemStackComponentizationFix
[28серп.2026 07:53:33.853] [main/INFO] [mixin/]: Renaming synthetic method lambda$create$moveItemStackHandlerToItemContainerContents$4(Lcom/mojang/serialization/Dynamic;Lnet/minecraft/util/datafix/fixes/ItemStackComponentizationFix$ItemStackData;Ljava/lang/String;Lcom/mojang/serialization/Dynamic;)V to md504d38$create$lambda$create$moveItemStackHandlerToItemContainerContents$4$0 in create.mixins.json:datafixer.ItemStackComponentizationFixMixin from mod create
[28серп.2026 07:53:33.854] [main/INFO] [mixin/]: Renaming synthetic method lambda$create$moveItemStackHandlerToItemContainerContents$3(Lcom/mojang/serialization/Dynamic;Ljava/util/List;Lcom/mojang/serialization/Dynamic;)V to md504d38$create$lambda$create$moveItemStackHandlerToItemContainerContents$3$1 in create.mixins.json:datafixer.ItemStackComponentizationFixMixin from mod create
[28серп.2026 07:53:33.854] [main/INFO] [mixin/]: Renaming synthetic method lambda$create$moveTagToEnumComponent$2([Ljava/lang/Enum;Lnet/minecraft/util/datafix/fixes/ItemStackComponentizationFix$ItemStackData;Ljava/lang/String;Lcom/mojang/serialization/Dynamic;)V to md504d38$create$lambda$create$moveTagToEnumComponent$2$2 in create.mixins.json:datafixer.ItemStackComponentizationFixMixin from mod create
[28серп.2026 07:53:33.854] [main/INFO] [mixin/]: Renaming synthetic method lambda$create$fixItemsAndTranslateNBTIntoComponents$1(Lnet/minecraft/util/datafix/fixes/ItemStackComponentizationFix$ItemStackData;Lcom/mojang/serialization/Dynamic;)V to md504d38$create$lambda$create$fixItemsAndTranslateNBTIntoComponents$1$3 in create.mixins.json:datafixer.ItemStackComponentizationFixMixin from mod create
[28серп.2026 07:53:33.854] [main/INFO] [mixin/]: Renaming synthetic method lambda$create$fixItemsAndTranslateNBTIntoComponents$0(Lcom/mojang/serialization/Dynamic;Lnet/minecraft/util/datafix/fixes/ItemStackComponentizationFix$ItemStackData;Lcom/mojang/serialization/Dynamic;)V to md504d38$create$lambda$create$fixItemsAndTranslateNBTIntoComponents$0$4 in create.mixins.json:datafixer.ItemStackComponentizationFixMixin from mod create
[28серп.2026 07:53:34.039] [main/INFO] [mixin/]: Mixing datafixer.V1460Mixin from create.mixins.json into net.minecraft.util.datafix.schemas.V1460
[28серп.2026 07:53:34.198] [main/INFO] [mixin/]: Mixing accessor.SystemReportAccessor from create.mixins.json into net.minecraft.SystemReport
[28серп.2026 07:53:34.199] [main/INFO] [mixin/]: Renaming @Accessor method getOPERATING_SYSTEM()Ljava/lang/String; to getOPERATING_SYSTEM$create_$md$504d38$0 in create.mixins.json:accessor.SystemReportAccessor from mod create
[28серп.2026 07:53:34.199] [main/INFO] [mixin/]: Renaming @Accessor method getJAVA_VERSION()Ljava/lang/String; to getJAVA_VERSION$create_$md$504d38$1 in create.mixins.json:accessor.SystemReportAccessor from mod create
[28серп.2026 07:53:34.343] [Datafixer Bootstrap/INFO] [com.mojang.datafixers.DataFixerBuilder/]: 229 Datafixer optimizations took 150 milliseconds
[28серп.2026 07:53:34.506] [pool-23-thread-1/INFO] [mixin/]: Mixing BuiltInRegistriesMixin from create.mixins.json into net.minecraft.core.registries.BuiltInRegistries
[28серп.2026 07:53:34.507] [pool-23-thread-1/INFO] [mixin/]: Renaming synthetic method lambda$create$ourRegistriesAreNotEmpty$0(Ljava/util/function/Consumer;Lnet/minecraft/core/Registry;)V to md504d38$create$lambda$create$ourRegistriesAreNotEmpty$0$0 in create.mixins.json:BuiltInRegistriesMixin from mod create
[28серп.2026 07:53:34.515] [pool-23-thread-1/INFO] [mixin/]: Mixing accessor.MappedRegistryAccessor from create.mixins.json into net.minecraft.core.MappedRegistry
[28серп.2026 07:53:34.515] [pool-23-thread-1/INFO] [mixin/]: Mixing MappedRegistryAccessor from neoforge.mixins.json into net.minecraft.core.MappedRegistry
[28серп.2026 07:53:34.521] [pool-23-thread-1/INFO] [mixin/]: Mixing RegistriesMixin from veil.neoforge.mixins.json into net.minecraft.core.registries.Registries
[28серп.2026 07:53:34.539] [pool-23-thread-1/INFO] [mixin/]: Mixing command.ArgumentTypeInfosMixin from sable.mixins.json into net.minecraft.commands.synchronization.ArgumentTypeInfos
[28серп.2026 07:53:34.553] [pool-23-thread-1/INFO] [mixin/]: Mixing creative_tab_sections.CreativeModeTabMixin from simulated.mixins.json into net.minecraft.world.item.CreativeModeTab
[28серп.2026 07:53:34.570] [pool-23-thread-1/INFO] [mixin/]: Mixing accessor.CreateBlockEntityBuilderAccessor from simulated.mixins.json into com.simibubi.create.foundation.data.CreateBlockEntityBuilder
[28серп.2026 07:53:34.601] [pool-23-thread-1/INFO] [mixin/]: Mixing levitite.BlockMixin from aeronautics.mixins.json into net.minecraft.world.level.block.Block
[28серп.2026 07:53:34.602] [pool-23-thread-1/INFO] [mixin/]: Mixing BlockMixin from create.mixins.json into net.minecraft.world.level.block.Block
[28серп.2026 07:53:34.602] [pool-23-thread-1/INFO] [mixin/]: Mixing entity.entity_kicking.BlockMixin from sable.mixins.json into net.minecraft.world.level.block.Block
[28серп.2026 07:53:34.602] [pool-23-thread-1/INFO] [mixin/]: Renaming synthetic method lambda$sable$popResourceFromFace$0(Lnet/minecraft/world/level/Level;DDDLnet/minecraft/world/item/ItemStack;Ldev/ryanhcode/sable/sublevel/SubLevel;)Lnet/minecraft/world/entity/item/ItemEntity; to md504d38$sable$lambda$sable$popResourceFromFace$0$0 in sable.mixins.json:entity.entity_kicking.BlockMixin from mod sable
[28серп.2026 07:53:34.604] [pool-23-thread-1/INFO] [mixin/]: Mixing entity.entity_rotations_and_riding.BlockMixin from sable.mixins.json into net.minecraft.world.level.block.Block
[28серп.2026 07:53:34.629] [pool-23-thread-1/INFO] [mixin/]: Mixing accessor.BlockBehaviourAccessor from simulated.mixins.json into net.minecraft.world.level.block.state.BlockBehaviour
[28серп.2026 07:53:34.630] [pool-23-thread-1/INFO] [mixin/]: Mixing BlockMixin from cbcatfix.mixins.json into net.minecraft.world.level.block.state.BlockBehaviour
[28серп.2026 07:53:34.632] [pool-23-thread-1/INFO] [mixin/]: Mixing accessor.BlockBehaviourAccessor from create.mixins.json into net.minecraft.world.level.block.state.BlockBehaviour
[28серп.2026 07:53:34.643] [pool-23-thread-1/INFO] [mixin/]: Mixing EntityTypeMixin from flywheel.impl.mixins.json into net.minecraft.world.entity.EntityType
[28серп.2026 07:53:34.643] [pool-23-thread-1/INFO] [mixin/]: Mixing entity.entity_rotations_and_riding.EntityTypeMixin from sable.mixins.json into net.minecraft.world.entity.EntityType
[28серп.2026 07:53:34.655] [pool-23-thread-1/INFO] [mixin/]: Mixing punching.ItemInvoker from sable.mixins.json into net.minecraft.world.item.Item
[28серп.2026 07:53:34.656] [pool-23-thread-1/INFO] [mixin/]: Renaming @Invoker method sable$getPlayerPOVHitResult(Lnet/minecraft/world/level/Level;Lnet/minecraft/world/entity/player/Player;Lnet/minecraft/world/level/ClipContext$Fluid;)Lnet/minecraft/world/phys/BlockHitResult; to getPlayerPOVHitResult$sable_$md$504d38$0 in sable.mixins.json:punching.ItemInvoker from mod sable
[28серп.2026 07:53:34.663] [pool-23-thread-1/INFO] [mixin/]: Mixing player.PlayerMixin from simulated.mixins.json into net.minecraft.world.entity.player.Player
[28серп.2026 07:53:34.664] [pool-23-thread-1/INFO] [mixin/]: Mixing PlayerMiningMixin from cbcatfix.mixins.json into net.minecraft.world.entity.player.Player
[28серп.2026 07:53:34.664] [pool-23-thread-1/INFO] [mixin/]: Renaming synthetic method lambda$cbcatfix$hasSilkTouch$0(Lit/unimi/dsi/fastutil/objects/Object2IntMap$Entry;)Z to md504d38$cbcatfix$lambda$cbcatfix$hasSilkTouch$0$0 in cbcatfix.mixins.json:PlayerMiningMixin from mod cbcatfix
[28серп.2026 07:53:34.666] [pool-23-thread-1/INFO] [mixin/]: Mixing PlayerMixin from createbigcannons.mixins.json into net.minecraft.world.entity.player.Player
[28серп.2026 07:53:34.666] [pool-23-thread-1/WARN] [mixin/]: createbigcannons.mixins.json:PlayerMixin from mod createbigcannons: Class version 65 required is higher than the class version supported by the current version of Mixin (JAVA_17 supports class version 61)
[28серп.2026 07:53:34.666] [pool-23-thread-1/INFO] [mixin/]: Mixing entity.entity_rotations_and_riding.PlayerMixin from sable.mixins.json into net.minecraft.world.entity.player.Player
[28серп.2026 07:53:34.668] [pool-23-thread-1/INFO] [mixin/]: Mixing entity.entity_sublevel_collision.PlayerMixin from sable.mixins.json into net.minecraft.world.entity.player.Player
[28серп.2026 07:53:34.672] [pool-23-thread-1/INFO] [mixin/]: Mixing interaction_distance.PlayerMixin from sable.mixins.json into net.minecraft.world.entity.player.Player
[28серп.2026 07:53:34.673] [pool-23-thread-1/INFO] [mixin/]: Mixing player_freezing.PlayerMixin from sable.mixins.json into net.minecraft.world.entity.player.Player
[28серп.2026 07:53:34.675] [pool-23-thread-1/INFO] [mixin/]: Mixing player_standup.PlayerMixin from sable.mixins.json into net.minecraft.world.entity.player.Player
[28серп.2026 07:53:34.675] [pool-23-thread-1/INFO] [mixin/]: Mixing PlayerMixin from create.mixins.json into net.minecraft.world.entity.player.Player
[28серп.2026 07:53:34.703] [pool-23-thread-1/INFO] [mixin/]: Mixing CustomItemUseEffectsMixin from create.mixins.json into net.minecraft.world.entity.LivingEntity
[28серп.2026 07:53:34.704] [pool-23-thread-1/INFO] [mixin/]: Mixing LavaSwimmingMixin from create.mixins.json into net.minecraft.world.entity.LivingEntity
[28серп.2026 07:53:34.706] [pool-23-thread-1/INFO] [mixin/]: Mixing accessor.LivingEntityAccessor from create.mixins.json into net.minecraft.world.entity.LivingEntity
[28серп.2026 07:53:34.706] [pool-23-thread-1/INFO] [mixin/]: Mixing climbing_sub_levels.LivingEntityMixin from sable.mixins.json into net.minecraft.world.entity.LivingEntity
[28серп.2026 07:53:34.708] [pool-23-thread-1/INFO] [mixin/]: Mixing entity.entities_stick_sublevels.LivingEntityMixin from sable.mixins.json into net.minecraft.world.entity.LivingEntity
[28серп.2026 07:53:34.711] [pool-23-thread-1/INFO] [mixin/]: Mixing entity.entities_stick_sublevels.effects.LivingEntityMixin from sable.mixins.json into net.minecraft.world.entity.LivingEntity
[28серп.2026 07:53:34.711] [pool-23-thread-1/INFO] [mixin/]: Mixing entity.entity_rotations_and_riding.LivingEntityMixin from sable.mixins.json into net.minecraft.world.entity.LivingEntity
[28серп.2026 07:53:34.713] [pool-23-thread-1/INFO] [mixin/]: Mixing entity.entity_sublevel_collision.LivingEntityMixin from sable.mixins.json into net.minecraft.world.entity.LivingEntity
[28серп.2026 07:53:34.717] [pool-23-thread-1/INFO] [mixin/]: Mixing respawn_point.sleeping.LivingEntityMixin from sable.mixins.json into net.minecraft.world.entity.LivingEntity
[28серп.2026 07:53:34.718] [pool-23-thread-1/INFO] [mixin/]: Mixing entities_stick_sublevels.effects.LivingEntityMixin from sable-neoforge.mixins.json into net.minecraft.world.entity.LivingEntity
[28серп.2026 07:53:34.751] [pool-23-thread-1/INFO] [mixin/]: Mixing entity.entity_swimming.EntityMixin from sable-neoforge.mixins.json into net.minecraft.world.entity.Entity
[28серп.2026 07:53:34.751] [pool-23-thread-1/INFO] [mixin/]: Renaming synthetic method lambda$updateFluidHeightAndDoFluidPushing$2(Lnet/neoforged/neoforge/fluids/FluidType;Ldev/ryanhcode/sable/neoforge/mixinhelper/entity/SableInterimCalculation;)V to md504d38$sable$lambda$updateFluidHeightAndDoFluidPushing$2$0 in sable-neoforge.mixins.json:entity.entity_swimming.EntityMixin from mod sable
[28серп.2026 07:53:34.751] [pool-23-thread-1/INFO] [mixin/]: Renaming synthetic method lambda$updateFluidHeightAndDoFluidPushing$1(Ljava/lang/Object;)Ldev/ryanhcode/sable/neoforge/mixinhelper/entity/SableInterimCalculation; to md504d38$sable$lambda$updateFluidHeightAndDoFluidPushing$1$1 in sable-neoforge.mixins.json:entity.entity_swimming.EntityMixin from mod sable
[28серп.2026 07:53:34.751] [pool-23-thread-1/INFO] [mixin/]: Renaming synthetic method lambda$updateFluidHeightAndDoFluidPushing$0(Ljava/lang/Object;)Ldev/ryanhcode/sable/neoforge/mixinhelper/entity/SableInterimCalculation; to md504d38$sable$lambda$updateFluidHeightAndDoFluidPushing$0$2 in sable-neoforge.mixins.json:entity.entity_swimming.EntityMixin from mod sable
[28серп.2026 07:53:34.758] [pool-23-thread-1/INFO] [mixin/]: Mixing client.QuasarEntityMixin from veil.quasar.mixins.json into net.minecraft.world.entity.Entity
[28серп.2026 07:53:34.759] [pool-23-thread-1/INFO] [mixin/]: Mixing spring_item_bounce.EntityMixin from simulated.mixins.json into net.minecraft.world.entity.Entity
[28серп.2026 07:53:34.761] [pool-23-thread-1/INFO] [mixin/]: Mixing EntityMixin from createbigcannons.mixins.json into net.minecraft.world.entity.Entity
[28серп.2026 07:53:34.762] [pool-23-thread-1/INFO] [mixin/]: Mixing client.EntityClientMixin from createbigcannons.mixins.json into net.minecraft.world.entity.Entity
[28серп.2026 07:53:34.762] [pool-23-thread-1/INFO] [mixin/]: Renaming @Unique field selfLnet/minecraft/world/entity/Entity; to fd504d38$createbigcannons$self$0 in createbigcannons.mixins.json:client.EntityClientMixin from mod createbigcannons
[28серп.2026 07:53:34.763] [pool-23-thread-1/INFO] [mixin/]: Mixing accessor.EntityAccessor from ponder-common.mixins.json into net.minecraft.world.entity.Entity
[28серп.2026 07:53:34.763] [pool-23-thread-1/INFO] [mixin/]: Mixing client.EntityContraptionInteractionMixin from create.mixins.json into net.minecraft.world.entity.Entity
[28серп.2026 07:53:34.764] [pool-23-thread-1/INFO] [mixin/]: Renaming synthetic method lambda$create$onSpawnSprintParticle$4(Lnet/minecraft/world/entity/Entity;Lnet/minecraft/core/BlockPos;Lcom/simibubi/create/content/contraptions/Contraption;Lnet/minecraft/world/level/block/state/BlockState;Lnet/minecraft/core/BlockPos;)V to md504d38$create$lambda$create$onSpawnSprintParticle$4$3 in create.mixins.json:client.EntityContraptionInteractionMixin from mod create
[28серп.2026 07:53:34.764] [pool-23-thread-1/INFO] [mixin/]: Renaming synthetic method lambda$create$onMove$3(Lnet/minecraft/world/phys/Vec3;Lnet/minecraft/world/entity/Entity;Lcom/simibubi/create/content/contraptions/AbstractContraptionEntity;)Z to md504d38$create$lambda$create$onMove$3$4 in create.mixins.json:client.EntityContraptionInteractionMixin from mod create
[28серп.2026 07:53:34.764] [pool-23-thread-1/INFO] [mixin/]: Renaming synthetic method lambda$create$contraptionStepSounds$2(Lorg/apache/commons/lang3/mutable/MutableBoolean;Lcom/simibubi/create/content/contraptions/Contraption;Lnet/minecraft/world/level/block/state/BlockState;Lnet/minecraft/core/BlockPos;)V to md504d38$create$lambda$create$contraptionStepSounds$2$5 in create.mixins.json:client.EntityContraptionInteractionMixin from mod create
[28серп.2026 07:53:34.764] [pool-23-thread-1/INFO] [mixin/]: Renaming synthetic method lambda$create$forCollision$1(Lnet/minecraft/world/phys/Vec3;Lorg/apache/logging/log4j/util/TriConsumer;Lcom/simibubi/create/content/contraptions/AbstractContraptionEntity;)V to md504d38$create$lambda$create$forCollision$1$6 in create.mixins.json:client.EntityContraptionInteractionMixin from mod create
[28серп.2026 07:53:34.764] [pool-23-thread-1/INFO] [mixin/]: Renaming synthetic method lambda$create$getIntersectionContraptionsStream$0(Lcom/simibubi/create/content/contraptions/AbstractContraptionEntity;)Z to md504d38$create$lambda$create$getIntersectionContraptionsStream$0$7 in create.mixins.json:client.EntityContraptionInteractionMixin from mod create
[28серп.2026 07:53:34.767] [pool-23-thread-1/INFO] [mixin/]: Mixing clip_overwrite.EntityMixin from sable.mixins.json into net.minecraft.world.entity.Entity
[28серп.2026 07:53:34.767] [pool-23-thread-1/INFO] [mixin/]: Mixing death_message.EntityMixin from sable.mixins.json into net.minecraft.world.entity.Entity
[28серп.2026 07:53:34.768] [pool-23-thread-1/INFO] [mixin/]: Mixing entity.entities_in_blocks.EntityMixin from sable.mixins.json into net.minecraft.world.entity.Entity
[28серп.2026 07:53:34.769] [pool-23-thread-1/INFO] [mixin/]: Mixing entity.entities_stick_sublevels.EntityMixin from sable.mixins.json into net.minecraft.world.entity.Entity
[28серп.2026 07:53:34.770] [pool-23-thread-1/INFO] [mixin/]: Mixing entity.entities_stick_sublevels.effects.EntityMixin from sable.mixins.json into net.minecraft.world.entity.Entity
[28серп.2026 07:53:34.772] [pool-23-thread-1/INFO] [mixin/]: Mixing entity.entity_collision.EntityMixin from sable.mixins.json into net.minecraft.world.entity.Entity
[28серп.2026 07:53:34.773] [pool-23-thread-1/INFO] [mixin/]: Mixing entity.entity_rotations_and_riding.EntityMixin from sable.mixins.json into net.minecraft.world.entity.Entity
[28серп.2026 07:53:34.774] [pool-23-thread-1/INFO] [mixin/]: Mixing extension.EntityMixin from sable.mixins.json into net.minecraft.world.entity.Entity
[28серп.2026 07:53:34.775] [pool-23-thread-1/INFO] [mixin/]: Mixing interaction_distance.EntityMixin from sable.mixins.json into net.minecraft.world.entity.Entity
[28серп.2026 07:53:34.775] [pool-23-thread-1/INFO] [mixin/]: Mixing portal.EntityMixin from sable.mixins.json into net.minecraft.world.entity.Entity
[28серп.2026 07:53:34.776] [pool-23-thread-1/INFO] [mixin/]: Mixing tracking_points.EntityMixin from sable.mixins.json into net.minecraft.world.entity.Entity
[28серп.2026 07:53:34.776] [pool-23-thread-1/INFO] [mixin/]: Mixing water_occlusion.EntityMixin from sable.mixins.json into net.minecraft.world.entity.Entity
[28серп.2026 07:53:34.777] [pool-23-thread-1/INFO] [mixin/]: Mixing camera.camera_rotation.EntityMixin from sable.mixins.json into net.minecraft.world.entity.Entity
[28серп.2026 07:53:34.777] [pool-23-thread-1/INFO] [mixin/]: Mixing entity.entity_sublevel_collision.EntityMixin from sable.mixins.json into net.minecraft.world.entity.Entity
[28серп.2026 07:53:34.780] [pool-23-thread-1/INFO] [mixin/]: Mixing EntityMixin from create.mixins.json into net.minecraft.world.entity.Entity
[28серп.2026 07:53:34.827] [pool-23-thread-1/INFO] [mixin/]: Mixing NetworkServerPlayerMixin from veil.network.mixins.json into net.minecraft.server.level.ServerPlayer
[28серп.2026 07:53:34.828] [pool-23-thread-1/INFO] [mixin/]: Mixing entity.entities_stick_sublevels.player.ServerPlayerMixin from sable.mixins.json into net.minecraft.server.level.ServerPlayer
[28серп.2026 07:53:34.828] [pool-23-thread-1/INFO] [mixin/]: Mixing entity.entity_rotations_and_riding.ServerPlayerMixin from sable.mixins.json into net.minecraft.server.level.ServerPlayer
[28серп.2026 07:53:34.830] [pool-23-thread-1/INFO] [mixin/]: Mixing entity.teleport_players.ServerPlayerMixin from sable.mixins.json into net.minecraft.server.level.ServerPlayer
[28серп.2026 07:53:34.830] [pool-23-thread-1/INFO] [mixin/]: Mixing player_freezing.ServerPlayerMixin from sable.mixins.json into net.minecraft.server.level.ServerPlayer
[28серп.2026 07:53:34.831] [pool-23-thread-1/INFO] [mixin/]: Mixing respawn_point.ServerPlayerMixin from sable.mixins.json into net.minecraft.server.level.ServerPlayer
[28серп.2026 07:53:34.834] [pool-23-thread-1/INFO] [mixin/]: Mixing respawn_point.sleeping.ServerPlayerMixin from sable.mixins.json into net.minecraft.server.level.ServerPlayer
[28серп.2026 07:53:34.834] [pool-23-thread-1/INFO] [mixin/]: Mixing tracking_points.ServerPlayerMixin from sable.mixins.json into net.minecraft.server.level.ServerPlayer
[28серп.2026 07:53:34.849] [pool-23-thread-1/INFO] [mixin/]: Mixing compatibility.create.redstone_links.RedstoneLinkNetworkHandlerMixin from sable-neoforge.mixins.json into com.simibubi.create.content.redstone.link.RedstoneLinkNetworkHandler
[28серп.2026 07:53:34.876] [pool-23-thread-1/INFO] [mixin/]: Mixing BlockStateBaseMixin from cbcatfix.mixins.json into net.minecraft.world.level.block.state.BlockBehaviour$BlockStateBase
[28серп.2026 07:53:34.879] [pool-23-thread-1/INFO] [mixin/]: Mixing accessor.StateHolderAccessor from create.mixins.json into net.minecraft.world.level.block.state.StateHolder
[28серп.2026 07:53:34.883] [pool-23-thread-1/INFO] [mixin/]: Mixing block_properties.BlockStateMixin from sable.mixins.json into net.minecraft.world.level.block.state.BlockState
[28серп.2026 07:53:34.891] [pool-23-thread-1/INFO] [mixin/]: Mixing clip_overwrite.BlockGetterMixin from sable.mixins.json into net.minecraft.world.level.BlockGetter
[28серп.2026 07:53:34.892] [pool-23-thread-1/INFO] [mixin/]: Renaming synthetic method lambda$originalClip$1(Lnet/minecraft/world/level/ClipContext;)Lnet/minecraft/world/phys/BlockHitResult; to md504d38$sable$lambda$originalClip$1$0 in sable.mixins.json:clip_overwrite.BlockGetterMixin from mod sable
[28серп.2026 07:53:34.892] [pool-23-thread-1/INFO] [mixin/]: Renaming synthetic method lambda$originalClip$0(Lnet/minecraft/world/level/BlockGetter;Lnet/minecraft/world/level/ClipContext;Lnet/minecraft/core/BlockPos;)Lnet/minecraft/world/phys/BlockHitResult; to md504d38$sable$lambda$originalClip$0$1 in sable.mixins.json:clip_overwrite.BlockGetterMixin from mod sable
[28серп.2026 07:53:34.899] [pool-23-thread-1/INFO] [mixin/]: Mixing block_placement.EntityGetterMixin from sable.mixins.json into net.minecraft.world.level.EntityGetter
[28серп.2026 07:53:34.902] [pool-23-thread-1/INFO] [mixin/]: Mixing plot.lighting.BlockAndTintGetterMixin from sable.mixins.json into net.minecraft.world.level.BlockAndTintGetter
[28серп.2026 07:53:34.911] [pool-23-thread-1/INFO] [mixin/]: Mixing LevelMixin from flywheel.impl.mixins.json into net.minecraft.world.level.Level
[28серп.2026 07:53:34.911] [pool-23-thread-1/INFO] [mixin/]: Mixing entity.entity_sublevel_collision.LevelMixin from sable.mixins.json into net.minecraft.world.level.Level
[28серп.2026 07:53:34.912] [pool-23-thread-1/INFO] [mixin/]: Mixing world_border.LevelMixin from sable.mixins.json into net.minecraft.world.level.Level
[28серп.2026 07:53:34.912] [pool-23-thread-1/INFO] [mixin/]: Mixing compatibility.create.super_glue.LevelAccessor from sable-neoforge.mixins.json into net.minecraft.world.level.Level
[28серп.2026 07:53:34.920] [pool-23-thread-1/INFO] [mixin/]: Mixing NetworkServerLevelMixin from veil.network.mixins.json into net.minecraft.server.level.ServerLevel
[28серп.2026 07:53:34.921] [pool-23-thread-1/INFO] [mixin/]: Mixing ServerLevelMixin from createbigcannons.mixins.json into net.minecraft.server.level.ServerLevel
[28серп.2026 07:53:34.921] [pool-23-thread-1/INFO] [mixin/]: Mixing accessor.ServerLevelAccessor from create.mixins.json into net.minecraft.server.level.ServerLevel
[28серп.2026 07:53:34.922] [pool-23-thread-1/INFO] [mixin/]: Mixing block_decal_render.ServerLevelMixin from sable.mixins.json into net.minecraft.server.level.ServerLevel
[28серп.2026 07:53:34.922] [pool-23-thread-1/INFO] [mixin/]: Mixing entity.entity_aabb_lookup.LevelsMixin from sable.mixins.json into net.minecraft.server.level.ServerLevel
[28серп.2026 07:53:34.922] [pool-23-thread-1/INFO] [mixin/]: Mixing entity.entity_kicking.ServerLevelMixin from sable.mixins.json into net.minecraft.server.level.ServerLevel
[28серп.2026 07:53:34.923] [pool-23-thread-1/INFO] [mixin/]: Mixing entity.server_entities_tick.ServerLevelMixin from sable.mixins.json into net.minecraft.server.level.ServerLevel
[28серп.2026 07:53:34.923] [pool-23-thread-1/INFO] [mixin/]: Mixing explosion.ServerLevelMixin from sable.mixins.json into net.minecraft.server.level.ServerLevel
[28серп.2026 07:53:34.924] [pool-23-thread-1/INFO] [mixin/]: Mixing particle.ServerLevelMixin from sable.mixins.json into net.minecraft.server.level.ServerLevel
[28серп.2026 07:53:34.924] [pool-23-thread-1/INFO] [mixin/]: Mixing physics.ServerLevelMixin from sable.mixins.json into net.minecraft.server.level.ServerLevel
[28серп.2026 07:53:34.924] [pool-23-thread-1/INFO] [mixin/]: Mixing plot.LevelsMixin from sable.mixins.json into net.minecraft.server.level.ServerLevel
[28серп.2026 07:53:34.925] [pool-23-thread-1/INFO] [mixin/]: Mixing plot.ServerLevelMixin from sable.mixins.json into net.minecraft.server.level.ServerLevel
[28серп.2026 07:53:34.927] [pool-23-thread-1/INFO] [mixin/]: Mixing water_occlusion.LevelsMixin from sable.mixins.json into net.minecraft.server.level.ServerLevel
[28серп.2026 07:53:34.944] [pool-23-thread-1/INFO] [mixin/]: Mixing item_converter.ItemEntityMixin from aeronautics.mixins.json into net.minecraft.world.entity.item.ItemEntity
[28серп.2026 07:53:34.944] [pool-23-thread-1/INFO] [mixin/]: Mixing levitite.ItemEntityMixin from aeronautics.mixins.json into net.minecraft.world.entity.item.ItemEntity
[28серп.2026 07:53:34.946] [pool-23-thread-1/INFO] [mixin/]: Mixing entity.entity_sublevel_collision.ItemEntityMixin from sable.mixins.json into net.minecraft.world.entity.item.ItemEntity
[28серп.2026 07:53:34.969] [pool-23-thread-1/INFO] [mixin/]: Mixing voxel_shape_iteration.DiscreteVoxelShapeAccessor from sable.mixins.json into net.minecraft.world.phys.shapes.DiscreteVoxelShape
[28серп.2026 07:53:34.973] [pool-23-thread-1/INFO] [mixin/]: Mixing voxel_shape_iteration.BitSetDiscreteVoxelShapeAccessor from sable.mixins.json into net.minecraft.world.phys.shapes.BitSetDiscreteVoxelShape
[28серп.2026 07:53:34.975] [pool-23-thread-1/INFO] [mixin/]: Mixing voxel_shape_iteration.VoxelShapeMixin from sable.mixins.json into net.minecraft.world.phys.shapes.VoxelShape
[28серп.2026 07:53:35.046] [pool-23-thread-1/INFO] [mixin/]: Mixing accessor.DispenserBlockAccessor from create.mixins.json into net.minecraft.world.level.block.DispenserBlock
[28серп.2026 07:53:35.053] [pool-23-thread-1/INFO] [mixin/]: Mixing impact.TntBlockMixin from sable.mixins.json into net.minecraft.world.level.block.TntBlock
[28серп.2026 07:53:35.058] [pool-23-thread-1/INFO] [mixin/]: Mixing accessor.CropBlockAccessor from create.mixins.json into net.minecraft.world.level.block.CropBlock
[28серп.2026 07:53:35.069] [pool-23-thread-1/INFO] [mixin/]: Mixing portal.NetherPortalBlockMixin from sable.mixins.json into net.minecraft.world.level.block.NetherPortalBlock
[28серп.2026 07:53:35.079] [pool-23-thread-1/INFO] [mixin/]: Mixing prevent_overgrowth.VineBlockMixin from sable.mixins.json into net.minecraft.world.level.block.VineBlock
[28серп.2026 07:53:35.093] [pool-23-thread-1/INFO] [mixin/]: Mixing torsion_spring.ComparatorBlockMixin from simulated.mixins.json into net.minecraft.world.level.block.ComparatorBlock
[28серп.2026 07:53:35.103] [pool-23-thread-1/INFO] [mixin/]: Mixing accessor.ConcretePowderBlockAccessor from create.mixins.json into net.minecraft.world.level.block.ConcretePowderBlock
[28серп.2026 07:53:35.114] [pool-23-thread-1/INFO] [mixin/]: Mixing impact.BellBlockMixin from sable.mixins.json into net.minecraft.world.level.block.BellBlock
[28серп.2026 07:53:35.120] [pool-23-thread-1/INFO] [mixin/]: Mixing BeehiveBlockMixin from create.mixins.json into net.minecraft.world.level.block.BeehiveBlock
[28серп.2026 07:53:35.120] [pool-23-thread-1/INFO] [mixin/]: Mixing impact.BeehiveBlockMixin from sable.mixins.json into net.minecraft.world.level.block.BeehiveBlock
[28серп.2026 07:53:35.161] [pool-23-thread-1/INFO] [mixin/]: Mixing water_occlusion.WaterFluidMixin from sable.mixins.json into net.minecraft.world.level.material.WaterFluid
[28серп.2026 07:53:35.164] [pool-23-thread-1/INFO] [mixin/]: Mixing WaterWheelFluidSpreadMixin from create.mixins.json into net.minecraft.world.level.material.FlowingFluid
[28серп.2026 07:53:35.167] [pool-23-thread-1/INFO] [mixin/]: Mixing accessor.FlowingFluidAccessor from create.mixins.json into net.minecraft.world.level.material.FlowingFluid
[28серп.2026 07:53:35.167] [pool-23-thread-1/INFO] [mixin/]: Mixing fluids_on_sub_levels.FlowingFluidMixin from sable.mixins.json into net.minecraft.world.level.material.FlowingFluid
[28серп.2026 07:53:35.214] [pool-23-thread-1/INFO] [mixin/]: Mixing accessor.FallingBlockEntityAccessor from create.mixins.json into net.minecraft.world.entity.item.FallingBlockEntity
[28серп.2026 07:53:35.214] [pool-23-thread-1/INFO] [mixin/]: Renaming @Invoker method create$callInit(Lnet/minecraft/world/level/Level;DDDLnet/minecraft/world/level/block/state/BlockState;)Lnet/minecraft/world/entity/item/FallingBlockEntity; to callInit$create_$md$504d38$0 in create.mixins.json:accessor.FallingBlockEntityAccessor from mod create
[28серп.2026 07:53:35.214] [pool-23-thread-1/INFO] [mixin/]: Mixing entity.falling_block.FallingBlockEntityMixin from sable.mixins.json into net.minecraft.world.entity.item.FallingBlockEntity
[28серп.2026 07:53:35.219] [pool-23-thread-1/INFO] [mixin/]: Mixing visualmanage.BlockEntityMixin from flywheel.impl.mixins.json into net.minecraft.world.level.block.entity.BlockEntity
[28серп.2026 07:53:35.332] [pool-23-thread-1/INFO] [mixin/]: Mixing accessor.MobEffectInstanceAccessor from create.mixins.json into net.minecraft.world.effect.MobEffectInstance
[28серп.2026 07:53:35.351] [pool-23-thread-1/INFO] [mixin/]: Mixing MobMixin from create.mixins.json into net.minecraft.world.entity.Mob
[28серп.2026 07:53:35.352] [pool-23-thread-1/INFO] [mixin/]: Mixing entity.sublevels_block_sky.SubLevelsBlockSkyMixin from sable.mixins.json into net.minecraft.world.entity.Mob
[28серп.2026 07:53:35.358] [pool-23-thread-1/INFO] [mixin/]: Mixing entity.entity_leashing.LeashableMixin from sable.mixins.json into net.minecraft.world.entity.Leashable
[28серп.2026 07:53:35.365] [pool-23-thread-1/INFO] [mixin/]: Mixing entity.tnt_jumps.PrimedTntMixin from sable.mixins.json into net.minecraft.world.entity.item.PrimedTnt
[28серп.2026 07:53:35.385] [pool-23-thread-1/INFO] [mixin/]: Mixing BlockEntityTypeMixin from cbcatfix.mixins.json into net.minecraft.world.level.block.entity.BlockEntityType
[28серп.2026 07:53:35.387] [pool-23-thread-1/INFO] [mixin/]: Mixing BlockEntityTypeMixin from flywheel.impl.mixins.json into net.minecraft.world.level.block.entity.BlockEntityType
[28серп.2026 07:53:35.388] [pool-23-thread-1/INFO] [mixin/]: Mixing BlockEntityTypeAccessor from neoforge.mixins.json into net.minecraft.world.level.block.entity.BlockEntityType
[28серп.2026 07:53:35.415] [pool-23-thread-1/INFO] [mixin/]: Mixing assembly.AbstractFurnaceBlockEntityMixin from sable.mixins.json into net.minecraft.world.level.block.entity.AbstractFurnaceBlockEntity
[28серп.2026 07:53:35.419] [pool-23-thread-1/INFO] [mixin/]: Mixing sign_interaction.SignBlockEntityMixin from sable.mixins.json into net.minecraft.world.level.block.entity.SignBlockEntity
[28серп.2026 07:53:35.435] [pool-23-thread-1/INFO] [mixin/]: Mixing aabb.AABBMixin from simulated.mixins.json into net.minecraft.world.phys.AABB
[28серп.2026 07:53:35.436] [pool-23-thread-1/INFO] [mixin/]: Renaming @Invoker method invokeGetDirection(Lnet/minecraft/world/phys/AABB;Lnet/minecraft/world/phys/Vec3;[DLnet/minecraft/core/Direction;DDD)Lnet/minecraft/core/Direction; to invokeGetDirection$simulated_$md$504d38$0 in simulated.mixins.json:aabb.AABBMixin from mod simulated
[28серп.2026 07:53:35.441] [pool-23-thread-1/INFO] [mixin/]: Mixing entity.arrows_hit_blocks.AbstractArrowMixin from sable.mixins.json into net.minecraft.world.entity.projectile.AbstractArrow
[28серп.2026 07:53:35.447] [pool-23-thread-1/INFO] [mixin/]: Mixing entity.projectile.ProjectileMixin from sable.mixins.json into net.minecraft.world.entity.projectile.Projectile
[28серп.2026 07:53:35.486] [pool-23-thread-1/INFO] [mixin/]: Mixing enchanting_table.EnchantingTableBlockEntityMixin from sable.mixins.json into net.minecraft.world.level.block.entity.EnchantingTableBlockEntity
[28серп.2026 07:53:35.497] [pool-23-thread-1/INFO] [mixin/]: Mixing ItemStackMixin from create.mixins.json into net.minecraft.world.item.ItemStack
[28серп.2026 07:53:35.497] [pool-23-thread-1/INFO] [mixin/]: Renaming synthetic method lambda$create$migrateOldClipboardComponents$0(Lcom/simibubi/create/content/equipment/clipboard/ClipboardContent;Lnet/minecraft/util/Unit;)Lcom/simibubi/create/content/equipment/clipboard/ClipboardContent; to md504d38$create$lambda$create$migrateOldClipboardComponents$0$0 in create.mixins.json:ItemStackMixin from mod create
[28серп.2026 07:53:35.507] [pool-23-thread-1/INFO] [mixin/]: Mixing prevent_freezing.BiomeMixin from sable.mixins.json into net.minecraft.world.level.biome.Biome
[28серп.2026 07:53:35.507] [pool-23-thread-1/INFO] [mixin/]: Renaming synthetic method lambda$sable$preventFreezing$0(Lnet/minecraft/world/level/Level;Lnet/minecraft/core/BlockPos;)Z to md504d38$sable$lambda$sable$preventFreezing$0$0 in sable.mixins.json:prevent_freezing.BiomeMixin from mod sable
[28серп.2026 07:53:35.653] [pool-23-thread-1/INFO] [mixin/]: Mixing SmithingMenuMixin from create.mixins.json into net.minecraft.world.inventory.SmithingMenu
[28серп.2026 07:53:35.654] [pool-23-thread-1/INFO] [mixin/]: Renaming synthetic method lambda$create$preventUnbreakingOnBacktanks$0(Lnet/minecraft/world/item/ItemStack;Lnet/minecraft/core/Holder;)Z to md504d38$create$lambda$create$preventUnbreakingOnBacktanks$0$0 in create.mixins.json:SmithingMenuMixin from mod create
[28серп.2026 07:53:35.777] [pool-23-thread-1/INFO] [mixin/]: Mixing entity.entity_collision.CollisionContextMixin from sable.mixins.json into net.minecraft.world.phys.shapes.CollisionContext
[28серп.2026 07:53:36.048] [pool-23-thread-1/INFO] [mixin/]: Mixing BlockItemMixin from create.mixins.json into net.minecraft.world.item.BlockItem
[28серп.2026 07:53:36.058] [pool-23-thread-1/INFO] [mixin/]: Mixing lodestone_compat.CompassItemMixin from simulated.mixins.json into net.minecraft.world.item.CompassItem
[28серп.2026 07:53:36.062] [pool-23-thread-1/INFO] [mixin/]: Mixing shears_break_envelopes.ShearsItemMixin from aeronautics.mixins.json into net.minecraft.world.item.ShearsItem
[28серп.2026 07:53:36.068] [pool-23-thread-1/INFO] [mixin/]: Mixing honey_glue.ArmorStandItemMixin from simulated.mixins.json into net.minecraft.world.item.ArmorStandItem
[28серп.2026 07:53:36.068] [pool-23-thread-1/INFO] [mixin/]: Renaming synthetic method lambda$ignoreGlues$0(Lnet/minecraft/world/entity/Entity;)Z to md504d38$simulated$lambda$ignoreGlues$0$0 in simulated.mixins.json:honey_glue.ArmorStandItemMixin from mod simulated
[28серп.2026 07:53:36.137] [pool-23-thread-1/INFO] [mixin/]: Mixing ArmorTrimMixin from create.mixins.json into net.minecraft.world.item.armortrim.ArmorTrim
[28серп.2026 07:53:36.137] [pool-23-thread-1/INFO] [mixin/]: Renaming synthetic method lambda$new$0(Ljava/lang/Boolean;Lnet/minecraft/core/Holder;)Lnet/minecraft/resources/ResourceLocation; to md504d38$create$lambda$new$0$0 in create.mixins.json:ArmorTrimMixin from mod create
[28серп.2026 07:53:36.150] [pool-23-thread-1/INFO] [mixin/]: Mixing world_border.WorldBorderMixin from sable.mixins.json into net.minecraft.world.level.border.WorldBorder
[28серп.2026 07:53:36.155] [pool-23-thread-1/INFO] [mixin/]: Mixing balloon.LevelChunkMixin from aeronautics.mixins.json into net.minecraft.world.level.chunk.LevelChunk
[28серп.2026 07:53:36.157] [pool-23-thread-1/INFO] [mixin/]: Mixing visualmanage.LevelChunkMixin from flywheel.impl.mixins.json into net.minecraft.world.level.chunk.LevelChunk
[28серп.2026 07:53:36.157] [pool-23-thread-1/INFO] [mixin/]: Mixing plot.LevelChunkMixin from sable.mixins.json into net.minecraft.world.level.chunk.LevelChunk
[28серп.2026 07:53:36.158] [pool-23-thread-1/INFO] [mixin/]: Mixing plot.lighting.LevelChunkMixin from sable.mixins.json into net.minecraft.world.level.chunk.LevelChunk
[28серп.2026 07:53:36.159] [pool-23-thread-1/INFO] [mixin/]: Mixing loaded_chunk_debug.LevelChunkMixin from sable.mixins.json into net.minecraft.world.level.chunk.LevelChunk
[28серп.2026 07:53:36.189] [pool-23-thread-1/INFO] [mixin/]: Mixing block_placement.BlockPlaceContextMixin from sable.mixins.json into net.minecraft.world.item.context.BlockPlaceContext
[28серп.2026 07:53:36.195] [pool-23-thread-1/INFO] [mixin/]: Mixing accessor.UseOnContextAccessor from create.mixins.json into net.minecraft.world.item.context.UseOnContext
[28серп.2026 07:53:36.195] [pool-23-thread-1/INFO] [mixin/]: Mixing block_placement.UseOnContextMixin from sable.mixins.json into net.minecraft.world.item.context.UseOnContext
[28серп.2026 07:53:36.198] [pool-23-thread-1/INFO] [mixin/]: Mixing clip_overwrite.HitResultMixin from sable.mixins.json into net.minecraft.world.phys.HitResult
[28серп.2026 07:53:36.199] [pool-23-thread-1/INFO] [mixin/]: Mixing ExplosionMixin from createbigcannons.mixins.json into net.minecraft.world.level.Explosion
[28серп.2026 07:53:36.200] [pool-23-thread-1/INFO] [mixin/]: Mixing explosion.ExplosionMixin from sable.mixins.json into net.minecraft.world.level.Explosion
[28серп.2026 07:53:36.242] [pool-23-thread-1/INFO] [mixin/]: Mixing entity.entity_sublevel_collision.AbstractMinecartMixin from sable.mixins.json into net.minecraft.world.entity.vehicle.AbstractMinecart
[28серп.2026 07:53:36.255] [pool-23-thread-1/INFO] [mixin/]: Mixing entity.entity_pathfinding.PathNavigationMixin from sable.mixins.json into net.minecraft.world.entity.ai.navigation.PathNavigation
[28серп.2026 07:53:36.260] [pool-23-thread-1/INFO] [mixin/]: Mixing entity.entity_pathfinding.GroundPathNavigationMixin from sable.mixins.json into net.minecraft.world.entity.ai.navigation.GroundPathNavigation
[28серп.2026 07:53:36.260] [pool-23-thread-1/INFO] [mixin/]: Mixing entity.sublevels_block_sky.SubLevelsBlockSkyMixin from sable.mixins.json into net.minecraft.world.entity.ai.navigation.GroundPathNavigation
[28серп.2026 07:53:36.284] [pool-23-thread-1/INFO] [mixin/]: Mixing entity.sublevels_block_sky.SubLevelsBlockSkyMixin from sable.mixins.json into net.minecraft.world.entity.ai.goal.FleeSunGoal
[28серп.2026 07:53:36.295] [pool-23-thread-1/INFO] [mixin/]: Mixing entity.tamed_teleport.TamableAnimalMixin from sable.mixins.json into net.minecraft.world.entity.TamableAnimal
[28серп.2026 07:53:36.305] [pool-23-thread-1/INFO] [mixin/]: Mixing accessor.MinecartFurnaceAccessor from create.mixins.json into net.minecraft.world.entity.vehicle.MinecartFurnace
[28серп.2026 07:53:36.322] [pool-23-thread-1/INFO] [mixin/]: Mixing entity.trident.ThrownTridentMixin from sable.mixins.json into net.minecraft.world.entity.projectile.ThrownTrident
[28серп.2026 07:53:36.347] [pool-23-thread-1/INFO] [mixin/]: Mixing accessor.ItemFrameAccessor from create.mixins.json into net.minecraft.world.entity.decoration.ItemFrame
[28серп.2026 07:53:36.371] [pool-23-thread-1/INFO] [mixin/]: Mixing entity.parrot.ParrotMixin from sable.mixins.json into net.minecraft.world.entity.animal.Parrot
[28серп.2026 07:53:36.388] [pool-23-thread-1/INFO] [mixin/]: Mixing entity.entity_ai.EatBlockGoalMixin from sable.mixins.json into net.minecraft.world.entity.ai.goal.EatBlockGoal
[28серп.2026 07:53:36.617] [pool-23-thread-1/INFO] [mixin/]: Mixing accessor.ProjectileDispenseBehaviorAccessor from create.mixins.json into net.minecraft.core.dispenser.ProjectileDispenseBehavior
[28серп.2026 07:53:36.617] [pool-23-thread-1/INFO] [mixin/]: Mixing recoil.ProjectileDispenseBehaviorMixin from sable.mixins.json into net.minecraft.core.dispenser.ProjectileDispenseBehavior
[28серп.2026 07:53:36.654] [pool-23-thread-1/INFO] [mixin/]: Mixing accessor.ShapedRecipeAccessor from create.mixins.json into net.minecraft.world.item.crafting.ShapedRecipe
[28серп.2026 07:53:36.732] [pool-23-thread-1/INFO] [mixin/]: Mixing EnchantedCountIncreaseFunctionMixin from create.mixins.json into net.minecraft.world.level.storage.loot.functions.EnchantedCountIncreaseFunction
[28серп.2026 07:53:37.144] [pool-23-thread-1/INFO] [mixin/]: Mixing compatibility.create.airflow.FanProcessingTypeMixin from sable-neoforge.mixins.json into com.simibubi.create.content.kinetics.fan.processing.FanProcessingType
[28серп.2026 07:53:37.144] [pool-23-thread-1/INFO] [mixin/]: Renaming synthetic method lambda$getAt$0(Lcom/llamalad7/mixinextras/injector/wrapoperation/Operation;Lnet/minecraft/world/level/Level;Ldev/ryanhcode/sable/sublevel/SubLevel;Lnet/minecraft/core/BlockPos;)Lcom/simibubi/create/content/kinetics/fan/processing/FanProcessingType; to md504d38$sable$lambda$getAt$0$0 in sable-neoforge.mixins.json:compatibility.create.airflow.FanProcessingTypeMixin from mod sable
[28серп.2026 07:53:37.214] [main/INFO] [mixin/]: Mixing NetworkMinecraftServerMixin from veil.network.mixins.json into net.minecraft.server.MinecraftServer
[28серп.2026 07:53:37.215] [main/INFO] [mixin/]: Mixing MinecraftServerMixin from veil.scheduler.mixins.json into net.minecraft.server.MinecraftServer
[28серп.2026 07:53:37.215] [main/INFO] [mixin/]: Mixing accessor.MinecraftServerAccessor from ponder-common.mixins.json into net.minecraft.server.MinecraftServer
[28серп.2026 07:53:37.215] [main/INFO] [mixin/]: Mixing udp.MinecraftServerMixin from sable.mixins.json into net.minecraft.server.MinecraftServer
[28серп.2026 07:53:37.241] [main/INFO] [mixin/]: Mixing level_accelerator.ServerChunkCacheAccessor from sable.mixins.json into net.minecraft.server.level.ServerChunkCache
[28серп.2026 07:53:37.241] [main/INFO] [mixin/]: Mixing plot.ServerChunkCacheMixin from sable.mixins.json into net.minecraft.server.level.ServerChunkCache
[28серп.2026 07:53:37.250] [main/INFO] [mixin/]: Mixing rope.ClientSubLevelContainerMixin from simulated.mixins.json into dev.ryanhcode.sable.api.sublevel.ClientSubLevelContainer
[28серп.2026 07:53:37.252] [main/INFO] [mixin/]: Mixing MapItemSavedDataMixin from create.mixins.json into net.minecraft.world.level.saveddata.maps.MapItemSavedData
[28серп.2026 07:53:37.403] [main/INFO] [mixin/]: Mixing command.ExecuteCommandMixin from sable.mixins.json into net.minecraft.server.commands.ExecuteCommand
[28серп.2026 07:53:37.403] [main/INFO] [mixin/]: Renaming synthetic method lambda$sable$then$2(Lcom/mojang/brigadier/context/CommandContext;)Ljava/util/Collection; to md504d38$sable$lambda$sable$then$2$0 in sable.mixins.json:command.ExecuteCommandMixin from mod sable
[28серп.2026 07:53:37.403] [main/INFO] [mixin/]: Renaming synthetic method lambda$sable$then$1(Lcom/mojang/brigadier/context/CommandContext;)Ljava/util/Collection; to md504d38$sable$lambda$sable$then$1$1 in sable.mixins.json:command.ExecuteCommandMixin from mod sable
[28серп.2026 07:53:37.403] [main/INFO] [mixin/]: Renaming synthetic method lambda$sable$then$0(Lcom/mojang/brigadier/context/CommandContext;)Ljava/util/Collection; to md504d38$sable$lambda$sable$then$0$2 in sable.mixins.json:command.ExecuteCommandMixin from mod sable
[28серп.2026 07:53:37.424] [main/INFO] [mixin/]: Mixing command.DataCommandsMixin from sable.mixins.json into net.minecraft.server.commands.data.DataCommands
[28серп.2026 07:53:37.509] [main/INFO] [mixin/]: Mixing game_test.TestCommandMixin from sable.mixins.json into net.minecraft.gametest.framework.TestCommand
[28серп.2026 07:53:37.546] [main/WARN] [net.minecraft.commands.Commands/]: Ambiguity between arguments [teleport, location] and [teleport, destination] with inputs: [0.1 -0.5 .9, 0 0 0]
[28серп.2026 07:53:37.546] [main/WARN] [net.minecraft.commands.Commands/]: Ambiguity between arguments [teleport, location] and [teleport, targets] with inputs: [0.1 -0.5 .9, 0 0 0]
[28серп.2026 07:53:37.548] [main/WARN] [net.minecraft.commands.Commands/]: Ambiguity between arguments [teleport, destination] and [teleport, targets] with inputs: [Player, 0123, @e, dd12be42-52a9-4a91-a8a1-11c01849e498]
[28серп.2026 07:53:37.549] [main/WARN] [net.minecraft.commands.Commands/]: Ambiguity between arguments [teleport, targets] and [teleport, destination] with inputs: [Player, 0123, dd12be42-52a9-4a91-a8a1-11c01849e498]
[28серп.2026 07:53:37.549] [main/WARN] [net.minecraft.commands.Commands/]: Ambiguity between arguments [teleport, targets, location] and [teleport, targets, destination] with inputs: [0.1 -0.5 .9, 0 0 0]
[28серп.2026 07:53:37.556] [Render thread/INFO] [mixin/]: Mixing client.PipelineRenderSystemMixin from veil.pipeline.mixins.json into com.mojang.blaze3d.systems.RenderSystem
[28серп.2026 07:53:37.556] [Render thread/INFO] [mixin/]: Mixing RenderSystemMixin from flywheel.backend.mixins.json into com.mojang.blaze3d.systems.RenderSystem
[28серп.2026 07:53:37.556] [Render thread/INFO] [mixin/]: Mixing client.accessor.RenderSystemAccessor from ponder-common.mixins.json into com.mojang.blaze3d.systems.RenderSystem
[28серп.2026 07:53:37.557] [Render thread/INFO] [mixin/]: Renaming @Accessor method catnip$getShaderLightDirections()[Lorg/joml/Vector3f; to catnip$getShaderLightDirections$ponder_$md$504d38$0 in ponder-common.mixins.json:client.accessor.RenderSystemAccessor from mod ponder
[28серп.2026 07:53:37.566] [Render thread/INFO] [mixin/]: Mixing client.DebugAutoStorageIndexBufferMixin from veil.debug.mixins.json into com.mojang.blaze3d.systems.RenderSystem$AutoStorageIndexBuffer
[28серп.2026 07:53:37.567] [Render thread/INFO] [mixin/]: Mixing client.PipelineAutoStorageIndexBufferMixin from veil.pipeline.mixins.json into com.mojang.blaze3d.systems.RenderSystem$AutoStorageIndexBuffer
[28серп.2026 07:53:37.571] [Render thread/INFO] [mixin/]: Mixing accessor.FramebufferRenderTargetAccessor from veil.framebuffer.mixins.json into com.mojang.blaze3d.pipeline.RenderTarget
[28серп.2026 07:53:37.572] [Render thread/INFO] [mixin/]: Mixing client.PerformanceRenderTargetMixin from veil.performance.mixins.json into com.mojang.blaze3d.pipeline.RenderTarget
[28серп.2026 07:53:37.575] [Render thread/INFO] [mixin/]: Mixing client.PipelineRenderTargetMixin from veil.pipeline.mixins.json into com.mojang.blaze3d.pipeline.RenderTarget
[28серп.2026 07:53:37.584] [Render thread/INFO] [mixin/]: Mixing client.accessor.ScreenAccessor from ponder-common.mixins.json into net.minecraft.client.gui.screens.Screen
[28серп.2026 07:53:37.589] [Render thread/INFO] [mixin/]: Mixing client.NecromancerClientLevelMixin from veil.necromancer.mixins.json into net.minecraft.client.multiplayer.ClientLevel
[28серп.2026 07:53:37.590] [Render thread/INFO] [mixin/]: Mixing client.ClientLevelAccessor from createbigcannons.mixins.json into net.minecraft.client.multiplayer.ClientLevel
[28серп.2026 07:53:37.590] [Render thread/INFO] [mixin/]: Mixing entity.entity_aabb_lookup.LevelsMixin from sable.mixins.json into net.minecraft.client.multiplayer.ClientLevel
[28серп.2026 07:53:37.590] [Render thread/INFO] [mixin/]: Mixing plot.LevelsMixin from sable.mixins.json into net.minecraft.client.multiplayer.ClientLevel
[28серп.2026 07:53:37.591] [Render thread/INFO] [mixin/]: Mixing water_occlusion.LevelsMixin from sable.mixins.json into net.minecraft.client.multiplayer.ClientLevel
[28серп.2026 07:53:37.591] [Render thread/INFO] [mixin/]: Mixing clip_overwrite.ClientLevelMixin from sable.mixins.json into net.minecraft.client.multiplayer.ClientLevel
[28серп.2026 07:53:37.592] [Render thread/INFO] [mixin/]: Mixing particle.ClientLevelMixin from sable.mixins.json into net.minecraft.client.multiplayer.ClientLevel
[28серп.2026 07:53:37.593] [Render thread/INFO] [mixin/]: Mixing sublevel_sounds.ClientLevelMixin from sable.mixins.json into net.minecraft.client.multiplayer.ClientLevel
[28серп.2026 07:53:37.593] [Render thread/INFO] [mixin/]: Mixing client.multimining_destruction_progress.ClientLevelAccessor from offroad.mixins.json into net.minecraft.client.multiplayer.ClientLevel
[28серп.2026 07:53:37.593] [Render thread/WARN] [mixin/]: offroad.mixins.json:client.multimining_destruction_progress.ClientLevelAccessor from mod offroad: Class version 65 required is higher than the class version supported by the current version of Mixin (JAVA_18 supports class version 62)
[28серп.2026 07:53:37.606] [Render thread/INFO] [mixin/]: Mixing handle.LocalPlayerMixin from simulated.mixins.json into net.minecraft.client.player.LocalPlayer
[28серп.2026 07:53:37.606] [Render thread/INFO] [mixin/]: Mixing hold_interaction.LocalPlayerMixin from simulated.mixins.json into net.minecraft.client.player.LocalPlayer
[28серп.2026 07:53:37.607] [Render thread/INFO] [mixin/]: Mixing client.HeavyBootsOnPlayerMixin from create.mixins.json into net.minecraft.client.player.LocalPlayer
[28серп.2026 07:53:37.607] [Render thread/INFO] [mixin/]: Mixing entity.entities_stick_sublevels.effects.LocalPlayerMixin from sable.mixins.json into net.minecraft.client.player.LocalPlayer
[28серп.2026 07:53:37.608] [Render thread/INFO] [mixin/]: Mixing entity.entities_stick_sublevels.player.LocalPlayerMixin from sable.mixins.json into net.minecraft.client.player.LocalPlayer
[28серп.2026 07:53:37.608] [Render thread/INFO] [mixin/]: Mixing entity.entity_rotations_and_riding.LocalPlayerMixin from sable.mixins.json into net.minecraft.client.player.LocalPlayer
[28серп.2026 07:53:37.610] [Render thread/INFO] [mixin/]: Mixing player_freezing.LocalPlayerMixin from sable.mixins.json into net.minecraft.client.player.LocalPlayer
[28серп.2026 07:53:37.619] [Render thread/INFO] [mixin/]: Mixing AbstractClientPlayerAccessor from flywheel.backend.mixins.json into net.minecraft.client.player.AbstractClientPlayer
[28серп.2026 07:53:37.623] [Render thread/INFO] [mixin/]: Mixing accessor.CreativeModeInventoryScreenAccessor from simulated.mixins.json into net.minecraft.client.gui.screens.inventory.AbstractContainerScreen
[28серп.2026 07:53:37.635] [Render thread/INFO] [mixin/]: Mixing accessor.TimerAccessor from ponder-common.mixins.json into net.minecraft.client.DeltaTracker$Timer
[28серп.2026 07:53:37.635] [Render thread/INFO] [mixin/]: Mixing accessor.TimerAccessor from create.mixins.json into net.minecraft.client.DeltaTracker$Timer
[28серп.2026 07:53:37.638] [Render thread/INFO] [mixin/]: Mixing ContextAwareReloadListenerAccessor from createbigcannons.mixins.json into net.neoforged.neoforge.resource.ContextAwareReloadListener
[28серп.2026 07:53:37.669] [Render thread/INFO] [mixin/]: Mixing ResourceVanillaPackResourcesMixin from veil.resource.mixins.json into net.minecraft.server.packs.VanillaPackResources
[28серп.2026 07:53:37.673] [Render thread/WARN] [net.minecraft.server.packs.VanillaPackResourcesBuilder/]: Assets URL 'union:/C:/Users/andrt/IdeaProjects/CBCAT/build/moddev/artifacts/neoforge-21.1.228.jar%23189!/assets/.mcassetsroot' uses unexpected schema
[28серп.2026 07:53:37.674] [Render thread/WARN] [net.minecraft.server.packs.VanillaPackResourcesBuilder/]: Assets URL 'union:/C:/Users/andrt/IdeaProjects/CBCAT/build/moddev/artifacts/neoforge-21.1.228.jar%23189!/data/.mcassetsroot' uses unexpected schema
[28серп.2026 07:53:37.687] [Render thread/INFO] [com.mojang.authlib.yggdrasil.YggdrasilAuthenticationService/]: Environment: Environment[sessionHost=https://sessionserver.mojang.com, servicesHost=https://api.minecraftservices.com, name=PROD]
[28серп.2026 07:53:37.691] [Render thread/INFO] [net.minecraft.client.Minecraft/]: Setting user: Dev
[28серп.2026 07:53:37.692] [Render thread/INFO] [mixin/]: Mixing accessor.KeyMappingsAccessor from simulated.mixins.json into net.minecraft.client.KeyMapping
[28серп.2026 07:53:37.692] [Render thread/INFO] [mixin/]: Mixing hold_interaction.KeyMappingInvoker from simulated.mixins.json into net.minecraft.client.KeyMapping
[28серп.2026 07:53:37.696] [Render thread/INFO] [mixin/]: Mixing OptionsMixin from flywheel.backend.mixins.json into net.minecraft.client.Options
[28серп.2026 07:53:37.725] [Render thread/INFO] [mixin/]: Mixing camera.new_camera_types.CameraTypeMixin from sable.mixins.json into net.minecraft.client.CameraType
[28серп.2026 07:53:37.726] [Render thread/INFO] [mixin/]: Renaming @Invoker method create(Ljava/lang/String;IZZ)Lnet/minecraft/client/CameraType; to create$sable_$md$504d38$0 in sable.mixins.json:camera.new_camera_types.CameraTypeMixin from mod sable
[28серп.2026 07:53:37.727] [Render thread/WARN] [mixin/]: Write access to @Mutable @Final field $VALUES:[Lnet/minecraft/client/CameraType; in sable.mixins.json:camera.new_camera_types.CameraTypeMixin from mod sable::<clinit>
[28серп.2026 07:53:37.727] [Render thread/WARN] [mixin/]: Write access to @Mutable @Final field VALUES:[Lnet/minecraft/client/CameraType; in sable.mixins.json:camera.new_camera_types.CameraTypeMixin from mod sable::<clinit>
[28серп.2026 07:53:37.727] [Render thread/WARN] [mixin/]: Write access to @Mutable @Final field $VALUES:[Lnet/minecraft/client/CameraType; in sable.mixins.json:camera.new_camera_types.CameraTypeMixin from mod sable::<clinit>
[28серп.2026 07:53:37.727] [Render thread/WARN] [mixin/]: Write access to @Mutable @Final field VALUES:[Lnet/minecraft/client/CameraType; in sable.mixins.json:camera.new_camera_types.CameraTypeMixin from mod sable::<clinit>
[28серп.2026 07:53:37.741] [Render thread/INFO] [net.minecraft.client.Minecraft/]: Backend library: LWJGL version 3.3.3+5
[28серп.2026 07:53:37.742] [Render thread/INFO] [mixin/]: Mixing WindowMixin from veil.fix.mixins.json into com.mojang.blaze3d.platform.Window
[28серп.2026 07:53:37.742] [Render thread/INFO] [mixin/]: Mixing client.PipelineWindowMixin from veil.pipeline.mixins.json into com.mojang.blaze3d.platform.Window
[28серп.2026 07:53:37.759] [Render thread/INFO] [mixin/]: Mixing client.PipelineGlStateManagerMixin from veil.pipeline.mixins.json into com.mojang.blaze3d.platform.GlStateManager
[28серп.2026 07:53:37.760] [Render thread/INFO] [mixin/]: Mixing GlStateManagerMixin from flywheel.backend.mixins.json into com.mojang.blaze3d.platform.GlStateManager
[28серп.2026 07:53:37.773] [Render thread/INFO] [mixin/]: Mixing resources.PathPackResourcesMixin from veil.neoforge.mixins.json into net.minecraft.server.packs.PathPackResources
[28серп.2026 07:53:37.782] [Render thread/INFO] [mixin/]: Mixing NativeImageMixin from veil.fix.mixins.json into com.mojang.blaze3d.platform.NativeImage
[28серп.2026 07:53:37.782] [Render thread/INFO] [mixin/]: Mixing accessor.PipelineNativeImageAccessor from veil.pipeline.mixins.json into com.mojang.blaze3d.platform.NativeImage
[28серп.2026 07:53:37.797] [Render thread/INFO] [mixin/]: Mixing hold_interaction.MouseHandlerMixin from simulated.mixins.json into net.minecraft.client.MouseHandler
[28серп.2026 07:53:37.797] [Render thread/INFO] [mixin/]: Mixing accessor.MouseHandlerAccessor from create.mixins.json into net.minecraft.client.MouseHandler
[28серп.2026 07:53:37.797] [Render thread/INFO] [mixin/]: Mixing camera.camera_zoom.MouseHandlerMixin from sable.mixins.json into net.minecraft.client.MouseHandler
[28серп.2026 07:53:37.803] [Render thread/INFO] [mixin/]: Mixing client.DebugKeyboardHandlerMixin from veil.debug.mixins.json into net.minecraft.client.KeyboardHandler
[28серп.2026 07:53:37.804] [Render thread/INFO] [mixin/]: Mixing hold_interaction.KeyboardHandlerMixin from simulated.mixins.json into net.minecraft.client.KeyboardHandler
[28серп.2026 07:53:37.833] [Render thread/INFO] [mixin/]: Mixing client.DebugGlDebugMixin from veil.debug.mixins.json into com.mojang.blaze3d.platform.GlDebug
[28серп.2026 07:53:37.847] [Render thread/INFO] [mixin/]: Mixing accessor.RenderStateShardAccessor from veil.rendertype.mixins.json into net.minecraft.client.renderer.RenderStateShard
[28серп.2026 07:53:37.850] [Render thread/INFO] [mixin/]: Mixing client.RenderTypeMixin from veil.neoforge.mixins.json into net.minecraft.client.renderer.RenderType
[28серп.2026 07:53:37.850] [Render thread/INFO] [mixin/]: Mixing accessor.RenderTypeAccessor from veil.rendertype.mixins.json into net.minecraft.client.renderer.RenderType
[28серп.2026 07:53:37.850] [Render thread/INFO] [mixin/]: Mixing client.RenderTypeMixin from veil.rendertype.mixins.json into net.minecraft.client.renderer.RenderType
[28серп.2026 07:53:37.851] [Render thread/INFO] [mixin/]: Mixing client.accessor.RenderTypeAccessor from ponder-common.mixins.json into net.minecraft.client.renderer.RenderType
[28серп.2026 07:53:37.851] [Render thread/INFO] [mixin/]: Renaming @Invoker method catnip$create(Ljava/lang/String;Lcom/mojang/blaze3d/vertex/VertexFormat;Lcom/mojang/blaze3d/vertex/VertexFormat$Mode;IZZLnet/minecraft/client/renderer/RenderType$CompositeState;)Lnet/minecraft/client/renderer/RenderType$CompositeRenderType; to catnip$create$ponder_$md$504d38$0 in ponder-common.mixins.json:client.accessor.RenderTypeAccessor from mod ponder
[28серп.2026 07:53:37.856] [Render thread/INFO] [mixin/]: Mixing accessor.DebugGameRendererAccessor from veil.debug.mixins.json into net.minecraft.client.renderer.GameRenderer
[28серп.2026 07:53:37.856] [Render thread/INFO] [mixin/]: Mixing client.profiler.GameRendererMixin from veil.debug.mixins.json into net.minecraft.client.renderer.GameRenderer
[28серп.2026 07:53:37.857] [Render thread/INFO] [mixin/]: Mixing accessor.DynamicBufferGameRendererAccessor from veil.dynamicbuffer.mixins.json into net.minecraft.client.renderer.GameRenderer
[28серп.2026 07:53:37.857] [Render thread/INFO] [mixin/]: Mixing client.DynamicBufferGameRendererMixin from veil.dynamicbuffer.mixins.json into net.minecraft.client.renderer.GameRenderer
[28серп.2026 07:53:37.857] [Render thread/INFO] [mixin/]: Mixing accessor.GameRendererAccessor from veil.perspective.mixins.json into net.minecraft.client.renderer.GameRenderer
[28серп.2026 07:53:37.858] [Render thread/INFO] [mixin/]: Mixing client.PipelineGameRendererMixin from veil.pipeline.mixins.json into net.minecraft.client.renderer.GameRenderer
[28серп.2026 07:53:37.860] [Render thread/INFO] [mixin/]: Mixing client.ShaderGameRendererMixin from veil.shader.mixins.json into net.minecraft.client.renderer.GameRenderer
[28серп.2026 07:53:37.862] [Render thread/INFO] [mixin/]: Mixing throttle_lever.GameRendererMixin from simulated.mixins.json into net.minecraft.client.renderer.GameRenderer
[28серп.2026 07:53:37.863] [Render thread/INFO] [mixin/]: Mixing client.accessor.GameRendererAccessor from ponder-common.mixins.json into net.minecraft.client.renderer.GameRenderer
[28серп.2026 07:53:37.863] [Render thread/INFO] [mixin/]: Mixing client.GameRendererMixin from create.mixins.json into net.minecraft.client.renderer.GameRenderer
[28серп.2026 07:53:37.863] [Render thread/INFO] [mixin/]: Mixing camera.new_camera_types.GameRendererMixin from sable.mixins.json into net.minecraft.client.renderer.GameRenderer
[28серп.2026 07:53:37.864] [Render thread/INFO] [mixin/]: Mixing clip_overwrite.GameRendererMixin from sable.mixins.json into net.minecraft.client.renderer.GameRenderer
[28серп.2026 07:53:37.864] [Render thread/INFO] [mixin/]: Renaming synthetic method lambda$sable$renderLevel$0(FLjava/lang/Object;)Ldev/ryanhcode/sable/companion/math/Pose3dc; to md504d38$sable$lambda$sable$renderLevel$0$0 in sable.mixins.json:clip_overwrite.GameRendererMixin from mod sable
[28серп.2026 07:53:37.864] [Render thread/INFO] [mixin/]: Mixing config.GameRendererAccessor from sable.mixins.json into net.minecraft.client.renderer.GameRenderer
[28серп.2026 07:53:37.864] [Render thread/INFO] [mixin/]: Mixing entity.entities_turn_with_sub_levels.GameRendererMixin from sable.mixins.json into net.minecraft.client.renderer.GameRenderer
[28серп.2026 07:53:37.865] [Render thread/INFO] [mixin/]: Mixing water_occlusion.GameRendererMixin from sable.mixins.json into net.minecraft.client.renderer.GameRenderer
[28серп.2026 07:53:37.898] [Render thread/INFO] [mixin/]: Mixing client.ShaderInstanceMixin from veil.shader.mixins.json into net.minecraft.client.renderer.ShaderInstance
[28серп.2026 07:53:37.899] [Render thread/INFO] [mixin/]: Renaming synthetic method lambda$updateLocations$0(Lcom/mojang/blaze3d/shaders/Uniform;)Z to md504d38$veil$lambda$updateLocations$0$0 in veil.shader.mixins.json:client.ShaderInstanceMixin from mod veil
[28серп.2026 07:53:37.904] [Render thread/INFO] [mixin/]: Mixing client.DynamicBufferShaderInstanceMixin from veil.dynamicbuffer.mixins.json into net.minecraft.client.renderer.ShaderInstance
[28серп.2026 07:53:37.907] [Render thread/INFO] [mixin/]: Mixing client.PipelineShaderInstanceMixin from veil.pipeline.mixins.json into net.minecraft.client.renderer.ShaderInstance
[28серп.2026 07:53:37.908] [Render thread/INFO] [mixin/]: Renaming synthetic method lambda$static$1(I)[Ljava/lang/String; to md504d38$veil$lambda$static$1$1 in veil.pipeline.mixins.json:client.PipelineShaderInstanceMixin from mod veil
[28серп.2026 07:53:37.908] [Render thread/INFO] [mixin/]: Renaming synthetic method lambda$static$0(Lnet/minecraft/core/Direction;)Ljava/lang/String; to md504d38$veil$lambda$static$0$2 in veil.pipeline.mixins.json:client.PipelineShaderInstanceMixin from mod veil
[28серп.2026 07:53:37.924] [Render thread/WARN] [mixin/]: Write access to @Mutable @Final field programId:I in veil.dynamicbuffer.mixins.json:client.DynamicBufferShaderInstanceMixin from mod veil::handler$zzn000$veil$close
[28серп.2026 07:53:37.925] [Render thread/WARN] [mixin/]: Write access to @Mutable @Final field programId:I in veil.dynamicbuffer.mixins.json:client.DynamicBufferShaderInstanceMixin from mod veil::veil$applyCompile
[28серп.2026 07:53:37.926] [Render thread/WARN] [mixin/]: Write access to @Mutable @Final field programId:I in veil.dynamicbuffer.mixins.json:client.DynamicBufferShaderInstanceMixin from mod veil::veil$applyCompile
[28серп.2026 07:53:37.927] [Render thread/WARN] [mixin/]: Write access to @Mutable @Final field programId:I in veil.dynamicbuffer.mixins.json:client.DynamicBufferShaderInstanceMixin from mod veil::veil$swapBuffers
[28серп.2026 07:53:37.935] [Render thread/INFO] [mixin/]: Mixing accessor.ResourceTextureAtlasAccessor from veil.resource.mixins.json into net.minecraft.client.renderer.texture.TextureAtlas
[28серп.2026 07:53:37.935] [Render thread/INFO] [mixin/]: Mixing client.ResourceTextureAtlasMixin from veil.resource.mixins.json into net.minecraft.client.renderer.texture.TextureAtlas
[28серп.2026 07:53:37.952] [Render thread/INFO] [mixin/]: Mixing accessor.PipelineReloadableResourceManagerAccessor from veil.pipeline.mixins.json into net.minecraft.server.packs.resources.ReloadableResourceManager
[28серп.2026 07:53:38.012] [modloading-worker-0/INFO] [Veil/]: Veil is initializing.
[28серп.2026 07:53:38.013] [modloading-worker-0/INFO] [mixin/]: Mixing DeferredRegisterMixin from veil.neoforge.mixins.json into net.neoforged.neoforge.registries.DeferredRegister
[28серп.2026 07:53:38.013] [modloading-worker-0/INFO] [com.happysg.radar.CreateRadar/]: Initializing Create Radar!
[28серп.2026 07:53:38.013] [modloading-worker-0/INFO] [mixin/]: Renaming synthetic method lambda$register$0(Ljava/util/function/Function;Lnet/minecraft/resources/ResourceLocation;)Ljava/lang/Object; to md504d38$veil$lambda$register$0$0 in veil.neoforge.mixins.json:DeferredRegisterMixin from mod veil
[28серп.2026 07:53:38.036] [modloading-worker-0/INFO] [mixin/]: Mixing extra_kinetics.auto_orientation.FixAutoOrientationMixin from simulated.mixins.json into com.simibubi.create.content.kinetics.base.DirectionalAxisKineticBlock
[28серп.2026 07:53:38.041] [modloading-worker-0/INFO] [mixin/]: Mixing BigCannonBlockMixin from cbc_at.mixins.json into rbasamoyai.createbigcannons.cannons.big_cannons.BigCannonBlock
[28серп.2026 07:53:38.045] [modloading-worker-0/INFO] [mixin/]: Mixing extra_kinetics.auto_orientation.FixAutoOrientationMixin from simulated.mixins.json into com.simibubi.create.content.kinetics.base.DirectionalKineticBlock
[28серп.2026 07:53:38.049] [modloading-worker-0/INFO] [mixin/]: Mixing extra_kinetics.KineticBlockMixin from simulated.mixins.json into com.simibubi.create.content.kinetics.base.KineticBlock
[28серп.2026 07:53:38.050] [modloading-worker-0/INFO] [mixin/]: Mixing compat.create.rotation_propagation.KineticBlockAccessor from createbigcannons.mixins.json into com.simibubi.create.content.kinetics.base.KineticBlock
[28серп.2026 07:53:38.053] [modloading-worker-0/INFO] [net.neoforged.neoforge.common.NeoForgeMod/NEOFORGE-MOD]: NeoForge mod loading, version 21.1.228, for MC 1.21.1
[28серп.2026 07:53:38.067] [modloading-worker-0/INFO] [mixin/]: Mixing extra_kinetics.auto_orientation.FixAutoOrientationStaticMixin from simulated.mixins.json into com.simibubi.create.content.kinetics.base.RotatedPillarKineticBlock
[28серп.2026 07:53:38.069] [modloading-worker-0/INFO] [mixin/]: Mixing CBCATJEIMixin from cbcatfix.mixins.json into com.dsvv.cbcat.crafting.jei.CBCATJEI
[28серп.2026 07:53:38.070] [modloading-worker-0/INFO] [mixin/]: Renaming synthetic method lambda$onGetMediumRocketAssemblyRecipes$5(I)[Lnet/minecraft/world/item/Item; to md504d38$cbcatfix$lambda$onGetMediumRocketAssemblyRecipes$5$0 in cbcatfix.mixins.json:CBCATJEIMixin from mod cbcatfix
[28серп.2026 07:53:38.070] [modloading-worker-0/INFO] [mixin/]: Renaming synthetic method lambda$onGetMediumRocketAssemblyRecipes$4(I)[Lnet/minecraft/world/item/Item; to md504d38$cbcatfix$lambda$onGetMediumRocketAssemblyRecipes$4$1 in cbcatfix.mixins.json:CBCATJEIMixin from mod cbcatfix
[28серп.2026 07:53:38.070] [modloading-worker-0/INFO] [mixin/]: Renaming synthetic method lambda$onGetMediumRocketAssemblyRecipes$3(Ljava/util/List;Ljava/util/List;Ljava/util/List;Lnet/minecraft/world/item/Item;)V to md504d38$cbcatfix$lambda$onGetMediumRocketAssemblyRecipes$3$2 in cbcatfix.mixins.json:CBCATJEIMixin from mod cbcatfix
[28серп.2026 07:53:38.070] [modloading-worker-0/INFO] [mixin/]: Renaming synthetic method lambda$onGetRocketAssemblyRecipes$2(I)[Lnet/minecraft/world/item/Item; to md504d38$cbcatfix$lambda$onGetRocketAssemblyRecipes$2$3 in cbcatfix.mixins.json:CBCATJEIMixin from mod cbcatfix
[28серп.2026 07:53:38.070] [modloading-worker-0/INFO] [mixin/]: Renaming synthetic method lambda$onGetRocketAssemblyRecipes$1(I)[Lnet/minecraft/world/item/Item; to md504d38$cbcatfix$lambda$onGetRocketAssemblyRecipes$1$4 in cbcatfix.mixins.json:CBCATJEIMixin from mod cbcatfix
[28серп.2026 07:53:38.070] [modloading-worker-0/INFO] [mixin/]: Renaming synthetic method lambda$onGetRocketAssemblyRecipes$0(Ljava/util/List;Ljava/util/List;Ljava/util/List;Lnet/minecraft/world/item/Item;)V to md504d38$cbcatfix$lambda$onGetRocketAssemblyRecipes$0$5 in cbcatfix.mixins.json:CBCATJEIMixin from mod cbcatfix
[28серп.2026 07:53:38.081] [modloading-worker-0/INFO] [com.happysg.radar.CreateRadar/]: Registering Items!
[28серп.2026 07:53:38.084] [modloading-worker-0/INFO] [mixin/]: Mixing client.DebugVertexFormatMixin from veil.debug.mixins.json into com.mojang.blaze3d.vertex.VertexFormat
[28серп.2026 07:53:38.088] [modloading-worker-0/INFO] [mixin/]: Mixing PartialBlockDamageManagerMixin from cbcatfix.mixins.json into rbasamoyai.createbigcannons.base.PartialBlockDamageManager
[28серп.2026 07:53:38.090] [modloading-worker-0/INFO] [mixin/]: Mixing accessor.BlockLootSubProviderAccessor from create.mixins.json into net.minecraft.data.loot.BlockLootSubProvider
[28серп.2026 07:53:38.098] [modloading-worker-0/INFO] [mixin/]: Mixing client.CompositeStateMixin from veil.rendertype.mixins.json into net.minecraft.client.renderer.RenderType$CompositeState
[28серп.2026 07:53:38.100] [modloading-worker-0/WARN] [mixin/]: Write access to @Mutable @Final field states:Lcom/google/common/collect/ImmutableList; in veil.rendertype.mixins.json:client.CompositeStateMixin from mod veil::veil$addShards
[28серп.2026 07:53:38.104] [modloading-worker-0/INFO] [mixin/]: Mixing client.CompositeStateBuilderMixin from veil.rendertype.mixins.json into net.minecraft.client.renderer.RenderType$CompositeState$CompositeStateBuilder
[28серп.2026 07:53:38.125] [modloading-worker-0/INFO] [mixin/]: Mixing client.accessor.ItemRendererAccessor from ponder-common.mixins.json into net.minecraft.client.renderer.entity.ItemRenderer
[28серп.2026 07:53:38.132] [modloading-worker-0/INFO] [mixin/]: Mixing compatibility.create.sails_providing_lift.SailBlockMixin from sable-neoforge.mixins.json into com.simibubi.create.content.contraptions.bearing.SailBlock
[28серп.2026 07:53:38.138] [modloading-worker-0/INFO] [com.simibubi.create.Create/]: Create 6.0.10 initializing! Commit hash: ac0c444d9828da3453ae8cc65338e8de063286fb
[28серп.2026 07:53:38.138] [modloading-worker-0/INFO] [mixin/]: Mixing compatibility.create.lectern_controller.LecternControllerBlockMixin from sable-neoforge.mixins.json into com.simibubi.create.content.redstone.link.controller.LecternControllerBlock
[28серп.2026 07:53:38.142] [modloading-worker-0/INFO] [mixin/]: Mixing client.DynamicBufferLevelRendererMixin from veil.dynamicbuffer.mixins.json into net.minecraft.client.renderer.LevelRenderer
[28серп.2026 07:53:38.144] [modloading-worker-0/INFO] [mixin/]: Mixing client.PipelineLevelRendererMixin from veil.pipeline.mixins.json into net.minecraft.client.renderer.LevelRenderer
[28серп.2026 07:53:38.149] [modloading-worker-0/INFO] [mixin/]: Mixing render.vanilla.LevelRendererMixin from aeronautics.mixins.json into net.minecraft.client.renderer.LevelRenderer
[28серп.2026 07:53:38.149] [modloading-worker-0/INFO] [mixin/]: Mixing accessor.DebugLevelRendererAccessor from veil.debug.mixins.json into net.minecraft.client.renderer.LevelRenderer
[28серп.2026 07:53:38.149] [modloading-worker-0/INFO] [mixin/]: Mixing client.DebugLevelRendererMixin from veil.debug.mixins.json into net.minecraft.client.renderer.LevelRenderer
[28серп.2026 07:53:38.150] [modloading-worker-0/INFO] [mixin/]: Mixing client.NecromancerLevelRendererMixin from veil.necromancer.mixins.json into net.minecraft.client.renderer.LevelRenderer
[28серп.2026 07:53:38.150] [modloading-worker-0/INFO] [mixin/]: Mixing client.PerformanceLevelRendererMixin from veil.performance.mixins.json into net.minecraft.client.renderer.LevelRenderer
[28серп.2026 07:53:38.151] [modloading-worker-0/INFO] [mixin/]: Mixing accessor.LevelRendererAccessor from veil.perspective.mixins.json into net.minecraft.client.renderer.LevelRenderer
[28серп.2026 07:53:38.151] [modloading-worker-0/INFO] [mixin/]: Mixing client.debug.vanilla.DebugLevelRendererMixin from veil.neoforge.mixins.json into net.minecraft.client.renderer.LevelRenderer
[28серп.2026 07:53:38.151] [modloading-worker-0/INFO] [mixin/]: Mixing client.dynamicbuffer.LevelRendererMixin from veil.neoforge.mixins.json into net.minecraft.client.renderer.LevelRenderer
[28серп.2026 07:53:38.151] [modloading-worker-0/INFO] [mixin/]: Mixing client.perspective.vanilla.LevelRendererMixin from veil.neoforge.mixins.json into net.minecraft.client.renderer.LevelRenderer
[28серп.2026 07:53:38.152] [modloading-worker-0/INFO] [mixin/]: Mixing accessor.LevelRendererAccessor from simulated.mixins.json into net.minecraft.client.renderer.LevelRenderer
[28серп.2026 07:53:38.152] [modloading-worker-0/INFO] [mixin/]: Renaming @Invoker method invokeRenderShape(Lcom/mojang/blaze3d/vertex/PoseStack;Lcom/mojang/blaze3d/vertex/VertexConsumer;Lnet/minecraft/world/phys/shapes/VoxelShape;DDDFFFF)V to invokeRenderShape$simulated_$md$504d38$0 in simulated.mixins.json:accessor.LevelRendererAccessor from mod simulated
[28серп.2026 07:53:38.152] [modloading-worker-0/INFO] [mixin/]: Mixing end_sea.LevelRendererMixin from simulated.mixins.json into net.minecraft.client.renderer.LevelRenderer
[28серп.2026 07:53:38.153] [modloading-worker-0/INFO] [mixin/]: Mixing rope.LevelRendererMixin from simulated.mixins.json into net.minecraft.client.renderer.LevelRenderer
[28серп.2026 07:53:38.153] [modloading-worker-0/INFO] [mixin/]: Mixing client.LevelRendererMixin from createbigcannons.mixins.json into net.minecraft.client.renderer.LevelRenderer
[28серп.2026 07:53:38.154] [modloading-worker-0/INFO] [mixin/]: Mixing LevelRendererAccessor from flywheel.backend.mixins.json into net.minecraft.client.renderer.LevelRenderer
[28серп.2026 07:53:38.155] [modloading-worker-0/INFO] [mixin/]: Mixing fix.FixFabulousDepthMixin from flywheel.impl.mixins.json into net.minecraft.client.renderer.LevelRenderer
[28серп.2026 07:53:38.155] [modloading-worker-0/INFO] [mixin/]: Mixing visualmanage.LevelRendererMixin from flywheel.impl.mixins.json into net.minecraft.client.renderer.LevelRenderer
[28серп.2026 07:53:38.155] [modloading-worker-0/INFO] [mixin/]: Mixing accessor.LevelRendererAccessor from create.mixins.json into net.minecraft.client.renderer.LevelRenderer
[28серп.2026 07:53:38.155] [modloading-worker-0/INFO] [mixin/]: Mixing client.LevelRendererMixin from create.mixins.json into net.minecraft.client.renderer.LevelRenderer
[28серп.2026 07:53:38.155] [modloading-worker-0/INFO] [mixin/]: Renaming synthetic method lambda$create$onDestroyBlockProgress$0(J)Ljava/util/SortedSet; to md504d38$create$lambda$create$onDestroyBlockProgress$0$1 in create.mixins.json:client.LevelRendererMixin from mod create
[28серп.2026 07:53:38.156] [modloading-worker-0/INFO] [mixin/]: Mixing block_decal_render.LevelRendererMixin from sable.mixins.json into net.minecraft.client.renderer.LevelRenderer
[28серп.2026 07:53:38.157] [modloading-worker-0/INFO] [mixin/]: Mixing debug_render.LevelRendererMixin from sable.mixins.json into net.minecraft.client.renderer.LevelRenderer
[28серп.2026 07:53:38.159] [modloading-worker-0/INFO] [mixin/]: Mixing entity.entity_rendering.LevelRendererMixin from sable.mixins.json into net.minecraft.client.renderer.LevelRenderer
[28серп.2026 07:53:38.161] [modloading-worker-0/INFO] [mixin/]: Mixing particle.LevelRendererMixin from sable.mixins.json into net.minecraft.client.renderer.LevelRenderer
[28серп.2026 07:53:38.162] [modloading-worker-0/INFO] [mixin/]: Mixing sky_light_shadow.LevelRendererMixin from sable.mixins.json into net.minecraft.client.renderer.LevelRenderer
[28серп.2026 07:53:38.162] [modloading-worker-0/INFO] [mixin/]: Mixing stop_rain.LevelRenderMixin from sable.mixins.json into net.minecraft.client.renderer.LevelRenderer
[28серп.2026 07:53:38.163] [modloading-worker-0/INFO] [mixin/]: Mixing sublevel_render.LevelRendererMixin from sable.mixins.json into net.minecraft.client.renderer.LevelRenderer
[28серп.2026 07:53:38.163] [modloading-worker-0/INFO] [mixin/]: Mixing sublevel_render.block_entity_render.LevelRendererMixin from sable.mixins.json into net.minecraft.client.renderer.LevelRenderer
[28серп.2026 07:53:38.164] [modloading-worker-0/INFO] [mixin/]: Mixing sublevel_render.impl.vanilla.water_occlusion.LevelRendererMixin from sable.mixins.json into net.minecraft.client.renderer.LevelRenderer
[28серп.2026 07:53:38.164] [modloading-worker-0/INFO] [mixin/]: Mixing client.multimining_destruction_progress.LevelRenderMixin from offroad.mixins.json into net.minecraft.client.renderer.LevelRenderer
[28серп.2026 07:53:38.164] [modloading-worker-0/INFO] [mixin/]: Renaming synthetic method lambda$offroad$manuallyAddMultiDestructionProgress$3(Ljava/util/Map;ILnet/minecraft/core/BlockPos;Ldev/ryanhcode/offroad/handlers/client/MultiMiningClientHandler$ClientBlockBreakingData;)V to md504d38$offroad$lambda$offroad$manuallyAddMultiDestructionProgress$3$2 in offroad.mixins.json:client.multimining_destruction_progress.LevelRenderMixin from mod offroad
[28серп.2026 07:53:38.164] [modloading-worker-0/INFO] [mixin/]: Renaming synthetic method lambda$offroad$manuallyAddMultiDestructionProgress$2(FZILnet/minecraft/core/BlockPos;Lnet/minecraft/core/BlockPos;Lnet/minecraft/server/level/BlockDestructionProgress;)Lnet/minecraft/server/level/BlockDestructionProgress; to md504d38$offroad$lambda$offroad$manuallyAddMultiDestructionProgress$2$3 in offroad.mixins.json:client.multimining_destruction_progress.LevelRenderMixin from mod offroad
[28серп.2026 07:53:38.164] [modloading-worker-0/INFO] [mixin/]: Renaming synthetic method lambda$offroad$manuallyAddMultiDestructionProgress$1(J)Ljava/util/SortedSet; to md504d38$offroad$lambda$offroad$manuallyAddMultiDestructionProgress$1$4 in offroad.mixins.json:client.multimining_destruction_progress.LevelRenderMixin from mod offroad
[28серп.2026 07:53:38.164] [modloading-worker-0/INFO] [mixin/]: Renaming synthetic method lambda$offroad$manuallyAddMultiDestructionProgress$0(II)Lnet/minecraft/server/level/BlockDestructionProgress; to md504d38$offroad$lambda$offroad$manuallyAddMultiDestructionProgress$0$5 in offroad.mixins.json:client.multimining_destruction_progress.LevelRenderMixin from mod offroad
[28серп.2026 07:53:38.166] [modloading-worker-0/INFO] [mixin/]: Mixing LevelRendererMixin from flywheel.impl.mixins.json into net.minecraft.client.renderer.LevelRenderer
[28серп.2026 07:53:38.167] [modloading-worker-0/INFO] [mixin/]: Mixing sublevel_render.impl.vanilla.LevelRendererMixin from sable.mixins.json into net.minecraft.client.renderer.LevelRenderer
[28серп.2026 07:53:38.169] [modloading-worker-0/INFO] [mixin/]: Mixing block_entity_visible.LevelRendererMixin from sable-neoforge.mixins.json into net.minecraft.client.renderer.LevelRenderer
[28серп.2026 07:53:38.169] [modloading-worker-0/INFO] [mixin/]: Mixing block_outline_render.LevelRendererMixin from sable-neoforge.mixins.json into net.minecraft.client.renderer.LevelRenderer
[28серп.2026 07:53:38.169] [modloading-worker-0/INFO] [mixin/]: Renaming @Unique field sable$orientationStorageLorg/joml/Quaternionf; to fd504d38$sable$sable$orientationStorage$0 in sable-neoforge.mixins.json:block_outline_render.LevelRendererMixin from mod sable
[28серп.2026 07:53:38.175] [modloading-worker-0/WARN] [mixin/]: Write access to @Mutable @Final field visibleSections:Lit/unimi/dsi/fastutil/objects/ObjectArrayList; in veil.neoforge.mixins.json:client.perspective.vanilla.LevelRendererMixin from mod veil::handler$zdb000$veil$setupRender
[28серп.2026 07:53:38.176] [modloading-worker-0/WARN] [mixin/]: Write access to @Mutable @Final field visibleSections:Lit/unimi/dsi/fastutil/objects/ObjectArrayList; in veil.neoforge.mixins.json:client.perspective.vanilla.LevelRendererMixin from mod veil::handler$zdb000$veil$resetSections
[28серп.2026 07:53:38.223] [modloading-worker-0/INFO] [mixin/]: Mixing extra_kinetics.auto_orientation.FixAutoOrientationStaticMixin from simulated.mixins.json into com.simibubi.create.content.kinetics.base.HorizontalAxisKineticBlock
[28серп.2026 07:53:38.225] [modloading-worker-0/INFO] [mixin/]: Mixing compat.create.AllSoundEventsMixin from createbigcannons.mixins.json into com.simibubi.create.AllSoundEvents$SoundEntryBuilder
[28серп.2026 07:53:38.230] [modloading-worker-0/INFO] [mixin/]: Mixing nav_table_compat.NixieTubeBlockMixin from simulated.mixins.json into com.simibubi.create.content.redstone.nixieTube.NixieTubeBlock
[28серп.2026 07:53:38.234] [modloading-worker-0/INFO] [mixin/]: Mixing compat.sable.FuzedProjectileBlockMixin from createbigcannons.mixins.json into rbasamoyai.createbigcannons.munitions.big_cannon.FuzedProjectileBlock
[28серп.2026 07:53:38.244] [modloading-worker-0/INFO] [mixin/]: Mixing client.BlockDestructionProgressMixin from create.mixins.json into net.minecraft.server.level.BlockDestructionProgress
[28серп.2026 07:53:38.256] [modloading-worker-0/INFO] [mixin/]: Mixing accessor.PipelineBufferSourceAccessor from veil.pipeline.mixins.json into net.minecraft.client.renderer.MultiBufferSource$BufferSource
[28серп.2026 07:53:38.257] [modloading-worker-0/INFO] [mixin/]: Mixing accessor.RenderTypeBufferSourceAccessor from veil.rendertype.mixins.json into net.minecraft.client.renderer.MultiBufferSource$BufferSource
[28серп.2026 07:53:38.263] [modloading-worker-0/INFO] [mixin/]: Mixing client.CameraMixin from createbigcannons.mixins.json into net.minecraft.client.Camera
[28серп.2026 07:53:38.264] [modloading-worker-0/INFO] [mixin/]: Mixing client.CameraMixin from create.mixins.json into net.minecraft.client.Camera
[28серп.2026 07:53:38.264] [modloading-worker-0/INFO] [mixin/]: Mixing camera.camera_zoom.CameraMixin from sable.mixins.json into net.minecraft.client.Camera
[28серп.2026 07:53:38.265] [modloading-worker-0/INFO] [mixin/]: Renaming synthetic method lambda$sable$getMaxZoomHead$1(Lnet/minecraft/client/Minecraft;Ljava/lang/Object;)Ldev/ryanhcode/sable/companion/math/Pose3dc; to md504d38$sable$lambda$sable$getMaxZoomHead$1$0 in sable.mixins.json:camera.camera_zoom.CameraMixin from mod sable
[28серп.2026 07:53:38.265] [modloading-worker-0/INFO] [mixin/]: Renaming synthetic method lambda$sable$clampZoom$0(FLjava/lang/Object;)Ldev/ryanhcode/sable/companion/math/Pose3dc; to md504d38$sable$lambda$sable$clampZoom$0$1 in sable.mixins.json:camera.camera_zoom.CameraMixin from mod sable
[28серп.2026 07:53:38.266] [modloading-worker-0/INFO] [mixin/]: Mixing entity.entity_sublevel_collision.CameraMixin from sable.mixins.json into net.minecraft.client.Camera
[28серп.2026 07:53:38.267] [modloading-worker-0/INFO] [mixin/]: Mixing entity.entity_swimming.CameraMixin from sable.mixins.json into net.minecraft.client.Camera
[28серп.2026 07:53:38.271] [modloading-worker-0/INFO] [mixin/]: Mixing water_occlusion.CameraMixin from sable.mixins.json into net.minecraft.client.Camera
[28серп.2026 07:53:38.272] [modloading-worker-0/INFO] [mixin/]: Mixing camera_rotation.CameraMixin from sable-neoforge.mixins.json into net.minecraft.client.Camera
[28серп.2026 07:53:38.272] [modloading-worker-0/INFO] [mixin/]: Renaming synthetic method lambda$sable$rotateView$0(Ldev/ryanhcode/sable/sublevel/SubLevel;)Ldev/ryanhcode/sable/companion/math/Pose3dc; to md504d38$sable$lambda$sable$rotateView$0$2 in sable-neoforge.mixins.json:camera_rotation.CameraMixin from mod sable
[28серп.2026 07:53:38.283] [modloading-worker-0/INFO] [mixin/]: Mixing extra_kinetics.auto_orientation.FixAutoOrientationMixin from simulated.mixins.json into com.simibubi.create.content.kinetics.base.HorizontalKineticBlock
[28серп.2026 07:53:38.289] [modloading-worker-0/INFO] [mixin/]: Mixing client.FrustumMixin from veil.perspective.mixins.json into net.minecraft.client.renderer.culling.Frustum
[28серп.2026 07:53:38.290] [modloading-worker-0/INFO] [mixin/]: Mixing client.PipelineFrustumMixin from veil.pipeline.mixins.json into net.minecraft.client.renderer.culling.Frustum
[28серп.2026 07:53:38.297] [modloading-worker-0/INFO] [mixin/]: Mixing extra_kinetics.EncasedCogwheelBlockMixin from simulated.mixins.json into com.simibubi.create.content.kinetics.simpleRelays.encased.EncasedCogwheelBlock
[28серп.2026 07:53:38.306] [modloading-worker-0/INFO] [mixin/]: Mixing extra_kinetics.KineticBlockEntityMixin from simulated.mixins.json into com.simibubi.create.content.kinetics.base.KineticBlockEntity
[28серп.2026 07:53:38.308] [modloading-worker-0/INFO] [mixin/]: Mixing extra_kinetics.goggle_tooltips.KineticBlockEntityMixin from simulated.mixins.json into com.simibubi.create.content.kinetics.base.KineticBlockEntity
[28серп.2026 07:53:38.310] [modloading-worker-0/INFO] [mixin/]: Mixing compat.create.rotation_propagation.KineticBlockEntityMixin from createbigcannons.mixins.json into com.simibubi.create.content.kinetics.base.KineticBlockEntity
[28серп.2026 07:53:38.317] [modloading-worker-0/INFO] [mixin/]: Mixing accessor.RegistryDataAccessor from veil.registry.mixins.json into net.minecraft.resources.RegistryDataLoader$RegistryData
[28серп.2026 07:53:38.324] [modloading-worker-0/INFO] [mezz.jei.library.load.PluginCaller/]: Sending ConfigManager...
[28серп.2026 07:53:38.325] [modloading-worker-0/INFO] [mixin/]: Mixing udp.ConnectionMixin from sable.mixins.json into net.minecraft.network.Connection
[28серп.2026 07:53:38.326] [modloading-worker-0/INFO] [mixin/]: Renaming synthetic method lambda$sable$onDisconnect$0(Lio/netty/util/concurrent/Future;)V to md504d38$sable$lambda$sable$onDisconnect$0$0 in sable.mixins.json:udp.ConnectionMixin from mod sable
[28серп.2026 07:53:38.336] [modloading-worker-0/INFO] [mezz.jei.library.load.PluginCaller/]: Sending ConfigManager took 10.15 milliseconds
[28серп.2026 07:53:38.336] [modloading-worker-0/INFO] [mixin/]: Mixing compatibility.create.belt.BeltBlockMixin from sable-neoforge.mixins.json into com.simibubi.create.content.kinetics.belt.BeltBlock
[28серп.2026 07:53:38.337] [modloading-worker-0/INFO] [mixin/]: Mixing compatibility.create.entity_falls_on_block.BeltMillstoneBlocksMixin from sable-neoforge.mixins.json into com.simibubi.create.content.kinetics.belt.BeltBlock
[28серп.2026 07:53:38.337] [modloading-worker-0/INFO] [mixin/]: Renaming synthetic method lambda$sable$checkForSubLevels$0(Lcom/tterrag/registrate/util/entry/BlockEntry;Lnet/minecraft/world/level/Level;Ldev/ryanhcode/sable/companion/SubLevelAccess;Lnet/minecraft/core/BlockPos;)Lnet/minecraft/core/BlockPos; to md504d38$sable$lambda$sable$checkForSubLevels$0$0 in sable-neoforge.mixins.json:compatibility.create.entity_falls_on_block.BeltMillstoneBlocksMixin from mod sable
[28серп.2026 07:53:38.346] [modloading-worker-0/INFO] [com.happysg.radar.CreateRadar/]: Registering blocks!
[28серп.2026 07:53:38.346] [modloading-worker-0/INFO] [mixin/]: Mixing compatibility.create.belt.BeltBlockEntityMixin from sable-neoforge.mixins.json into com.simibubi.create.content.kinetics.belt.BeltBlockEntity
[28серп.2026 07:53:38.355] [modloading-worker-0/INFO] [mixin/]: Mixing compatibility.create.chain_conveyor.ChainConveyorBlockMixin from sable-neoforge.mixins.json into com.simibubi.create.content.kinetics.chainConveyor.ChainConveyorBlock
[28серп.2026 07:53:38.358] [modloading-worker-0/INFO] [mixin/]: Mixing create_assembly.MechanicalBearingBlockEntityMixin from simulated.mixins.json into com.simibubi.create.content.contraptions.bearing.MechanicalBearingBlockEntity
[28серп.2026 07:53:38.358] [modloading-worker-0/INFO] [mixin/]: Mixing torsion_spring.MechanicalBearingBlockEntityMixin from simulated.mixins.json into com.simibubi.create.content.contraptions.bearing.MechanicalBearingBlockEntity
[28серп.2026 07:53:38.359] [modloading-worker-0/INFO] [mixin/]: Mixing compat.create.MechanicalBearingBlockEntityMixin from createbigcannons.mixins.json into com.simibubi.create.content.contraptions.bearing.MechanicalBearingBlockEntity
[28серп.2026 07:53:38.359] [modloading-worker-0/INFO] [mixin/]: Renaming synthetic method lambda$createbigcannons$tick$0(Lcom/simibubi/create/content/contraptions/ControlledContraptionEntity;)Z to md504d38$createbigcannons$lambda$createbigcannons$tick$0$0 in createbigcannons.mixins.json:compat.create.MechanicalBearingBlockEntityMixin from mod createbigcannons
[28серп.2026 07:53:38.366] [modloading-worker-0/INFO] [mixin/]: Mixing extra_kinetics.GeneratingKineticBlockEntityMixin from simulated.mixins.json into com.simibubi.create.content.kinetics.base.GeneratingKineticBlockEntity
[28серп.2026 07:53:38.372] [modloading-worker-0/INFO] [mixin/]: Mixing multiloader.CommonRedstoneBlockMixin from simulated-neoforge.mixins.json into dev.simulated_team.simulated.multiloader.CommonRedstoneBlock
[28серп.2026 07:53:38.374] [modloading-worker-0/INFO] [mixin/]: Mixing client.PipelinePoseStackMixin from veil.pipeline.mixins.json into com.mojang.blaze3d.vertex.PoseStack
[28серп.2026 07:53:38.377] [modloading-worker-0/INFO] [mixin/]: Mixing PoseStackAccessor from flywheel.impl.mixins.json into com.mojang.blaze3d.vertex.PoseStack
[28серп.2026 07:53:38.378] [modloading-worker-0/INFO] [mixin/]: Mixing PoseStackMixin from flywheel.impl.mixins.json into com.mojang.blaze3d.vertex.PoseStack
[28серп.2026 07:53:38.382] [modloading-worker-0/INFO] [mixin/]: Mixing accessor.ContraptionAccessor from simulated.mixins.json into com.simibubi.create.content.contraptions.Contraption
[28серп.2026 07:53:38.382] [modloading-worker-0/INFO] [mixin/]: Mixing compat.create.ContraptionMixin from createbigcannons.mixins.json into com.simibubi.create.content.contraptions.Contraption
[28серп.2026 07:53:38.424] [modloading-worker-0/INFO] [mixin/]: Mixing particle.ParticleMixin from sable.mixins.json into net.minecraft.client.particle.Particle
[28серп.2026 07:53:38.425] [modloading-worker-0/INFO] [mixin/]: Renaming synthetic method lambda$resolveAABBCollision$0(IIILorg/joml/Vector3d;Ldev/ryanhcode/sable/companion/math/BoundingBox3d;[DLorg/joml/Vector3d;DDDDDD)V to md504d38$sable$lambda$resolveAABBCollision$0$0 in sable.mixins.json:particle.ParticleMixin from mod sable
[28серп.2026 07:53:38.442] [modloading-worker-0/INFO] [mixin/]: Mixing propeller_bearing.BearingContraptionMixin from aeronautics.mixins.json into com.simibubi.create.content.contraptions.bearing.BearingContraption
[28серп.2026 07:53:38.446] [modloading-worker-0/INFO] [mixin/]: Mixing accessor.ControlledContraptionEntityAccessor from simulated.mixins.json into com.simibubi.create.content.contraptions.ControlledContraptionEntity
[28серп.2026 07:53:38.447] [modloading-worker-0/INFO] [mixin/]: Mixing compatibility.create.turntable.TurntableBlockMixin from sable-neoforge.mixins.json into com.simibubi.create.content.kinetics.turntable.TurntableBlock
[28серп.2026 07:53:38.452] [modloading-worker-0/INFO] [mixin/]: Mixing compat.create.AbstractContraptionEntityMixin from createbigcannons.mixins.json into com.simibubi.create.content.contraptions.AbstractContraptionEntity
[28серп.2026 07:53:38.452] [modloading-worker-0/INFO] [mixin/]: Mixing compatibility.create.contraptions.AbstractContraptionEntityMixin from sable-neoforge.mixins.json into com.simibubi.create.content.contraptions.AbstractContraptionEntity
[28серп.2026 07:53:38.463] [modloading-worker-0/INFO] [mixin/]: Mixing RocketLaunchSoundMixin from cbcatfix.mixins.json into com.dsvv.cbcat.cannon.rocketpod.munitions.AbstractRocket
[28серп.2026 07:53:38.464] [modloading-worker-0/INFO] [mixin/]: Mixing AbstractRocketMixin from cbcatfix.mixins.json into com.dsvv.cbcat.cannon.rocketpod.munitions.AbstractRocket
[28серп.2026 07:53:38.464] [modloading-worker-0/INFO] [mixin/]: Mixing AbstractRocketFlightMixin from cbcatfix.mixins.json into com.dsvv.cbcat.cannon.rocketpod.munitions.AbstractRocket
[28серп.2026 07:53:38.472] [modloading-worker-0/INFO] [mixin/]: Mixing AutocannonProjectileAccessor from create_radar.mixins.json into rbasamoyai.createbigcannons.munitions.AbstractCannonProjectile
[28серп.2026 07:53:38.473] [modloading-worker-0/WARN] [mixin/]: create_radar.mixins.json:AutocannonProjectileAccessor from mod create_radar: Class version 65 required is higher than the class version supported by the current version of Mixin (JAVA_17 supports class version 61)
[28серп.2026 07:53:38.473] [modloading-worker-0/INFO] [mixin/]: Mixing AbstractAutocannonProjectileMixin from cbc_at.mixins.json into rbasamoyai.createbigcannons.munitions.AbstractCannonProjectile
[28серп.2026 07:53:38.475] [modloading-worker-0/INFO] [mixin/]: Mixing compatibility.create.entity_falls_on_block.BeltMillstoneBlocksMixin from sable-neoforge.mixins.json into com.simibubi.create.content.kinetics.millstone.MillstoneBlock
[28серп.2026 07:53:38.477] [modloading-worker-0/INFO] [mixin/]: Mixing diagram.LightTextureMixin from simulated.mixins.json into net.minecraft.client.renderer.LightTexture
[28серп.2026 07:53:38.480] [modloading-worker-0/INFO] [mixin/]: Mixing borehead_collision.BoreheadContraptionEntityMixin from offroad.mixins.json into dev.ryanhcode.offroad.content.entities.BoreheadContraptionEntity
[28серп.2026 07:53:38.482] [modloading-worker-0/INFO] [mixin/]: Mixing compatibility.create.crushing_wheel.CrushingWheelBlockMixin from sable-neoforge.mixins.json into com.simibubi.create.content.kinetics.crusher.CrushingWheelBlock
[28серп.2026 07:53:38.488] [modloading-worker-0/INFO] [mixin/]: Mixing AbstractFuzedRocketMixin from cbcatfix.mixins.json into com.dsvv.cbcat.cannon.rocketpod.munitions.AbstractFuzedRocket
[28серп.2026 07:53:38.494] [modloading-worker-0/INFO] [mixin/]: Mixing RocketLaunchSoundMixin from cbcatfix.mixins.json into com.dsvv.cbcat.cannon.medium_rocketpod.munitions.AbstractMediumRocket
[28серп.2026 07:53:38.494] [modloading-worker-0/INFO] [mixin/]: Mixing AbstractMediumRocketMixin from cbcatfix.mixins.json into com.dsvv.cbcat.cannon.medium_rocketpod.munitions.AbstractMediumRocket
[28серп.2026 07:53:38.495] [modloading-worker-0/INFO] [mixin/]: Mixing AbstractMediumRocketFlightMixin from cbcatfix.mixins.json into com.dsvv.cbcat.cannon.medium_rocketpod.munitions.AbstractMediumRocket
[28серп.2026 07:53:38.498] [modloading-worker-0/INFO] [mixin/]: Mixing compatibility.create.entity_falls_on_block.BasinBlockMixin from sable-neoforge.mixins.json into com.simibubi.create.content.processing.basin.BasinBlock
[28серп.2026 07:53:38.501] [modloading-worker-0/INFO] [mixin/]: Mixing AbstractMediumFuzedRocketMixin from cbcatfix.mixins.json into com.dsvv.cbcat.cannon.medium_rocketpod.munitions.AbstractMediumFuzedRocket
[28серп.2026 07:53:38.504] [modloading-worker-0/INFO] [mixin/]: Mixing compatibility.create.basin_interactions.BasinBlockEntityMixin from sable-neoforge.mixins.json into com.simibubi.create.content.processing.basin.BasinBlockEntity
[28серп.2026 07:53:38.504] [modloading-worker-0/INFO] [mixin/]: Renaming synthetic method lambda$sable$accountForSubLevels$1(Lcom/llamalad7/mixinextras/injector/wrapoperation/Operation;Lnet/minecraft/world/level/Level;Ldev/ryanhcode/sable/sublevel/SubLevel;Lnet/minecraft/core/BlockPos;)Lnet/minecraft/world/level/block/entity/BlockEntity; to md504d38$sable$lambda$sable$accountForSubLevels$1$0 in sable-neoforge.mixins.json:compatibility.create.basin_interactions.BasinBlockEntityMixin from mod sable
[28серп.2026 07:53:38.504] [modloading-worker-0/INFO] [mixin/]: Renaming synthetic method lambda$sable$accountForSubLevels$0(Lnet/minecraft/world/level/Level;Ldev/ryanhcode/sable/sublevel/SubLevel;Lnet/minecraft/core/BlockPos;)Lcom/simibubi/create/content/processing/burner/BlazeBurnerBlock$HeatLevel; to md504d38$sable$lambda$sable$accountForSubLevels$0$1 in sable-neoforge.mixins.json:compatibility.create.basin_interactions.BasinBlockEntityMixin from mod sable
[28серп.2026 07:53:38.511] [modloading-worker-0/INFO] [mixin/]: Mixing accessor.ItemStackHandlerAccessor from create.mixins.json into net.neoforged.neoforge.items.ItemStackHandler
[28серп.2026 07:53:38.513] [modloading-worker-0/INFO] [mixin/]: Mixing ShellExplosionRedirectMixin from cbcatfix.mixins.json into com.dsvv.cbcat.cannon.heavy_autocannon.munitions.he_shell.HA_HEProjectile
[28серп.2026 07:53:38.520] [modloading-worker-0/INFO] [com.happysg.radar.CreateRadar/]: Registering block entity types!
[28серп.2026 07:53:38.520] [modloading-worker-0/INFO] [mixin/]: Mixing FlakExplosionRedirectMixin from cbcatfix.mixins.json into com.dsvv.cbcat.cannon.heavy_autocannon.munitions.hef_shell.HA_HEFProjectile
[28серп.2026 07:53:38.521] [modloading-worker-0/WARN] [mixin/]: Error loading class: com/dsvv/cbcat/cannon/autocannon/munitions/flak/AutocannonFlakProjectile (java.lang.ClassNotFoundException: com.dsvv.cbcat.cannon.autocannon.munitions.flak.AutocannonFlakProjectile)
[28серп.2026 07:53:38.521] [modloading-worker-0/INFO] [com.happysg.radar.CreateRadar/]: Registering CreativeTabs!
[28серп.2026 07:53:38.523] [modloading-worker-0/INFO] [com.happysg.radar.CreateRadar/]: Registering Lang!
[28серп.2026 07:53:38.524] [modloading-worker-0/INFO] [mixin/]: Mixing ShellExplosionRedirectMixin from cbcatfix.mixins.json into com.dsvv.cbcat.cannon.heavy_autocannon.munitions.heat_shell.HA_HEATProjectile
[28серп.2026 07:53:38.527] [modloading-worker-0/INFO] [mixin/]: Mixing SmokeExplosionRedirectMixin from cbcatfix.mixins.json into com.dsvv.cbcat.cannon.heavy_autocannon.munitions.smoke_shell.HA_SmokeProjectile
[28серп.2026 07:53:38.529] [modloading-worker-0/INFO] [mixin/]: Mixing self_mixins.DiagramEntityMixin from simulated-neoforge.mixins.json into dev.simulated_team.simulated.content.entities.diagram.DiagramEntity
[28серп.2026 07:53:38.533] [modloading-worker-0/INFO] [mixin/]: Mixing MountedItemStorageMixin from offroad.neoforge.mixins.json into com.simibubi.create.api.contraption.storage.item.MountedItemStorage
[28серп.2026 07:53:38.538] [modloading-worker-0/INFO] [mixin/]: Mixing ShellExplosionRedirectMixin from cbcatfix.mixins.json into com.dsvv.cbcat.cannon.autocannon.munitions.he.AutocannonHEProjectile
[28серп.2026 07:53:38.542] [modloading-worker-0/INFO] [mixin/]: Mixing item_renderer.PhysicsStaffItemMixin from simulated-neoforge.mixins.json into dev.simulated_team.simulated.content.physics_staff.PhysicsStaffItem
[28серп.2026 07:53:38.543] [modloading-worker-0/INFO] [mixin/]: Mixing compatibility.create.super_glue.SuperGlueEntityMixin from sable-neoforge.mixins.json into com.simibubi.create.content.contraptions.glue.SuperGlueEntity
[28серп.2026 07:53:38.543] [modloading-worker-0/INFO] [mixin/]: Renaming synthetic method lambda$sable$collectGlueEntities$0(Ljava/util/List;Lnet/minecraft/world/entity/Entity;)Lnet/minecraft/util/AbortableIterationConsumer$Continuation; to md504d38$sable$lambda$sable$collectGlueEntities$0$0 in sable-neoforge.mixins.json:compatibility.create.super_glue.SuperGlueEntityMixin from mod sable
[28серп.2026 07:53:38.545] [modloading-worker-0/INFO] [mixin/]: Mixing ShellExplosionRedirectMixin from cbcatfix.mixins.json into com.dsvv.cbcat.cannon.autocannon.munitions.hei.AutocannonHEIProjectile
[28серп.2026 07:53:38.547] [modloading-worker-0/INFO] [mixin/]: Mixing self_mixins.PlungerLauncherItemMixin from simulated-neoforge.mixins.json into dev.simulated_team.simulated.content.items.plunger_launcher.PlungerLauncherItem
[28серп.2026 07:53:38.551] [modloading-worker-0/INFO] [mixin/]: Mixing compatibility.create.behaviour_compatibility.BlockEntityBehaviourMixin from sable-neoforge.mixins.json into com.simibubi.create.foundation.blockEntity.behaviour.BlockEntityBehaviour
[28серп.2026 07:53:38.552] [modloading-worker-0/INFO] [mixin/]: Renaming synthetic method lambda$sable$accountForSubLevels$0(Lnet/minecraft/world/level/Level;Ldev/ryanhcode/sable/sublevel/SubLevel;Lnet/minecraft/core/BlockPos;)Lnet/minecraft/world/level/block/entity/BlockEntity; to md504d38$sable$lambda$sable$accountForSubLevels$0$0 in sable-neoforge.mixins.json:compatibility.create.behaviour_compatibility.BlockEntityBehaviourMixin from mod sable
[28серп.2026 07:53:38.557] [modloading-worker-0/INFO] [mixin/]: Mixing compatibility.create.ejector.EjectorBlockMixin from sable-neoforge.mixins.json into com.simibubi.create.content.logistics.depot.EjectorBlock
[28серп.2026 07:53:38.562] [modloading-worker-0/INFO] [mixin/]: Mixing PitchOrientedContraptionEntityMixin from cbcatfix.mixins.json into rbasamoyai.createbigcannons.cannon_control.contraption.PitchOrientedContraptionEntity
[28серп.2026 07:53:38.562] [modloading-worker-0/INFO] [mixin/]: Mixing client.PitchOrientedContraptionEntityMixin from createbigcannons.mixins.json into rbasamoyai.createbigcannons.cannon_control.contraption.PitchOrientedContraptionEntity
[28серп.2026 07:53:38.568] [modloading-worker-0/INFO] [mixin/]: Mixing MediumRocketPodBreechBlockEntityMixin from cbcatfix.mixins.json into com.dsvv.cbcat.cannon.medium_rocketpod.breech.MediumRocketPodBreechBlockEntity
[28серп.2026 07:53:38.569] [modloading-worker-0/WARN] [mixin/]: @Shadow target cbcatfix.mixins.json:MediumRocketPodBreechBlockEntityMixin from mod cbcatfix::inputBuffer is final but shadow is not decorated with @Final
[28серп.2026 07:53:38.577] [modloading-worker-0/INFO] [mixin/]: Mixing assembly_preventer.ServerSubLevelMixin from simulated.mixins.json into dev.ryanhcode.sable.sublevel.ServerSubLevel
[28серп.2026 07:53:38.578] [modloading-worker-0/INFO] [mixin/]: Mixing new_ponder.PonderSceneRegistryMixin from simulated.mixins.json into net.createmod.ponder.foundation.registration.PonderSceneRegistry
[28серп.2026 07:53:38.582] [modloading-worker-0/INFO] [mixin/]: Mixing FuzedBlockEntityMixin from cbcatfix.mixins.json into rbasamoyai.createbigcannons.munitions.big_cannon.FuzedBlockEntity
[28серп.2026 07:53:38.605] [modloading-worker-0/INFO] [mixin/]: Mixing compat.create.MechanicalPistonBlockMixin from createbigcannons.mixins.json into com.simibubi.create.content.contraptions.piston.MechanicalPistonBlock
[28серп.2026 07:53:38.617] [modloading-worker-0/INFO] [mixin/]: Mixing compat.create.PulleyBlockMixin from createbigcannons.mixins.json into com.simibubi.create.content.contraptions.pulley.PulleyBlock
[28серп.2026 07:53:38.621] [modloading-worker-0/INFO] [mixin/]: Mixing compat.create.RopeBlockBaseMixin from createbigcannons.mixins.json into com.simibubi.create.content.contraptions.pulley.PulleyBlock$RopeBlockBase
[28серп.2026 07:53:38.641] [modloading-worker-0/INFO] [mixin/]: Mixing compatibility.create.sticker.StickerBlockMixin from sable-neoforge.mixins.json into com.simibubi.create.content.contraptions.chassis.StickerBlock
[28серп.2026 07:53:38.650] [modloading-worker-0/INFO] [mixin/]: Mixing compatibility.create.block_breakers.BlockBreakingKineticBlockEntityDamageMixin from sable-neoforge.mixins.json into com.simibubi.create.content.kinetics.drill.DrillBlock
[28серп.2026 07:53:38.654] [modloading-worker-0/INFO] [mixin/]: Mixing compatibility.create.behaviour_compatibility.block_breaking_behaviour.BlockBreakingMovementBehaviourMixin from sable-neoforge.mixins.json into com.simibubi.create.content.kinetics.base.BlockBreakingMovementBehaviour
[28серп.2026 07:53:38.654] [modloading-worker-0/INFO] [mixin/]: Renaming synthetic method lambda$sable$testBreakingPosDist$1(Lnet/minecraft/nbt/CompoundTag;)Lnet/minecraft/core/BlockPos; to md504d38$sable$lambda$sable$testBreakingPosDist$1$0 in sable-neoforge.mixins.json:compatibility.create.behaviour_compatibility.block_breaking_behaviour.BlockBreakingMovementBehaviourMixin from mod sable
[28серп.2026 07:53:38.654] [modloading-worker-0/INFO] [mixin/]: Renaming synthetic method lambda$sable$checkPosition$0(Lcom/simibubi/create/content/contraptions/behaviour/MovementContext;Lnet/minecraft/core/BlockPos;Lnet/minecraft/world/level/block/state/BlockState;)Z to md504d38$sable$lambda$sable$checkPosition$0$1 in sable-neoforge.mixins.json:compatibility.create.behaviour_compatibility.block_breaking_behaviour.BlockBreakingMovementBehaviourMixin from mod sable
[28серп.2026 07:53:38.661] [modloading-worker-0/INFO] [mixin/]: Mixing compatibility.create.block_breakers.BlockBreakingKineticBlockEntityDamageMixin from sable-neoforge.mixins.json into com.simibubi.create.content.kinetics.saw.SawBlock
[28серп.2026 07:53:38.662] [modloading-worker-0/INFO] [mixin/]: Mixing compatibility.create.entity_falls_on_block.SawBlockMixin from sable-neoforge.mixins.json into com.simibubi.create.content.kinetics.saw.SawBlock
[28серп.2026 07:53:38.666] [modloading-worker-0/INFO] [mixin/]: Mixing compatibility.create.behaviour_compatibility.block_breaking_behaviour.SawMovementBehaviourMixin from sable-neoforge.mixins.json into com.simibubi.create.content.kinetics.saw.SawMovementBehaviour
[28серп.2026 07:53:38.673] [modloading-worker-0/INFO] [mixin/]: Mixing compatibility.create.redstone_contacts.RedstoneContactBlockMixin from sable-neoforge.mixins.json into com.simibubi.create.content.redstone.contact.RedstoneContactBlock
[28серп.2026 07:53:38.678] [modloading-worker-0/INFO] [mixin/]: Mixing client.CannonMountDisplaySourceMixin from createbigcannons.mixins.json into rbasamoyai.createbigcannons.cannon_control.cannon_mount.CannonMountDisplaySource
[28серп.2026 07:53:38.678] [modloading-worker-0/INFO] [mixin/]: Renaming synthetic method lambda$initConfigurationWidgets$0(Lcom/simibubi/create/foundation/gui/widget/SelectionScrollInput;Lcom/simibubi/create/foundation/gui/widget/Label;)V to md504d38$createbigcannons$lambda$initConfigurationWidgets$0$0 in createbigcannons.mixins.json:client.CannonMountDisplaySourceMixin from mod createbigcannons
[28серп.2026 07:53:38.681] [modloading-worker-0/INFO] [mixin/]: Mixing self_mixins.HoneyGlueEntityMixin from simulated-neoforge.mixins.json into dev.simulated_team.simulated.content.entities.honey_glue.HoneyGlueEntity
[28серп.2026 07:53:38.682] [modloading-worker-0/INFO] [mixin/]: Mixing compatibility.create.behaviour_compatibility.harvester_block_entity.HarvesterBlockMixin from sable-neoforge.mixins.json into com.simibubi.create.content.contraptions.actors.harvester.HarvesterBlock
[28серп.2026 07:53:38.684] [modloading-worker-0/INFO] [mixin/]: Mixing compatibility.create.behaviour_compatibility.harvester_behaviour.HarvesterMovementBehaviourMixin from sable-neoforge.mixins.json into com.simibubi.create.content.contraptions.actors.harvester.HarvesterMovementBehaviour
[28серп.2026 07:53:38.685] [modloading-worker-0/INFO] [mixin/]: Renaming synthetic method lambda$sable$checkAllPositions$0(Lcom/llamalad7/mixinextras/injector/wrapoperation/Operation;Lcom/simibubi/create/content/contraptions/behaviour/MovementContext;Ldev/ryanhcode/sable/sublevel/SubLevel;Lnet/minecraft/core/BlockPos;)Ljava/lang/Object; to md504d38$sable$lambda$sable$checkAllPositions$0$0 in sable-neoforge.mixins.json:compatibility.create.behaviour_compatibility.harvester_behaviour.HarvesterMovementBehaviourMixin from mod sable
[28серп.2026 07:53:38.685] [modloading-worker-0/INFO] [mixin/]: Mixing compatibility.create.behaviour_compatibility.harvester_block_entity.HarvesterBlockEntityUsageMixin from sable-neoforge.mixins.json into com.simibubi.create.content.contraptions.actors.harvester.HarvesterMovementBehaviour
[28серп.2026 07:53:38.694] [modloading-worker-0/INFO] [mixin/]: Mixing AbstractCannonAccessor from create_radar.mixins.json into rbasamoyai.createbigcannons.cannon_control.contraption.AbstractMountedCannonContraption
[28серп.2026 07:53:38.694] [modloading-worker-0/INFO] [mixin/]: Mixing AbstractMountedCannonContraptionAccessor from cbcatfix.mixins.json into rbasamoyai.createbigcannons.cannon_control.contraption.AbstractMountedCannonContraption
[28серп.2026 07:53:38.696] [modloading-worker-0/INFO] [mixin/]: Mixing MountedBigCannonContraptionMixin from cbc_at.mixins.json into rbasamoyai.createbigcannons.cannon_control.contraption.MountedBigCannonContraption
[28серп.2026 07:53:38.711] [modloading-worker-0/INFO] [mixin/]: Mixing compatibility.create.tracks.TrackBlockMixin from sable-neoforge.mixins.json into com.simibubi.create.content.trains.track.TrackBlock
[28серп.2026 07:53:38.713] [modloading-worker-0/INFO] [mixin/]: Mixing AbstractBigCannonProjectileMixin from cbcmoreshells.mixins.json into rbasamoyai.createbigcannons.munitions.big_cannon.AbstractBigCannonProjectile
[28серп.2026 07:53:38.714] [modloading-worker-0/WARN] [mixin/]: cbcmoreshells.mixins.json:AbstractBigCannonProjectileMixin from mod cbcmoreshells: Class version 65 required is higher than the class version supported by the current version of Mixin (JAVA_17 supports class version 61)
[28серп.2026 07:53:38.719] [modloading-worker-0/INFO] [mixin/]: Mixing auger_shaft.GirderBlockMixin from simulated.mixins.json into com.simibubi.create.content.decoration.girder.GirderBlock
[28серп.2026 07:53:38.722] [modloading-worker-0/INFO] [mixin/]: Mixing FuzedClusterProjectileMixin from cbcatfix.mixins.json into rbasamoyai.createbigcannons.munitions.big_cannon.FuzedBigCannonProjectile
[28серп.2026 07:53:38.732] [modloading-worker-0/INFO] [mixin/]: Mixing compat.simulated.SimAssemblyHelperMixin from createbigcannons.mixins.json into dev.simulated_team.simulated.util.SimAssemblyHelper
[28серп.2026 07:53:38.733] [modloading-worker-0/INFO] [mixin/]: Mixing balloon.SimAssemblyHelperMixin from aeronautics.mixins.json into dev.simulated_team.simulated.util.SimAssemblyHelper
[28серп.2026 07:53:38.735] [modloading-worker-0/INFO] [mixin/]: Mixing compatibility.create.tracks.TrackBlockItemMixin from sable-neoforge.mixins.json into com.simibubi.create.content.trains.track.TrackBlockItem
[28серп.2026 07:53:38.737] [modloading-worker-0/INFO] [mixin/]: Mixing compat.sable.SubLevelHeatMapManagerMixin from createbigcannons.mixins.json into dev.ryanhcode.sable.sublevel.plot.heat.SubLevelHeatMapManager
[28серп.2026 07:53:38.747] [modloading-worker-0/INFO] [mixin/]: Mixing compatibility.create.tracks.TrackBlockItemMixin from sable-neoforge.mixins.json into com.simibubi.create.content.trains.track.TrackTargetingBlockItem
[28серп.2026 07:53:38.753] [modloading-worker-0/INFO] [mixin/]: Mixing compatibility.create.funnels.FunnelBlockMixin from sable-neoforge.mixins.json into com.simibubi.create.content.logistics.funnel.FunnelBlock
[28серп.2026 07:53:38.798] [modloading-worker-0/INFO] [mixin/]: Mixing compatibility.create.render_fixes.SafeBlockEntityRendererMixin from sable-neoforge.mixins.json into com.simibubi.create.foundation.blockEntity.renderer.SafeBlockEntityRenderer
[28серп.2026 07:53:38.802] [modloading-worker-0/INFO] [mixin/]: Mixing compatibility.create.frogports.FrogportBlockMixin from sable-neoforge.mixins.json into com.simibubi.create.content.logistics.packagePort.frogport.FrogportBlock
[28серп.2026 07:53:38.808] [modloading-worker-0/INFO] [mixin/]: Mixing compatibility.create.frogports.FrogportBlockEntityMixin from sable-neoforge.mixins.json into com.simibubi.create.content.logistics.packagePort.frogport.FrogportBlockEntity
[28серп.2026 07:53:38.835] [modloading-worker-0/INFO] [mixin/]: Mixing compatibility.create.display_link.DisplayLinkBlockMixin from sable-neoforge.mixins.json into com.simibubi.create.content.redstone.displayLink.DisplayLinkBlock
[28серп.2026 07:53:38.840] [modloading-worker-0/INFO] [mixin/]: Mixing conditional_display_target.DisplayLinkScreenMixin from simulated.mixins.json into com.simibubi.create.content.redstone.displayLink.DisplayLinkScreen
[28серп.2026 07:53:38.848] [modloading-worker-0/INFO] [mixin/]: Mixing compatibility.create.display_link.ClickToLinkBlockItemMixin from sable-neoforge.mixins.json into com.simibubi.create.content.redstone.displayLink.ClickToLinkBlockItem
[28серп.2026 07:53:38.850] [modloading-worker-0/INFO] [mixin/]: Mixing ClusterMunitionAssemblyRecipeMixin from cbcatfix.mixins.json into com.dsvv.cbcat.crafting.ClusterMunitionAssemblyRecipe
[28серп.2026 07:53:38.850] [modloading-worker-0/INFO] [mixin/]: Renaming synthetic method lambda$onMatches$0(Lnet/minecraft/world/item/Item;Lnet/minecraft/world/item/ItemStack;)Z to md504d38$cbcatfix$lambda$onMatches$0$0 in cbcatfix.mixins.json:ClusterMunitionAssemblyRecipeMixin from mod cbcatfix
[28серп.2026 07:53:38.866] [modloading-worker-0/INFO] [cbcatfix/]: [CBCAT Fix] Loaded — ControlPitchContraption.onRecoil compatibility patch active.
[28серп.2026 07:53:38.866] [modloading-worker-0/INFO] [cbcatfix/]: [CBCAT Fix] cbc_at cannons should no longer crash on fire.
[28серп.2026 07:53:38.866] [modloading-worker-0/INFO] [cbcatfix/]: [CBCAT Fix] Initialized 10 cbc_at recipe serializers before registry events.
[28серп.2026 07:53:38.867] [modloading-worker-0/INFO] [mixin/]: Mixing nav_table_compat.RedstoneLinkBlockMixin from simulated.mixins.json into com.simibubi.create.content.redstone.link.RedstoneLinkBlock
[28серп.2026 07:53:38.879] [modloading-worker-0/INFO] [mixin/]: Mixing ExplosionPropertiesComponentMixin from cbcatfix.mixins.json into rbasamoyai.createbigcannons.munitions.config.components.ExplosionPropertiesComponent
[28серп.2026 07:53:38.888] [modloading-worker-0/INFO] [mixin/]: Mixing compatibility.create.vertical_gearbox.VerticalGearboxItemMixin from sable-neoforge.mixins.json into com.simibubi.create.content.kinetics.gearbox.VerticalGearboxItem
[28серп.2026 07:53:38.893] [modloading-worker-0/INFO] [mixin/]: Mixing create_assembly.LinearActuatorBlockEntityMixin from simulated.mixins.json into com.simibubi.create.content.contraptions.piston.LinearActuatorBlockEntity
[28серп.2026 07:53:38.896] [modloading-worker-0/INFO] [mixin/]: Mixing compat.create.TranslatingContraptionMixin from createbigcannons.mixins.json into com.simibubi.create.content.contraptions.TranslatingContraption
[28серп.2026 07:53:38.900] [modloading-worker-0/INFO] [mixin/]: Mixing compatibility.create.blueprint.BlueprintEntityMixin from sable-neoforge.mixins.json into com.simibubi.create.content.equipment.blueprint.BlueprintEntity
[28серп.2026 07:53:38.904] [modloading-worker-0/INFO] [mixin/]: Mixing ControlPitchContraptionMixin from cbcatfix.mixins.json into rbasamoyai.createbigcannons.cannon_control.ControlPitchContraption
[28серп.2026 07:53:38.909] [modloading-worker-0/INFO] [mixin/]: Mixing CannonCarriageEntityMixin from cbc_at.mixins.json into rbasamoyai.createbigcannons.cannon_control.carriage.CannonCarriageEntity
[28серп.2026 07:53:38.915] [modloading-worker-0/INFO] [mixin/]: Mixing linked_controller_binding.LinkedControllerItemMixin from simulated.mixins.json into com.simibubi.create.content.redstone.link.controller.LinkedControllerItem
[28серп.2026 07:53:38.921] [modloading-worker-0/INFO] [mixin/]: Mixing potato_cannon_projectiles.PotatoProjectileEntityMixin from aeronautics.mixins.json into com.simibubi.create.content.equipment.potatoCannon.PotatoProjectileEntity
[28серп.2026 07:53:38.928] [modloading-worker-0/INFO] [mixin/]: Mixing extendo_grip.ExtendoGripItemMixin from simulated.mixins.json into com.simibubi.create.content.equipment.extendoGrip.ExtendoGripItem
[28серп.2026 07:53:38.930] [modloading-worker-0/INFO] [mixin/]: Mixing compatibility.create.basin_interactions.BasinOperatingBlockEntityMixin from sable-neoforge.mixins.json into com.simibubi.create.content.processing.basin.BasinOperatingBlockEntity
[28серп.2026 07:53:38.930] [modloading-worker-0/INFO] [mixin/]: Renaming synthetic method lambda$sable$accountForSubLevels$0(Lnet/minecraft/world/level/Level;Ldev/ryanhcode/sable/sublevel/SubLevel;Lnet/minecraft/core/BlockPos;)Lnet/minecraft/world/level/block/entity/BlockEntity; to md504d38$sable$lambda$sable$accountForSubLevels$0$0 in sable-neoforge.mixins.json:compatibility.create.basin_interactions.BasinOperatingBlockEntityMixin from mod sable
[28серп.2026 07:53:38.936] [modloading-worker-0/INFO] [mixin/]: Mixing compatibility.create.zapper.ZapperItemMixin from sable-neoforge.mixins.json into com.simibubi.create.content.equipment.zapper.ZapperItem
[28серп.2026 07:53:38.944] [modloading-worker-0/INFO] [mixin/]: Mixing compat.create.FilterItemMixin from createbigcannons.mixins.json into com.simibubi.create.content.logistics.filter.FilterItem
[28серп.2026 07:53:38.953] [modloading-worker-0/INFO] [mixin/]: Mixing clip_overwrite.ClipContextMixin from sable.mixins.json into net.minecraft.world.level.ClipContext
[28серп.2026 07:53:38.955] [modloading-worker-0/INFO] [mixin/]: Mixing compatibility.create.impact.AbstractBellBlockAccessor from sable-neoforge.mixins.json into com.simibubi.create.content.equipment.bell.AbstractBellBlock
[28серп.2026 07:53:38.955] [modloading-worker-0/INFO] [mixin/]: Mixing compatibility.create.impact.AbstractBellBlockMixin from sable-neoforge.mixins.json into com.simibubi.create.content.equipment.bell.AbstractBellBlock
[28серп.2026 07:53:38.971] [modloading-worker-0/INFO] [mixin/]: Mixing MunitionFuzingRecipeMixin from cbcmoreshells.mixins.json into rbasamoyai.createbigcannons.crafting.munition_assembly.MunitionFuzingRecipe
[28серп.2026 07:53:38.983] [modloading-worker-0/INFO] [mixin/]: Mixing compatibility.create.entity_falls_on_block.SeatBlockMixin from sable-neoforge.mixins.json into com.simibubi.create.content.contraptions.actors.seat.SeatBlock
[28серп.2026 07:53:39.016] [modloading-worker-0/INFO] [mixin/]: Mixing propeller_bearing.PropellerBearingContraptionEntityMixin from aeronautics.mixins.json into dev.eriksonn.aeronautics.content.blocks.propeller.bearing.contraption.PropellerBearingContraptionEntity
[28серп.2026 07:53:39.058] [modloading-worker-0/INFO] [mixin/]: Mixing compatibility.create.redstone_contacts.AllBlockEntityTypesMixin from sable-neoforge.mixins.json into com.simibubi.create.AllBlockEntityTypes
[28серп.2026 07:53:39.077] [modloading-worker-0/INFO] [mixin/]: Mixing compatibility.create.fans_provide_force.EncasedFanBlockEntityMixin from sable-neoforge.mixins.json into com.simibubi.create.content.kinetics.fan.EncasedFanBlockEntity
[28серп.2026 07:53:39.082] [modloading-worker-0/INFO] [mixin/]: Mixing compatibility.create.nozzle.NozzleBlockEntityAccessor from sable-neoforge.mixins.json into com.simibubi.create.content.kinetics.fan.NozzleBlockEntity
[28серп.2026 07:53:39.082] [modloading-worker-0/INFO] [mixin/]: Mixing compatibility.create.nozzle.block_entity.NozzleBEFixesMixin from sable-neoforge.mixins.json into com.simibubi.create.content.kinetics.fan.NozzleBlockEntity
[28серп.2026 07:53:39.084] [modloading-worker-0/INFO] [mixin/]: Mixing compatibility.create.nozzle.block_entity.NozzleHoveringMixin from sable-neoforge.mixins.json into com.simibubi.create.content.kinetics.fan.NozzleBlockEntity
[28серп.2026 07:53:39.086] [modloading-worker-0/INFO] [mixin/]: Mixing compatibility.create.nozzle.block_entity.ValidNozzledirectionMixin from sable-neoforge.mixins.json into com.simibubi.create.content.kinetics.fan.NozzleBlockEntity
[28серп.2026 07:53:39.099] [modloading-worker-0/INFO] [mixin/]: Mixing compat.create.GantryContraptionMixin from createbigcannons.mixins.json into com.simibubi.create.content.contraptions.gantry.GantryContraption
[28серп.2026 07:53:39.105] [modloading-worker-0/INFO] [mixin/]: Mixing compatibility.create.chain_conveyor.ChainConveyorBlockEntityMixin from sable-neoforge.mixins.json into com.simibubi.create.content.kinetics.chainConveyor.ChainConveyorBlockEntity
[28серп.2026 07:53:39.106] [modloading-worker-0/INFO] [mixin/]: Mixing compatibility.create.frogports.ChainConveyorBlockEntityMixin from sable-neoforge.mixins.json into com.simibubi.create.content.kinetics.chainConveyor.ChainConveyorBlockEntity
[28серп.2026 07:53:39.123] [modloading-worker-0/INFO] [mixin/]: Mixing compatibility.create.hose_pulley.HosePulleyBlockEntityMixin from sable-neoforge.mixins.json into com.simibubi.create.content.fluids.hosePulley.HosePulleyBlockEntity
[28серп.2026 07:53:39.124] [modloading-worker-0/INFO] [mixin/]: Renaming synthetic method lambda$sable$getBlockState$0(Lcom/llamalad7/mixinextras/injector/wrapoperation/Operation;Lnet/minecraft/world/level/Level;ZLdev/ryanhcode/sable/sublevel/SubLevel;Lnet/minecraft/core/BlockPos;)Lnet/minecraft/world/level/block/state/BlockState; to md504d38$sable$lambda$sable$getBlockState$0$0 in sable-neoforge.mixins.json:compatibility.create.hose_pulley.HosePulleyBlockEntityMixin from mod sable
[28серп.2026 07:53:39.133] [modloading-worker-0/INFO] [mixin/]: Mixing compatibility.create.inventory_manipulation.ChuteBlockEntityMixin from sable-neoforge.mixins.json into com.simibubi.create.content.logistics.chute.ChuteBlockEntity
[28серп.2026 07:53:39.133] [modloading-worker-0/INFO] [mixin/]: Renaming synthetic method lambda$sable$grabCap$0(Lorg/joml/Vector3d;Lorg/joml/Vector3d;Lnet/minecraft/world/level/Level;Ldev/ryanhcode/sable/sublevel/SubLevel;Lnet/minecraft/core/BlockPos;)Lnet/neoforged/neoforge/items/IItemHandler; to md504d38$sable$lambda$sable$grabCap$0$0 in sable-neoforge.mixins.json:compatibility.create.inventory_manipulation.ChuteBlockEntityMixin from mod sable
[28серп.2026 07:53:39.147] [modloading-worker-0/INFO] [mixin/]: Mixing compatibility.create.mechnical_arm.MechanicalArmBlockEntity from sable-neoforge.mixins.json into com.simibubi.create.content.kinetics.mechanicalArm.ArmBlockEntity
[28серп.2026 07:53:39.162] [modloading-worker-0/INFO] [mixin/]: Mixing compat.create.PistonContraptionMixin from createbigcannons.mixins.json into com.simibubi.create.content.contraptions.piston.PistonContraption
[28серп.2026 07:53:39.173] [modloading-worker-0/INFO] [mixin/]: Mixing create_assembly.ClockworkBearingBlockEntityMixin from simulated.mixins.json into com.simibubi.create.content.contraptions.bearing.ClockworkBearingBlockEntity
[28серп.2026 07:53:39.178] [modloading-worker-0/INFO] [mixin/]: Mixing compat.create.PulleyBlockEntityMixin from createbigcannons.mixins.json into com.simibubi.create.content.contraptions.pulley.PulleyBlockEntity
[28серп.2026 07:53:39.190] [modloading-worker-0/INFO] [mixin/]: Mixing compat.create.PulleyContraptionMixin from createbigcannons.mixins.json into com.simibubi.create.content.contraptions.pulley.PulleyContraption
[28серп.2026 07:53:39.197] [modloading-worker-0/INFO] [mixin/]: Mixing create_assembly.ElevatorPulleyBlockEntityMixin from simulated.mixins.json into com.simibubi.create.content.contraptions.elevator.ElevatorPulleyBlockEntity
[28серп.2026 07:53:39.201] [modloading-worker-0/INFO] [mixin/]: Mixing compat.create.ChassisBlockEntityMixin from createbigcannons.mixins.json into com.simibubi.create.content.contraptions.chassis.ChassisBlockEntity
[28серп.2026 07:53:39.214] [modloading-worker-0/INFO] [mixin/]: Mixing compatibility.create.sticker.StickerBlockEntityMixin from sable-neoforge.mixins.json into com.simibubi.create.content.contraptions.chassis.StickerBlockEntity
[28серп.2026 07:53:39.214] [modloading-worker-0/INFO] [mixin/]: Renaming synthetic method lambda$tick$3()Ljava/lang/Runnable; to md504d38$sable$lambda$tick$3$0 in sable-neoforge.mixins.json:compatibility.create.sticker.StickerBlockEntityMixin from mod sable
[28серп.2026 07:53:39.214] [modloading-worker-0/INFO] [mixin/]: Renaming synthetic method lambda$tick$2()V to md504d38$sable$lambda$tick$2$1 in sable-neoforge.mixins.json:compatibility.create.sticker.StickerBlockEntityMixin from mod sable
[28серп.2026 07:53:39.214] [modloading-worker-0/INFO] [mixin/]: Renaming synthetic method lambda$tick$1()Ljava/lang/Runnable; to md504d38$sable$lambda$tick$1$2 in sable-neoforge.mixins.json:compatibility.create.sticker.StickerBlockEntityMixin from mod sable
[28серп.2026 07:53:39.214] [modloading-worker-0/INFO] [mixin/]: Renaming synthetic method lambda$tick$0()V to md504d38$sable$lambda$tick$0$3 in sable-neoforge.mixins.json:compatibility.create.sticker.StickerBlockEntityMixin from mod sable
[28серп.2026 07:53:39.237] [modloading-worker-0/INFO] [mixin/]: Mixing harvesters.BlockBreakingTileEntityMixin from simulated-neoforge.mixins.json into com.simibubi.create.content.kinetics.base.BlockBreakingKineticBlockEntity
[28серп.2026 07:53:39.237] [modloading-worker-0/INFO] [mixin/]: Mixing compatibility.create.block_breakers.BlockBreakingKineticBlockEntityMixin from sable-neoforge.mixins.json into com.simibubi.create.content.kinetics.base.BlockBreakingKineticBlockEntity
[28серп.2026 07:53:39.238] [modloading-worker-0/INFO] [mixin/]: Renaming synthetic method lambda$sable$preGetBlockToBreak$0(Lnet/minecraft/core/BlockPos;Lnet/minecraft/world/level/block/state/BlockState;)Z to md504d38$sable$lambda$sable$preGetBlockToBreak$0$0 in sable-neoforge.mixins.json:compatibility.create.block_breakers.BlockBreakingKineticBlockEntityMixin from mod sable
[28серп.2026 07:53:39.243] [modloading-worker-0/INFO] [mixin/]: Mixing harvesters.SawTileEntityMixin from simulated-neoforge.mixins.json into com.simibubi.create.content.kinetics.saw.SawBlockEntity
[28серп.2026 07:53:39.244] [modloading-worker-0/INFO] [mixin/]: Mixing compatibility.create.saw.SawBlockEntityMixin from sable-neoforge.mixins.json into com.simibubi.create.content.kinetics.saw.SawBlockEntity
[28серп.2026 07:53:39.250] [modloading-worker-0/INFO] [mixin/]: Mixing harvesters.SableHarvesterMixin from simulated-neoforge.mixins.json into com.simibubi.create.content.contraptions.actors.harvester.HarvesterBlockEntity
[28серп.2026 07:53:39.250] [modloading-worker-0/INFO] [mixin/]: Mixing compatibility.create.behaviour_compatibility.harvester_block_entity.HarvesterBlockEntityMixin from sable-neoforge.mixins.json into com.simibubi.create.content.contraptions.actors.harvester.HarvesterBlockEntity
[28серп.2026 07:53:39.251] [modloading-worker-0/INFO] [mixin/]: Renaming synthetic method lambda$sable$tick$0(Ldev/ryanhcode/sable/sublevel/SubLevel;Lnet/minecraft/core/BlockPos;)Lnet/minecraft/core/BlockPos; to md504d38$sable$lambda$sable$tick$0$0 in sable-neoforge.mixins.json:compatibility.create.behaviour_compatibility.harvester_block_entity.HarvesterBlockEntityMixin from mod sable
[28серп.2026 07:53:39.261] [modloading-worker-0/INFO] [mixin/]: Mixing flywheel_block_entity.FlywheelBlockEntityMixin from aeronautics.mixins.json into com.simibubi.create.content.kinetics.flywheel.FlywheelBlockEntity
[28серп.2026 07:53:39.262] [modloading-worker-0/INFO] [mixin/]: Mixing compatibility.create.flywheel.FlywheelBlockEntityMixin from sable-neoforge.mixins.json into com.simibubi.create.content.kinetics.flywheel.FlywheelBlockEntity
[28серп.2026 07:53:39.267] [modloading-worker-0/INFO] [mixin/]: Mixing compatibility.create.crushing_wheel_entity_processing.CrushingWheelControllerBlockEntityMixin from sable-neoforge.mixins.json into com.simibubi.create.content.kinetics.crusher.CrushingWheelControllerBlockEntity
[28серп.2026 07:53:39.273] [modloading-worker-0/INFO] [mixin/]: Mixing levitite.WaterWheelBlockEntityMixin from aeronautics.mixins.json into com.simibubi.create.content.kinetics.waterwheel.WaterWheelBlockEntity
[28серп.2026 07:53:39.280] [modloading-worker-0/INFO] [mixin/]: Mixing compatibility.create.deployer.DeployerBlockEntityMixin from sable-neoforge.mixins.json into com.simibubi.create.content.kinetics.deployer.DeployerBlockEntity
[28серп.2026 07:53:39.287] [modloading-worker-0/INFO] [mixin/]: Mixing compatibility.create.blaze_burner.BlazeBurnerBlockEntityMixin from sable-neoforge.mixins.json into com.simibubi.create.content.processing.burner.BlazeBurnerBlockEntity
[28серп.2026 07:53:39.296] [modloading-worker-0/INFO] [mixin/]: Mixing compatibility.create.inventory_manipulation.CapManipulationBehaviourBaseMixin from sable-neoforge.mixins.json into com.simibubi.create.foundation.blockEntity.behaviour.inventory.CapManipulationBehaviourBase
[28серп.2026 07:53:39.297] [modloading-worker-0/INFO] [mixin/]: Renaming synthetic method lambda$sable$findNewCapOnSubLevel$0(Lnet/minecraft/world/level/Level;Ldev/ryanhcode/sable/sublevel/SubLevel;Lnet/minecraft/core/BlockPos;)Lnet/minecraft/world/level/block/entity/BlockEntity; to md504d38$sable$lambda$sable$findNewCapOnSubLevel$0$0 in sable-neoforge.mixins.json:compatibility.create.inventory_manipulation.CapManipulationBehaviourBaseMixin from mod sable
[28серп.2026 07:53:39.305] [modloading-worker-0/INFO] [mixin/]: Mixing accessor.RedstoneLinkBlockEntityAccessor from simulated.mixins.json into com.simibubi.create.content.redstone.link.RedstoneLinkBlockEntity
[28серп.2026 07:53:39.309] [modloading-worker-0/INFO] [mixin/]: Mixing conditional_display_target.DisplayLinkBlockEntityMixin from simulated.mixins.json into com.simibubi.create.content.redstone.displayLink.DisplayLinkBlockEntity
[28серп.2026 07:53:39.309] [modloading-worker-0/INFO] [mixin/]: Mixing compatibility.create.display_link.DisplayLinkBlockEntityMixin from sable-neoforge.mixins.json into com.simibubi.create.content.redstone.displayLink.DisplayLinkBlockEntity
[28серп.2026 07:53:39.316] [modloading-worker-0/INFO] [mixin/]: Mixing compatibility.create.ejector.EjectorBlockEntityMixin from sable-neoforge.mixins.json into com.simibubi.create.content.logistics.depot.EjectorBlockEntity
[28серп.2026 07:53:39.329] [modloading-worker-0/INFO] [mixin/]: Mixing compatibility.create.lectern_controller.LecternControllerBlockEntityMixin from sable-neoforge.mixins.json into com.simibubi.create.content.redstone.link.controller.LecternControllerBlockEntity
[28серп.2026 07:53:39.372] [modloading-worker-0/INFO] [mixin/]: Mixing compatibility.create.schematics.SchematicPlacePacketMixin from sable-neoforge.mixins.json into com.simibubi.create.content.schematics.packet.SchematicPlacePacket
[28серп.2026 07:53:39.373] [modloading-worker-0/INFO] [mixin/]: Renaming synthetic method lambda$sable$handle$3(Lnet/createmod/catnip/levelWrappers/SchematicLevel;Lnet/minecraft/world/level/Level;Lnet/minecraft/core/BlockPos;Lnet/minecraft/core/BlockPos;)V to md504d38$sable$lambda$sable$handle$3$0 in sable-neoforge.mixins.json:compatibility.create.schematics.SchematicPlacePacketMixin from mod sable
[28серп.2026 07:53:39.373] [modloading-worker-0/INFO] [mixin/]: Renaming synthetic method lambda$sable$handle$2(Ldev/ryanhcode/sable/sublevel/SubLevel;Ljava/lang/Object;)Lnet/minecraft/core/BlockPos; to md504d38$sable$lambda$sable$handle$2$1 in sable-neoforge.mixins.json:compatibility.create.schematics.SchematicPlacePacketMixin from mod sable
[28серп.2026 07:53:39.373] [modloading-worker-0/INFO] [mixin/]: Renaming synthetic method lambda$sable$handle$1(Lnet/minecraft/core/BlockPos;Ljava/lang/Object;)Lnet/minecraft/core/BlockPos; to md504d38$sable$lambda$sable$handle$1$2 in sable-neoforge.mixins.json:compatibility.create.schematics.SchematicPlacePacketMixin from mod sable
[28серп.2026 07:53:39.373] [modloading-worker-0/INFO] [mixin/]: Renaming synthetic method lambda$sable$handle$0(Lcom/simibubi/create/content/contraptions/StructureTransform;Ljava/lang/Object;)Lnet/minecraft/core/BlockPos; to md504d38$sable$lambda$sable$handle$0$3 in sable-neoforge.mixins.json:compatibility.create.schematics.SchematicPlacePacketMixin from mod sable
[28серп.2026 07:53:39.393] [modloading-worker-0/INFO] [mixin/]: Mixing compatibility.create.frogports.PackagePortPlacementPacketMixin from sable-neoforge.mixins.json into com.simibubi.create.content.logistics.packagePort.PackagePortPlacementPacket
[28серп.2026 07:53:39.436] [modloading-worker-0/INFO] [mixin/]: Mixing compatibility.create.tracks.CurvedTrackDestroyPacketMixin from sable-neoforge.mixins.json into com.simibubi.create.content.trains.track.CurvedTrackDestroyPacket
[28серп.2026 07:53:39.441] [modloading-worker-0/INFO] [mixin/]: Mixing compatibility.create.super_glue.SuperGlueRemovalPacketMixin from sable-neoforge.mixins.json into com.simibubi.create.content.contraptions.glue.SuperGlueRemovalPacket
[28серп.2026 07:53:39.455] [modloading-worker-0/INFO] [mixin/]: Mixing compatibility.create.frogports.ChainPackageInteractionPacketMixin from sable-neoforge.mixins.json into com.simibubi.create.content.kinetics.chainConveyor.ChainPackageInteractionPacket
[28серп.2026 07:53:39.481] [modloading-worker-0/INFO] [mixin/]: Mixing MountedStorageAccessor from offroad.mixins.json into com.simibubi.create.content.contraptions.MountedStorageManager
[28серп.2026 07:53:39.513] [modloading-worker-0/INFO] [mixin/]: Mixing compatibility.create.tracks.TrackPlacementMixin from sable-neoforge.mixins.json into com.simibubi.create.content.trains.track.TrackPlacement
[28серп.2026 07:53:39.567] [modloading-worker-0/INFO] [mixin/]: Mixing compatibility.create.schematics.SchematicHandlerMixin from sable-neoforge.mixins.json into com.simibubi.create.content.schematics.client.SchematicHandler
[28серп.2026 07:53:39.573] [modloading-worker-0/INFO] [mixin/]: Mixing compatibility.create.schematics.SchematicLevelMixin from sable-neoforge.mixins.json into net.createmod.catnip.levelWrappers.SchematicLevel
[28серп.2026 07:53:39.579] [modloading-worker-0/INFO] [mixin/]: Mixing compatibility.create.schematics.SchematicRendererMixin from sable-neoforge.mixins.json into com.simibubi.create.content.schematics.client.SchematicRenderer
[28серп.2026 07:53:39.586] [modloading-worker-0/INFO] [mixin/]: Mixing compatibility.create.schematics.DeployToolMixin from sable-neoforge.mixins.json into com.simibubi.create.content.schematics.client.tools.DeployTool
[28серп.2026 07:53:39.589] [modloading-worker-0/INFO] [mixin/]: Mixing compatibility.create.schematics.SchematicToolBaseMixin from sable-neoforge.mixins.json into com.simibubi.create.content.schematics.client.tools.SchematicToolBase
[28серп.2026 07:53:39.592] [modloading-worker-0/INFO] [mixin/]: Mixing compatibility.create.render_fixes.LineOutlineMixin from sable-neoforge.mixins.json into net.createmod.catnip.outliner.LineOutline
[28серп.2026 07:53:39.595] [modloading-worker-0/INFO] [mixin/]: Mixing compatibility.create.render_fixes.OutlineMixin from sable-neoforge.mixins.json into net.createmod.catnip.outliner.Outline
[28серп.2026 07:53:39.598] [modloading-worker-0/INFO] [mixin/]: Mixing compatibility.create.render_fixes.AABBOutlineMixin from sable-neoforge.mixins.json into net.createmod.catnip.outliner.AABBOutline
[28серп.2026 07:53:39.603] [modloading-worker-0/INFO] [mixin/]: Mixing compatibility.create.schematics.SchematicTransformMixin from sable-neoforge.mixins.json into com.simibubi.create.content.schematics.client.SchematicTransformation
[28серп.2026 07:53:39.606] [modloading-worker-0/INFO] [mixin/]: Mixing compatibility.create.schematics.SchematicAndQuillHandlerMixin from sable-neoforge.mixins.json into com.simibubi.create.content.schematics.client.SchematicAndQuillHandler
[28серп.2026 07:53:39.612] [modloading-worker-0/INFO] [mixin/]: Mixing compatibility.create.super_glue.SuperGlueSelectionHandlerMixin from sable-neoforge.mixins.json into com.simibubi.create.content.contraptions.glue.SuperGlueSelectionHandler
[28серп.2026 07:53:39.614] [modloading-worker-0/INFO] [mixin/]: Mixing client.ValueSettingsClientMixin from createbigcannons.mixins.json into com.simibubi.create.foundation.blockEntity.behaviour.ValueSettingsClient
[28серп.2026 07:53:39.647] [modloading-worker-0/INFO] [mixin/]: Mixing compatibility.create.contraptions.ContraptionHandlerClientMixin from sable-neoforge.mixins.json into com.simibubi.create.content.contraptions.ContraptionHandlerClient
[28серп.2026 07:53:39.653] [modloading-worker-0/INFO] [mixin/]: Mixing compatibility.create.tracks.TrackBlockOutlineMixin from sable-neoforge.mixins.json into com.simibubi.create.content.trains.track.TrackBlockOutline
[28серп.2026 07:53:39.667] [modloading-worker-0/INFO] [mixin/]: Mixing compatibility.create.stock_ticker.StockTickerInteractionHandlerMixin from sable-neoforge.mixins.json into com.simibubi.create.content.logistics.stockTicker.StockTickerInteractionHandler
[28серп.2026 07:53:39.672] [modloading-worker-0/INFO] [mixin/]: Mixing handle.ExtendoGripRenderHandlerMixin from simulated.mixins.json into com.simibubi.create.content.equipment.extendoGrip.ExtendoGripRenderHandler
[28серп.2026 07:53:39.679] [modloading-worker-0/INFO] [mixin/]: Mixing compatibility.create.wand_of_symmetry.SymmetryHandlerMixin from sable-neoforge.mixins.json into com.simibubi.create.content.equipment.symmetryWand.SymmetryHandler
[28серп.2026 07:53:39.681] [modloading-worker-0/INFO] [mixin/]: Mixing compatibility.create.frogports.ChainConveyorInteractionHandlerMixin from sable-neoforge.mixins.json into com.simibubi.create.content.kinetics.chainConveyor.ChainConveyorInteractionHandler
[28серп.2026 07:53:39.686] [modloading-worker-0/INFO] [mixin/]: Mixing compatibility.create.frogports.PackagePortTargetMixin from sable-neoforge.mixins.json into com.simibubi.create.content.logistics.packagePort.PackagePortTarget$ChainConveyorFrogportTarget
[28серп.2026 07:53:39.689] [modloading-worker-0/INFO] [mixin/]: Mixing compatibility.create.frogports.ChainConveyorShapeAccessor from sable-neoforge.mixins.json into com.simibubi.create.content.kinetics.chainConveyor.ChainConveyorShape
[28серп.2026 07:53:39.696] [modloading-worker-0/INFO] [mixin/]: Mixing extra_kinetics.KineticNetworkMixin from simulated.mixins.json into com.simibubi.create.content.kinetics.KineticNetwork
[28серп.2026 07:53:39.696] [modloading-worker-0/INFO] [mixin/]: Mixing compat.create.rotation_propagation.KineticNetworkMixin from createbigcannons.mixins.json into com.simibubi.create.content.kinetics.KineticNetwork
[28серп.2026 07:53:39.706] [modloading-worker-0/INFO] [mixin/]: Mixing entity.entities_stick_sublevels.player.ServerGamePacketListenerImplMixin from sable.mixins.json into net.minecraft.server.network.ServerGamePacketListenerImpl
[28серп.2026 07:53:39.706] [modloading-worker-0/INFO] [mixin/]: Mixing entity.entity_sublevel_collision.ServerGamePacketListenerImplMixin from sable.mixins.json into net.minecraft.server.network.ServerGamePacketListenerImpl
[28серп.2026 07:53:39.726] [modloading-worker-0/INFO] [mixin/]: Mixing death_message.CombatTrackerMixin from sable.mixins.json into net.minecraft.world.damagesource.CombatTracker
[28серп.2026 07:53:39.735] [modloading-worker-0/INFO] [mixin/]: Mixing ServerEntityMixin from createbigcannons.mixins.json into net.minecraft.server.level.ServerEntity
[28серп.2026 07:53:39.735] [modloading-worker-0/INFO] [mixin/]: Mixing entity.entities_stick_sublevels.ServerEntityMixin from sable.mixins.json into net.minecraft.server.level.ServerEntity
[28серп.2026 07:53:39.736] [modloading-worker-0/INFO] [mixin/]: Mixing entity.entity_rotations_and_riding.ServerEntityMixin from sable.mixins.json into net.minecraft.server.level.ServerEntity
[28серп.2026 07:53:39.744] [modloading-worker-0/INFO] [mixin/]: Mixing compatibility.create.mechnical_arm.MechanicalArmSublevelFailure from sable-neoforge.mixins.json into com.simibubi.create.content.kinetics.mechanicalArm.ArmInteractionPointHandler
[28серп.2026 07:53:39.763] [modloading-worker-0/INFO] [dev.ryanhcode.sable.Sable/]: Sable loaded!
[28серп.2026 07:53:39.773] [modloading-worker-0/WARN] [dev.ryanhcode.sable.Sable/]: NOTE: Sable is loaded with Flywheel. Sable contains extensive shader overrides and a full light-storage replacement. Expect this to cause compatibility issues. If issues arise, please report them to the Sable issue tracker (https://github.com/ryanhcode/sable/issues) instead of the Flywheel issue tracker.
[28серп.2026 07:53:39.935] [modloading-sync-worker/INFO] [mixin/]: Mixing AutoCannonAccessor from create_radar.mixins.json into rbasamoyai.createbigcannons.cannon_control.contraption.MountedAutocannonContraption
[28серп.2026 07:53:39.936] [modloading-sync-worker/INFO] [mixin/]: Mixing MountedAutocannonContraptionMixin from cbc_at.mixins.json into rbasamoyai.createbigcannons.cannon_control.contraption.MountedAutocannonContraption
[28серп.2026 07:53:39.942] [modloading-sync-worker/INFO] [mixin/]: Mixing CannonMountPointMixin from cbc_at.mixins.json into rbasamoyai.createbigcannons.cannons.big_cannons.breeches.quickfiring_breech.CannonMountPoint
[28серп.2026 07:53:39.945] [modloading-sync-worker/INFO] [mixin/]: Mixing CannonMountPointMixin from cbcatfix.mixins.json into rbasamoyai.createbigcannons.cannons.big_cannons.breeches.quickfiring_breech.CannonMountPoint
[28серп.2026 07:53:39.946] [modloading-sync-worker/INFO] [mixin/]: Mixing CannonMountPointMixin from cbcmoreshells.mixins.json into rbasamoyai.createbigcannons.cannons.big_cannons.breeches.quickfiring_breech.CannonMountPoint
[28серп.2026 07:53:40.603] [modloading-sync-worker/INFO] [mixin/]: Mixing dynamic_stress.KineticStatsMixin from simulated.mixins.json into com.simibubi.create.foundation.item.KineticStats
[28серп.2026 07:53:40.619] [modloading-sync-worker/INFO] [mixin/]: Mixing handle.HumanoidModelMixin from simulated.mixins.json into net.minecraft.client.model.HumanoidModel
[28серп.2026 07:53:40.620] [modloading-sync-worker/INFO] [mixin/]: Mixing client.HumanoidPoseMixin from createbigcannons.mixins.json into net.minecraft.client.model.HumanoidModel
[28серп.2026 07:53:40.621] [modloading-sync-worker/INFO] [mixin/]: Mixing client.HumanoidModelMixin from create.mixins.json into net.minecraft.client.model.HumanoidModel
[28серп.2026 07:53:40.625] [modloading-sync-worker/INFO] [mixin/]: Mixing accessor.AgeableListModelAccessor from create.mixins.json into net.minecraft.client.model.AgeableListModel
[28серп.2026 07:53:40.632] [modloading-sync-worker/INFO] [mixin/]: Mixing accessor.ItemModelGeneratorsAccessor from create.mixins.json into net.minecraft.data.models.ItemModelGenerators
[28серп.2026 07:53:40.632] [modloading-sync-worker/INFO] [mixin/]: Renaming @Accessor method create$getGENERATED_TRIM_MODELS()Ljava/util/List; to getGENERATED_TRIM_MODELS$create_$md$504d38$0 in create.mixins.json:accessor.ItemModelGeneratorsAccessor from mod create
[28серп.2026 07:53:40.637] [modloading-sync-worker/INFO] [mixin/]: Mixing lodestone_compat.CompassItemPropertyFunctionMixin from simulated.mixins.json into net.minecraft.client.renderer.item.CompassItemPropertyFunction
[28серп.2026 07:53:40.637] [modloading-sync-worker/INFO] [mixin/]: Mixing camera.camera_rotation.CompassItemPropertyFunctionMixin from sable.mixins.json into net.minecraft.client.renderer.item.CompassItemPropertyFunction
[28серп.2026 07:53:40.667] [modloading-sync-worker/INFO] [mixin/]: Mixing accessor.FontAccessor from create.mixins.json into net.minecraft.client.gui.Font
[28серп.2026 07:53:40.758] [modloading-sync-worker/INFO] [mixin/]: Mixing levitite.TerrainParticleMixin from aeronautics.mixins.json into net.minecraft.client.particle.TerrainParticle
[28серп.2026 07:53:40.759] [modloading-sync-worker/INFO] [mixin/]: Mixing particle.TerrainParticleMixin from sable.mixins.json into net.minecraft.client.particle.TerrainParticle
[28серп.2026 07:53:41.870] [Render thread/INFO] [mixin/]: Mixing client.DebugTextureManagerMixin from veil.debug.mixins.json into net.minecraft.client.renderer.texture.TextureManager
[28серп.2026 07:53:41.870] [Render thread/INFO] [mixin/]: Renaming synthetic method lambda$applyLabel$0(Lnet/minecraft/client/renderer/texture/AbstractTexture;Lfoundry/veil/api/client/render/ext/VeilDebug;Lnet/minecraft/resources/ResourceLocation;)V to md504d38$veil$lambda$applyLabel$0$0 in veil.debug.mixins.json:client.DebugTextureManagerMixin from mod veil
[28серп.2026 07:53:41.870] [Render thread/INFO] [mixin/]: Mixing client.PipelineTextureManagerMixin from veil.pipeline.mixins.json into net.minecraft.client.renderer.texture.TextureManager
[28серп.2026 07:53:41.871] [Render thread/INFO] [mixin/]: Renaming synthetic method lambda$veil$registerPreloadedTexture$2(Ljava/lang/Runnable;)V to md504d38$veil$lambda$veil$registerPreloadedTexture$2$1 in veil.pipeline.mixins.json:client.PipelineTextureManagerMixin from mod veil
[28серп.2026 07:53:41.871] [Render thread/INFO] [mixin/]: Renaming synthetic method lambda$veil$registerPreloadedTexture$1(Ljava/lang/Runnable;)V to md504d38$veil$lambda$veil$registerPreloadedTexture$1$2 in veil.pipeline.mixins.json:client.PipelineTextureManagerMixin from mod veil
[28серп.2026 07:53:41.871] [Render thread/INFO] [mixin/]: Renaming synthetic method lambda$veil$registerPreloadedTexture$0(Lnet/minecraft/resources/ResourceLocation;Lnet/minecraft/client/renderer/texture/AbstractTexture;)V to md504d38$veil$lambda$veil$registerPreloadedTexture$0$3 in veil.pipeline.mixins.json:client.PipelineTextureManagerMixin from mod veil
[28серп.2026 07:53:41.882] [Render thread/INFO] [mixin/]: Mixing sounds.SoundManagerMixin from simulated.mixins.json into net.minecraft.client.sounds.SoundManager
[28серп.2026 07:53:41.887] [Render thread/INFO] [mixin/]: Mixing sounds.SoundEngineMixin from simulated.mixins.json into net.minecraft.client.sounds.SoundEngine
[28серп.2026 07:53:41.887] [Render thread/INFO] [mixin/]: Mixing client.SoundEngineMixin from createbigcannons.mixins.json into net.minecraft.client.sounds.SoundEngine
[28серп.2026 07:53:41.887] [Render thread/INFO] [mixin/]: Renaming synthetic method lambda$createbigcannons$play$0(Lnet/minecraft/client/resources/sounds/SoundInstance;Lcom/mojang/blaze3d/audio/Channel;)V to md504d38$createbigcannons$lambda$createbigcannons$play$0$0 in createbigcannons.mixins.json:client.SoundEngineMixin from mod createbigcannons
[28серп.2026 07:53:41.888] [Render thread/INFO] [mixin/]: Mixing sublevel_sounds.SoundEngineMixin from sable.mixins.json into net.minecraft.client.sounds.SoundEngine
[28серп.2026 07:53:41.917] [Render thread/INFO] [mixin/]: Mixing custom_situational_music.MusicManagerAccessor from aeronautics.mixins.json into net.minecraft.client.sounds.MusicManager
[28серп.2026 07:53:41.926] [Render thread/INFO] [Veil/]: GL Debug supported
[28серп.2026 07:53:41.942] [Render thread/INFO] [mixin/]: Mixing accessor.ResourceModelManagerAccessor from veil.resource.mixins.json into net.minecraft.client.resources.model.ModelManager
[28серп.2026 07:53:41.951] [Render thread/INFO] [mixin/]: Mixing accessor.ResourceAtlasSetAccessor from veil.resource.mixins.json into net.minecraft.client.resources.model.AtlasSet
[28серп.2026 07:53:41.954] [Render thread/INFO] [mixin/]: Mixing sublevel_render.BlockEntityRenderDispatcherMixin from sable.mixins.json into net.minecraft.client.renderer.blockentity.BlockEntityRenderDispatcher
[28серп.2026 07:53:41.956] [Render thread/INFO] [mixin/]: Mixing BlockRenderDispatcherMixin from aeronautics.neoforge.mixins.json into net.minecraft.client.renderer.block.BlockRenderDispatcher
[28серп.2026 07:53:41.958] [Render thread/INFO] [mixin/]: Mixing client.EntityRenderDispatcherMixin from createbigcannons.mixins.json into net.minecraft.client.renderer.entity.EntityRenderDispatcher
[28серп.2026 07:53:41.958] [Render thread/INFO] [mixin/]: Mixing accessor.EntityRenderDispatcherAccessor from create.mixins.json into net.minecraft.client.renderer.entity.EntityRenderDispatcher
[28серп.2026 07:53:41.958] [Render thread/INFO] [mixin/]: Mixing entity.entities_stick_sublevels.EntityRenderDispatcherMixin from sable.mixins.json into net.minecraft.client.renderer.entity.EntityRenderDispatcher
[28серп.2026 07:53:41.959] [Render thread/INFO] [mixin/]: Mixing entity.entity_rendering.shadows.EntityRenderDispatcherMixin from sable.mixins.json into net.minecraft.client.renderer.entity.EntityRenderDispatcher
[28серп.2026 07:53:41.959] [Render thread/INFO] [mixin/]: Mixing entity.entity_rotations_and_riding.EntityRenderDispatcherMixin from sable.mixins.json into net.minecraft.client.renderer.entity.EntityRenderDispatcher
[28серп.2026 07:53:41.959] [Render thread/INFO] [mixin/]: Renaming synthetic method lambda$sable$rotateEntity$0(Ldev/ryanhcode/sable/sublevel/SubLevel;)Ldev/ryanhcode/sable/companion/math/Pose3dc; to md504d38$sable$lambda$sable$rotateEntity$0$0 in sable.mixins.json:entity.entity_rotations_and_riding.EntityRenderDispatcherMixin from mod sable
[28серп.2026 07:53:41.966] [Render thread/INFO] [mixin/]: Mixing client.RenderBuffersMixin from veil.neoforge.mixins.json into net.minecraft.client.renderer.RenderBuffers
[28серп.2026 07:53:41.967] [Render thread/INFO] [mixin/]: Renaming synthetic method lambda$init$0(Ljava/util/Set;Lnet/minecraft/client/renderer/RenderType;)V to md504d38$veil$lambda$init$0$0 in veil.neoforge.mixins.json:client.RenderBuffersMixin from mod veil
[28серп.2026 07:53:41.985] [Render thread/INFO] [mixin/]: Mixing ModelBlockRendererMixin from flywheel.impl.neoforge.mixins.json into net.minecraft.client.renderer.block.ModelBlockRenderer
[28серп.2026 07:53:41.985] [Render thread/WARN] [mixin/]: flywheel.impl.neoforge.mixins.json:ModelBlockRendererMixin from mod flywheel: Class version 65 required is higher than the class version supported by the current version of Mixin (JAVA_17 supports class version 61)
[28серп.2026 07:53:41.985] [Render thread/INFO] [mixin/]: Mixing dynamic_directional_shading.ModelBlockRendererMixin from sable.mixins.json into net.minecraft.client.renderer.block.ModelBlockRenderer
[28серп.2026 07:53:41.989] [Render thread/INFO] [mixin/]: Mixing dynamic_directional_shading.ModelBlockRendererCacheMixin from sable.mixins.json into net.minecraft.client.renderer.block.ModelBlockRenderer$Cache
[28серп.2026 07:53:41.995] [Render thread/INFO] [mixin/]: Mixing client.QuasarParticleEngineMixin from veil.quasar.mixins.json into net.minecraft.client.particle.ParticleEngine
[28серп.2026 07:53:41.996] [Render thread/INFO] [mixin/]: Mixing client.accessor.ParticleEngineAccessor from ponder.mixins.json into net.minecraft.client.particle.ParticleEngine
[28серп.2026 07:53:41.996] [Render thread/WARN] [mixin/]: ponder.mixins.json:client.accessor.ParticleEngineAccessor from mod ponder: Class version 65 required is higher than the class version supported by the current version of Mixin (JAVA_17 supports class version 61)
[28серп.2026 07:53:41.996] [Render thread/INFO] [mixin/]: Mixing particle.ParticleEngineMixin from sable.mixins.json into net.minecraft.client.particle.ParticleEngine
[28серп.2026 07:53:42.002] [Render thread/INFO] [mixin/]: Mixing client.PipelineParticleRenderTypeMixin from veil.pipeline.mixins.json into net.minecraft.client.particle.ParticleRenderType$1
[28серп.2026 07:53:42.003] [Render thread/INFO] [mixin/]: Mixing client.PipelineParticleRenderTypeMixin from veil.pipeline.mixins.json into net.minecraft.client.particle.ParticleRenderType$3
[28серп.2026 07:53:42.005] [Render thread/INFO] [mixin/]: Mixing particle.BlockMarkerMixin from sable.mixins.json into net.minecraft.client.particle.BlockMarker
[28серп.2026 07:53:42.019] [Render thread/INFO] [mixin/]: Mixing particle.FlameParticleMixin from sable.mixins.json into net.minecraft.client.particle.FlameParticle
[28серп.2026 07:53:42.030] [Render thread/INFO] [mixin/]: Mixing particle.SuspendedParticleMixin from sable.mixins.json into net.minecraft.client.particle.SuspendedParticle
[28серп.2026 07:53:42.049] [Render thread/INFO] [mixin/]: Mixing compatibility.create.particles.AirFlowParticleMixin from sable-neoforge.mixins.json into com.simibubi.create.content.kinetics.fan.AirFlowParticle
[28серп.2026 07:53:42.052] [Render thread/INFO] [mixin/]: Mixing compatibility.create.particles.AirParticleMixin from sable-neoforge.mixins.json into com.simibubi.create.foundation.particle.AirParticle
[28серп.2026 07:53:42.056] [Render thread/INFO] [mixin/]: Mixing client.ResourceTextureAtlasHolderMixin from veil.resource.mixins.json into net.minecraft.client.resources.TextureAtlasHolder
[28серп.2026 07:53:42.069] [Render thread/INFO] [mixin/]: Mixing client.DebugVertexBufferMixin from veil.debug.mixins.json into com.mojang.blaze3d.vertex.VertexBuffer
[28серп.2026 07:53:42.069] [Render thread/INFO] [mixin/]: Mixing client.PipelineVertexBufferMixin from veil.pipeline.mixins.json into com.mojang.blaze3d.vertex.VertexBuffer
[28серп.2026 07:53:42.069] [Render thread/INFO] [mixin/]: Renaming synthetic method lambda$veil$drawIndirect$1(JII)V to md504d38$veil$lambda$veil$drawIndirect$1$0 in veil.pipeline.mixins.json:client.PipelineVertexBufferMixin from mod veil
[28серп.2026 07:53:42.069] [Render thread/INFO] [mixin/]: Renaming synthetic method lambda$veil$drawInstanced$0(I)V to md504d38$veil$lambda$veil$drawInstanced$0$1 in veil.pipeline.mixins.json:client.PipelineVertexBufferMixin from mod veil
[28серп.2026 07:53:42.075] [Render thread/INFO] [mixin/]: Mixing client.BufferBuilderAccessor from createbigcannons.mixins.json into com.mojang.blaze3d.vertex.BufferBuilder
[28серп.2026 07:53:42.075] [Render thread/INFO] [mixin/]: Mixing client.accessor.BufferBuilderAccessor from ponder-common.mixins.json into com.mojang.blaze3d.vertex.BufferBuilder
[28серп.2026 07:53:42.086] [Render thread/INFO] [mixin/]: Mixing accessor.GuiAccessor from create.mixins.json into net.minecraft.client.gui.Gui
[28серп.2026 07:53:42.086] [Render thread/INFO] [mixin/]: Mixing camera.camera_rotation.GuiMixin from sable.mixins.json into net.minecraft.client.gui.Gui
[28серп.2026 07:53:42.086] [Render thread/INFO] [mixin/]: Renaming synthetic method lambda$sable$onRenderCrosshair$0(Ldev/ryanhcode/sable/sublevel/SubLevel;)Ldev/ryanhcode/sable/companion/math/Pose3dc; to md504d38$sable$lambda$sable$onRenderCrosshair$0$0 in sable.mixins.json:camera.camera_rotation.GuiMixin from mod sable
[28серп.2026 07:53:42.092] [Render thread/INFO] [mixin/]: Mixing toast.IntegratedServerMixin from sable.mixins.json into net.minecraft.client.server.IntegratedServer
[28серп.2026 07:53:42.097] [Render thread/INFO] [mixin/]: Mixing client.PipelineDebugScreenOverlayMixin from veil.pipeline.mixins.json into net.minecraft.client.gui.components.DebugScreenOverlay
[28серп.2026 07:53:42.097] [Render thread/INFO] [mixin/]: Mixing debug_render.DebugScreenOverlayMixin from sable.mixins.json into net.minecraft.client.gui.components.DebugScreenOverlay
[28серп.2026 07:53:42.108] [Render thread/INFO] [mixin/]: Mixing debug_render.DebugRendererMixin from sable.mixins.json into net.minecraft.client.renderer.debug.DebugRenderer
[28серп.2026 07:53:42.111] [Render thread/INFO] [mixin/]: Mixing loaded_chunk_debug.ChunkBorderRendererMixin from sable.mixins.json into net.minecraft.client.renderer.debug.ChunkBorderRenderer
[28серп.2026 07:53:42.129] [Render thread/INFO] [net.neoforged.neoforge.gametest.GameTestHooks/]: Enabled Gametest Namespaces: []
[28серп.2026 07:53:42.132] [Render thread/INFO] [mixin/]: Mixing accessor.GameTestHelperAccessor from create.mixins.json into net.minecraft.gametest.framework.GameTestHelper
[28серп.2026 07:53:42.139] [Render thread/INFO] [mixin/]: Mixing game_test.StructureUtilsMixin from sable.mixins.json into net.minecraft.gametest.framework.StructureUtils
[28серп.2026 07:53:42.192] [Render thread/INFO] [mixin/]: Mixing entity.entity_leashing.EntityRendererMixin from sable.mixins.json into net.minecraft.client.renderer.entity.EntityRenderer
[28серп.2026 07:53:42.193] [Render thread/INFO] [mixin/]: Mixing entity.entity_rendering.EntityRendererMixin from sable.mixins.json into net.minecraft.client.renderer.entity.EntityRenderer
[28серп.2026 07:53:42.199] [Render thread/INFO] [mixin/]: Mixing entity.entity_rotations_and_riding.EntityRendererMixin from sable.mixins.json into net.minecraft.client.renderer.entity.EntityRenderer
[28серп.2026 07:53:42.199] [Render thread/INFO] [mixin/]: Renaming synthetic method lambda$sable$renderNameTag$0(Ldev/ryanhcode/sable/sublevel/SubLevel;)Ldev/ryanhcode/sable/companion/math/Pose3dc; to md504d38$sable$lambda$sable$renderNameTag$0$0 in sable.mixins.json:entity.entity_rotations_and_riding.EntityRendererMixin from mod sable
[28серп.2026 07:53:42.206] [Render thread/INFO] [mixin/]: Mixing client.PlayerRendererMixin from create.mixins.json into net.minecraft.client.renderer.entity.player.PlayerRenderer
[28серп.2026 07:53:42.209] [Render thread/INFO] [mixin/]: Mixing respawn_point.sleeping.LivingEntityRendererMixin from sable.mixins.json into net.minecraft.client.renderer.entity.LivingEntityRenderer
[28серп.2026 07:53:42.219] [Render thread/INFO] [mixin/]: Mixing accessor.HumanoidArmorLayerAccessor from create.mixins.json into net.minecraft.client.renderer.entity.layers.HumanoidArmorLayer
[28серп.2026 07:53:42.220] [Render thread/INFO] [mixin/]: Renaming @Accessor method create$getArmorLocationCache()Ljava/util/Map; to getArmorLocationCache$create_$md$504d38$0 in create.mixins.json:accessor.HumanoidArmorLayerAccessor from mod create
[28серп.2026 07:53:42.220] [Render thread/INFO] [mixin/]: Mixing client.HumanoidArmorLayerMixin from create.mixins.json into net.minecraft.client.renderer.entity.layers.HumanoidArmorLayer
[28серп.2026 07:53:42.275] [Render thread/INFO] [mixin/]: Mixing FuzedBlockEntityRendererMixin from cbcatfix.mixins.json into rbasamoyai.createbigcannons.munitions.big_cannon.FuzedBlockEntityRenderer
[28серп.2026 07:53:42.303] [Render thread/INFO] [mixin/]: Mixing hold_interaction.GoggleOverlayRendererMixin from simulated.mixins.json into com.simibubi.create.content.equipment.goggles.GoggleOverlayRenderer
[28серп.2026 07:53:42.304] [Render thread/INFO] [mixin/]: Mixing client.GoggleOverlayRendererMixin from createbigcannons.mixins.json into com.simibubi.create.content.equipment.goggles.GoggleOverlayRenderer
[28серп.2026 07:53:42.308] [Render thread/INFO] [mixin/]: Mixing compatibility.create.render_fixes.BlockClusterOutlineMixin from sable-neoforge.mixins.json into net.createmod.catnip.outliner.BlockClusterOutline
[28серп.2026 07:53:42.311] [Render thread/INFO] [mixin/]: Mixing compatibility.create.render_fixes.ChasingAABBOutlineMixin from sable-neoforge.mixins.json into net.createmod.catnip.outliner.ChasingAABBOutline
[28серп.2026 07:53:42.312] [Render thread/INFO] [mixin/]: Mixing compatibility.create.render_fixes.ChasingAABBOutlinerMixin from sable-neoforge.mixins.json into net.createmod.catnip.outliner.ChasingAABBOutline
[28серп.2026 07:53:42.317] [Render thread/INFO] [mixin/]: Mixing compatibility.create.toolbox.ToolBoxClientHandlerMixin from sable-neoforge.mixins.json into com.simibubi.create.content.equipment.toolbox.ToolboxHandlerClient
[28серп.2026 07:53:42.323] [Render thread/INFO] [mixin/]: Mixing world_presets.CreateWorldScreenMixin from simulated.mixins.json into net.minecraft.client.gui.screens.worldselection.CreateWorldScreen
[28серп.2026 07:53:42.333] [Render thread/INFO] [mixin/]: Mixing ModelPartAccessor from flywheel.impl.mixins.json into net.minecraft.client.model.geom.ModelPart
[28серп.2026 07:53:42.354] [Render thread/INFO] [mixin/]: Mixing accessor.DynamicBufferProgramAccessor from veil.dynamicbuffer.mixins.json into com.mojang.blaze3d.shaders.Program
[28серп.2026 07:53:42.354] [Render thread/INFO] [mixin/]: Mixing sublevel_render.fancy.ProgramMixin from sable.mixins.json into com.mojang.blaze3d.shaders.Program
[28серп.2026 07:53:42.359] [Render thread/INFO] [mixin/]: Mixing client.ShaderProgramManagerMixin from veil.shader.mixins.json into com.mojang.blaze3d.shaders.ProgramManager
[28серп.2026 07:53:42.406] [Render thread/INFO] [net.minecraft.server.packs.resources.ReloadableResourceManager/]: Reloading ResourceManager: vanilla, mod_resources, mod/create_radar, mod/veil, mod/simulated, mod/cbc_at, mod/cbcatfix, mod/createbigcannons, mod/jei, mod/aeronautics, mod/aeronautics_bundled, mod/flywheel, mod/ponder, mod/sablecompanion, mod/create, mod/sable, mod/offroad, mod/ritchiesprojectilelib, mod/neoforge, mod/cbcmoreshells
[28серп.2026 07:53:42.414] [Render thread/INFO] [mixin/]: Mixing SimpleReloadInstanceMixin from veil.debug.mixins.json into net.minecraft.server.packs.resources.SimpleReloadInstance
[28серп.2026 07:53:42.423] [Worker-Main-6/INFO] [mixin/]: Mixing accessor.FluidInteractionRegistryAccessor from create.mixins.json into net.neoforged.neoforge.fluids.FluidInteractionRegistry
[28серп.2026 07:53:42.423] [Worker-Main-6/INFO] [mixin/]: Renaming @Accessor method getInteractions()Ljava/util/Map; to getInteractions$create_$md$504d38$0 in create.mixins.json:accessor.FluidInteractionRegistryAccessor from mod create
[28серп.2026 07:53:42.425] [Render thread/INFO] [mixin/]: Mixing options.OptionsScreenMixin from sable.mixins.json into net.minecraft.client.gui.screens.options.OptionsScreen
[28серп.2026 07:53:42.426] [Render thread/INFO] [mixin/]: Renaming synthetic method lambda$sable$createSableButton$0(Lnet/minecraft/client/gui/components/Button;)V to md504d38$sable$lambda$sable$createSableButton$0$0 in sable.mixins.json:options.OptionsScreenMixin from mod sable
[28серп.2026 07:53:42.457] [Render thread/INFO] [mixin/]: Mixing creative_tab_sections.SpriteContentsMixin from simulated.mixins.json into net.minecraft.client.renderer.texture.SpriteContents
[28серп.2026 07:53:42.499] [NeoForge Version Check/INFO] [net.neoforged.fml.VersionChecker/]: [create] Starting version check at https://api.modrinth.com/updates/create/forge_updates.json?neoforge=only
[28серп.2026 07:53:42.505] [Render thread/INFO] [mixin/]: Mixing end_sea.VanillaSubLevelRenderDispatcherMixin from simulated.mixins.json into dev.ryanhcode.sable.sublevel.render.dispatcher.VanillaSubLevelRenderDispatcher
[28серп.2026 07:53:42.506] [Render thread/INFO] [mixin/]: Mixing diagram.VanillaSubLevelRenderDispatcherMixin from simulated.mixins.json into dev.ryanhcode.sable.sublevel.render.dispatcher.VanillaSubLevelRenderDispatcher
[28серп.2026 07:53:42.515] [Worker-Main-11/INFO] [net.minecraft.client.gui.font.providers.UnihexProvider/]: Found unifont_all_no_pua-15.1.05.hex, loading
[28серп.2026 07:53:42.542] [Worker-Main-6/INFO] [net.minecraft.client.gui.font.providers.UnihexProvider/]: Found unifont_jp_patch-15.1.05.hex, loading
[28серп.2026 07:53:42.547] [Render thread/INFO] [com.happysg.radar.CreateRadar/]: Registering Display Sources!
[28серп.2026 07:53:42.556] [Worker-Main-4/ERROR] [net.minecraft.client.resources.model.ModelManager/]: Failed to load blockstate create_radar:blockstates/radome.json from pack mod/create_radar
com.google.gson.JsonParseException: java.io.EOFException: End of input at line 1 column 1 path $
	at TRANSFORMER/minecraft@1.21.1/net.minecraft.util.GsonHelper.fromNullableJson(GsonHelper.java:434) ~[neoforge-21.1.228.jar%23189!/:?]
	at TRANSFORMER/minecraft@1.21.1/net.minecraft.util.GsonHelper.fromJson(GsonHelper.java:439) ~[neoforge-21.1.228.jar%23189!/:?]
	at TRANSFORMER/minecraft@1.21.1/net.minecraft.util.GsonHelper.parse(GsonHelper.java:503) ~[neoforge-21.1.228.jar%23189!/:?]
	at TRANSFORMER/minecraft@1.21.1/net.minecraft.util.GsonHelper.parse(GsonHelper.java:511) ~[neoforge-21.1.228.jar%23189!/:?]
	at TRANSFORMER/minecraft@1.21.1/net.minecraft.client.resources.model.ModelManager.lambda$loadBlockStates$12(ModelManager.java:180) ~[neoforge-21.1.228.jar%23189!/:?]
	at java.base/java.util.concurrent.CompletableFuture$AsyncSupply.run(CompletableFuture.java:1768) [?:?]
	at java.base/java.util.concurrent.CompletableFuture$AsyncSupply.exec(CompletableFuture.java:1760) [?:?]
	at java.base/java.util.concurrent.ForkJoinTask.doExec(ForkJoinTask.java:387) [?:?]
	at java.base/java.util.concurrent.ForkJoinPool$WorkQueue.topLevelExec(ForkJoinPool.java:1312) [?:?]
	at java.base/java.util.concurrent.ForkJoinPool.scan(ForkJoinPool.java:1843) [?:?]
	at java.base/java.util.concurrent.ForkJoinPool.runWorker(ForkJoinPool.java:1808) [?:?]
	at java.base/java.util.concurrent.ForkJoinWorkerThread.run(ForkJoinWorkerThread.java:188) [?:?]
Caused by: java.io.EOFException: End of input at line 1 column 1 path $
	at MC-BOOTSTRAP/com.google.gson@2.10.1/com.google.gson.stream.JsonReader.nextNonWhitespace(JsonReader.java:1457) ~[gson-2.10.1.jar%23110!/:?]
	at MC-BOOTSTRAP/com.google.gson@2.10.1/com.google.gson.stream.JsonReader.doPeek(JsonReader.java:558) ~[gson-2.10.1.jar%23110!/:?]
	at MC-BOOTSTRAP/com.google.gson@2.10.1/com.google.gson.stream.JsonReader.peek(JsonReader.java:433) ~[gson-2.10.1.jar%23110!/:?]
	at MC-BOOTSTRAP/com.google.gson@2.10.1/com.google.gson.internal.bind.TypeAdapters$28.read(TypeAdapters.java:769) ~[gson-2.10.1.jar%23110!/:?]
	at MC-BOOTSTRAP/com.google.gson@2.10.1/com.google.gson.internal.bind.TypeAdapters$28.read(TypeAdapters.java:725) ~[gson-2.10.1.jar%23110!/:?]
	at MC-BOOTSTRAP/com.google.gson@2.10.1/com.google.gson.internal.bind.TypeAdapters$34$1.read(TypeAdapters.java:1007) ~[gson-2.10.1.jar%23110!/:?]
	at TRANSFORMER/minecraft@1.21.1/net.minecraft.util.GsonHelper.fromNullableJson(GsonHelper.java:432) ~[neoforge-21.1.228.jar%23189!/:?]
	... 11 more
[28серп.2026 07:53:42.563] [Worker-Main-4/ERROR] [net.minecraft.client.resources.model.ModelManager/]: Failed to load blockstate create_radar:blockstates/siren.json from pack mod/create_radar
com.google.gson.JsonParseException: java.io.EOFException: End of input at line 1 column 1 path $
	at TRANSFORMER/minecraft@1.21.1/net.minecraft.util.GsonHelper.fromNullableJson(GsonHelper.java:434) ~[neoforge-21.1.228.jar%23189!/:?]
	at TRANSFORMER/minecraft@1.21.1/net.minecraft.util.GsonHelper.fromJson(GsonHelper.java:439) ~[neoforge-21.1.228.jar%23189!/:?]
	at TRANSFORMER/minecraft@1.21.1/net.minecraft.util.GsonHelper.parse(GsonHelper.java:503) ~[neoforge-21.1.228.jar%23189!/:?]
	at TRANSFORMER/minecraft@1.21.1/net.minecraft.util.GsonHelper.parse(GsonHelper.java:511) ~[neoforge-21.1.228.jar%23189!/:?]
	at TRANSFORMER/minecraft@1.21.1/net.minecraft.client.resources.model.ModelManager.lambda$loadBlockStates$12(ModelManager.java:180) ~[neoforge-21.1.228.jar%23189!/:?]
	at java.base/java.util.concurrent.CompletableFuture$AsyncSupply.run(CompletableFuture.java:1768) [?:?]
	at java.base/java.util.concurrent.CompletableFuture$AsyncSupply.exec(CompletableFuture.java:1760) [?:?]
	at java.base/java.util.concurrent.ForkJoinTask.doExec(ForkJoinTask.java:387) [?:?]
	at java.base/java.util.concurrent.ForkJoinPool$WorkQueue.topLevelExec(ForkJoinPool.java:1312) [?:?]
	at java.base/java.util.concurrent.ForkJoinPool.scan(ForkJoinPool.java:1843) [?:?]
	at java.base/java.util.concurrent.ForkJoinPool.runWorker(ForkJoinPool.java:1808) [?:?]
	at java.base/java.util.concurrent.ForkJoinWorkerThread.run(ForkJoinWorkerThread.java:188) [?:?]
Caused by: java.io.EOFException: End of input at line 1 column 1 path $
	at MC-BOOTSTRAP/com.google.gson@2.10.1/com.google.gson.stream.JsonReader.nextNonWhitespace(JsonReader.java:1457) ~[gson-2.10.1.jar%23110!/:?]
	at MC-BOOTSTRAP/com.google.gson@2.10.1/com.google.gson.stream.JsonReader.doPeek(JsonReader.java:558) ~[gson-2.10.1.jar%23110!/:?]
	at MC-BOOTSTRAP/com.google.gson@2.10.1/com.google.gson.stream.JsonReader.peek(JsonReader.java:433) ~[gson-2.10.1.jar%23110!/:?]
	at MC-BOOTSTRAP/com.google.gson@2.10.1/com.google.gson.internal.bind.TypeAdapters$28.read(TypeAdapters.java:769) ~[gson-2.10.1.jar%23110!/:?]
	at MC-BOOTSTRAP/com.google.gson@2.10.1/com.google.gson.internal.bind.TypeAdapters$28.read(TypeAdapters.java:725) ~[gson-2.10.1.jar%23110!/:?]
	at MC-BOOTSTRAP/com.google.gson@2.10.1/com.google.gson.internal.bind.TypeAdapters$34$1.read(TypeAdapters.java:1007) ~[gson-2.10.1.jar%23110!/:?]
	at TRANSFORMER/minecraft@1.21.1/net.minecraft.util.GsonHelper.fromNullableJson(GsonHelper.java:432) ~[neoforge-21.1.228.jar%23189!/:?]
	... 11 more
[28серп.2026 07:53:42.563] [Worker-Main-5/ERROR] [net.minecraft.client.resources.model.ModelManager/]: Failed to load blockstate create_radar:blockstates/shield_jammer.json from pack mod/create_radar
com.google.gson.JsonParseException: java.io.EOFException: End of input at line 1 column 1 path $
	at TRANSFORMER/minecraft@1.21.1/net.minecraft.util.GsonHelper.fromNullableJson(GsonHelper.java:434) ~[neoforge-21.1.228.jar%23189!/:?]
	at TRANSFORMER/minecraft@1.21.1/net.minecraft.util.GsonHelper.fromJson(GsonHelper.java:439) ~[neoforge-21.1.228.jar%23189!/:?]
	at TRANSFORMER/minecraft@1.21.1/net.minecraft.util.GsonHelper.parse(GsonHelper.java:503) ~[neoforge-21.1.228.jar%23189!/:?]
	at TRANSFORMER/minecraft@1.21.1/net.minecraft.util.GsonHelper.parse(GsonHelper.java:511) ~[neoforge-21.1.228.jar%23189!/:?]
	at TRANSFORMER/minecraft@1.21.1/net.minecraft.client.resources.model.ModelManager.lambda$loadBlockStates$12(ModelManager.java:180) ~[neoforge-21.1.228.jar%23189!/:?]
	at java.base/java.util.concurrent.CompletableFuture$AsyncSupply.run(CompletableFuture.java:1768) [?:?]
	at java.base/java.util.concurrent.CompletableFuture$AsyncSupply.exec(CompletableFuture.java:1760) [?:?]
	at java.base/java.util.concurrent.ForkJoinTask.doExec(ForkJoinTask.java:387) [?:?]
	at java.base/java.util.concurrent.ForkJoinPool$WorkQueue.topLevelExec(ForkJoinPool.java:1312) [?:?]
	at java.base/java.util.concurrent.ForkJoinPool.scan(ForkJoinPool.java:1843) [?:?]
	at java.base/java.util.concurrent.ForkJoinPool.runWorker(ForkJoinPool.java:1808) [?:?]
	at java.base/java.util.concurrent.ForkJoinWorkerThread.run(ForkJoinWorkerThread.java:188) [?:?]
Caused by: java.io.EOFException: End of input at line 1 column 1 path $
	at MC-BOOTSTRAP/com.google.gson@2.10.1/com.google.gson.stream.JsonReader.nextNonWhitespace(JsonReader.java:1457) ~[gson-2.10.1.jar%23110!/:?]
	at MC-BOOTSTRAP/com.google.gson@2.10.1/com.google.gson.stream.JsonReader.doPeek(JsonReader.java:558) ~[gson-2.10.1.jar%23110!/:?]
	at MC-BOOTSTRAP/com.google.gson@2.10.1/com.google.gson.stream.JsonReader.peek(JsonReader.java:433) ~[gson-2.10.1.jar%23110!/:?]
	at MC-BOOTSTRAP/com.google.gson@2.10.1/com.google.gson.internal.bind.TypeAdapters$28.read(TypeAdapters.java:769) ~[gson-2.10.1.jar%23110!/:?]
	at MC-BOOTSTRAP/com.google.gson@2.10.1/com.google.gson.internal.bind.TypeAdapters$28.read(TypeAdapters.java:725) ~[gson-2.10.1.jar%23110!/:?]
	at MC-BOOTSTRAP/com.google.gson@2.10.1/com.google.gson.internal.bind.TypeAdapters$34$1.read(TypeAdapters.java:1007) ~[gson-2.10.1.jar%23110!/:?]
	at TRANSFORMER/minecraft@1.21.1/net.minecraft.util.GsonHelper.fromNullableJson(GsonHelper.java:432) ~[neoforge-21.1.228.jar%23189!/:?]
	... 11 more
[28серп.2026 07:53:42.563] [Worker-Main-16/ERROR] [net.minecraft.client.resources.model.ModelManager/]: Failed to load blockstate create_radar:blockstates/sky_radar.json from pack mod/create_radar
com.google.gson.JsonParseException: java.io.EOFException: End of input at line 1 column 1 path $
	at TRANSFORMER/minecraft@1.21.1/net.minecraft.util.GsonHelper.fromNullableJson(GsonHelper.java:434) ~[neoforge-21.1.228.jar%23189!/:?]
	at TRANSFORMER/minecraft@1.21.1/net.minecraft.util.GsonHelper.fromJson(GsonHelper.java:439) ~[neoforge-21.1.228.jar%23189!/:?]
	at TRANSFORMER/minecraft@1.21.1/net.minecraft.util.GsonHelper.parse(GsonHelper.java:503) ~[neoforge-21.1.228.jar%23189!/:?]
	at TRANSFORMER/minecraft@1.21.1/net.minecraft.util.GsonHelper.parse(GsonHelper.java:511) ~[neoforge-21.1.228.jar%23189!/:?]
	at TRANSFORMER/minecraft@1.21.1/net.minecraft.client.resources.model.ModelManager.lambda$loadBlockStates$12(ModelManager.java:180) ~[neoforge-21.1.228.jar%23189!/:?]
	at java.base/java.util.concurrent.CompletableFuture$AsyncSupply.run(CompletableFuture.java:1768) [?:?]
	at java.base/java.util.concurrent.CompletableFuture$AsyncSupply.exec(CompletableFuture.java:1760) [?:?]
	at java.base/java.util.concurrent.ForkJoinTask.doExec(ForkJoinTask.java:387) [?:?]
	at java.base/java.util.concurrent.ForkJoinPool$WorkQueue.topLevelExec(ForkJoinPool.java:1312) [?:?]
	at java.base/java.util.concurrent.ForkJoinPool.scan(ForkJoinPool.java:1843) [?:?]
	at java.base/java.util.concurrent.ForkJoinPool.runWorker(ForkJoinPool.java:1808) [?:?]
	at java.base/java.util.concurrent.ForkJoinWorkerThread.run(ForkJoinWorkerThread.java:188) [?:?]
Caused by: java.io.EOFException: End of input at line 1 column 1 path $
	at MC-BOOTSTRAP/com.google.gson@2.10.1/com.google.gson.stream.JsonReader.nextNonWhitespace(JsonReader.java:1457) ~[gson-2.10.1.jar%23110!/:?]
	at MC-BOOTSTRAP/com.google.gson@2.10.1/com.google.gson.stream.JsonReader.doPeek(JsonReader.java:558) ~[gson-2.10.1.jar%23110!/:?]
	at MC-BOOTSTRAP/com.google.gson@2.10.1/com.google.gson.stream.JsonReader.peek(JsonReader.java:433) ~[gson-2.10.1.jar%23110!/:?]
	at MC-BOOTSTRAP/com.google.gson@2.10.1/com.google.gson.internal.bind.TypeAdapters$28.read(TypeAdapters.java:769) ~[gson-2.10.1.jar%23110!/:?]
	at MC-BOOTSTRAP/com.google.gson@2.10.1/com.google.gson.internal.bind.TypeAdapters$28.read(TypeAdapters.java:725) ~[gson-2.10.1.jar%23110!/:?]
	at MC-BOOTSTRAP/com.google.gson@2.10.1/com.google.gson.internal.bind.TypeAdapters$34$1.read(TypeAdapters.java:1007) ~[gson-2.10.1.jar%23110!/:?]
	at TRANSFORMER/minecraft@1.21.1/net.minecraft.util.GsonHelper.fromNullableJson(GsonHelper.java:432) ~[neoforge-21.1.228.jar%23189!/:?]
	... 11 more
[28серп.2026 07:53:42.568] [Worker-Main-5/ERROR] [net.minecraft.client.resources.model.ModelManager/]: Failed to load blockstate create_radar:blockstates/smart_mount.json from pack mod/create_radar
com.google.gson.JsonParseException: java.io.EOFException: End of input at line 1 column 1 path $
	at TRANSFORMER/minecraft@1.21.1/net.minecraft.util.GsonHelper.fromNullableJson(GsonHelper.java:434) ~[neoforge-21.1.228.jar%23189!/:?]
	at TRANSFORMER/minecraft@1.21.1/net.minecraft.util.GsonHelper.fromJson(GsonHelper.java:439) ~[neoforge-21.1.228.jar%23189!/:?]
	at TRANSFORMER/minecraft@1.21.1/net.minecraft.util.GsonHelper.parse(GsonHelper.java:503) ~[neoforge-21.1.228.jar%23189!/:?]
	at TRANSFORMER/minecraft@1.21.1/net.minecraft.util.GsonHelper.parse(GsonHelper.java:511) ~[neoforge-21.1.228.jar%23189!/:?]
	at TRANSFORMER/minecraft@1.21.1/net.minecraft.client.resources.model.ModelManager.lambda$loadBlockStates$12(ModelManager.java:180) ~[neoforge-21.1.228.jar%23189!/:?]
	at java.base/java.util.concurrent.CompletableFuture$AsyncSupply.run(CompletableFuture.java:1768) [?:?]
	at java.base/java.util.concurrent.CompletableFuture$AsyncSupply.exec(CompletableFuture.java:1760) [?:?]
	at java.base/java.util.concurrent.ForkJoinTask.doExec(ForkJoinTask.java:387) [?:?]
	at java.base/java.util.concurrent.ForkJoinPool$WorkQueue.topLevelExec(ForkJoinPool.java:1312) [?:?]
	at java.base/java.util.concurrent.ForkJoinPool.scan(ForkJoinPool.java:1843) [?:?]
	at java.base/java.util.concurrent.ForkJoinPool.runWorker(ForkJoinPool.java:1808) [?:?]
	at java.base/java.util.concurrent.ForkJoinWorkerThread.run(ForkJoinWorkerThread.java:188) [?:?]
Caused by: java.io.EOFException: End of input at line 1 column 1 path $
	at MC-BOOTSTRAP/com.google.gson@2.10.1/com.google.gson.stream.JsonReader.nextNonWhitespace(JsonReader.java:1457) ~[gson-2.10.1.jar%23110!/:?]
	at MC-BOOTSTRAP/com.google.gson@2.10.1/com.google.gson.stream.JsonReader.doPeek(JsonReader.java:558) ~[gson-2.10.1.jar%23110!/:?]
	at MC-BOOTSTRAP/com.google.gson@2.10.1/com.google.gson.stream.JsonReader.peek(JsonReader.java:433) ~[gson-2.10.1.jar%23110!/:?]
	at MC-BOOTSTRAP/com.google.gson@2.10.1/com.google.gson.internal.bind.TypeAdapters$28.read(TypeAdapters.java:769) ~[gson-2.10.1.jar%23110!/:?]
	at MC-BOOTSTRAP/com.google.gson@2.10.1/com.google.gson.internal.bind.TypeAdapters$28.read(TypeAdapters.java:725) ~[gson-2.10.1.jar%23110!/:?]
	at MC-BOOTSTRAP/com.google.gson@2.10.1/com.google.gson.internal.bind.TypeAdapters$34$1.read(TypeAdapters.java:1007) ~[gson-2.10.1.jar%23110!/:?]
	at TRANSFORMER/minecraft@1.21.1/net.minecraft.util.GsonHelper.fromNullableJson(GsonHelper.java:432) ~[neoforge-21.1.228.jar%23189!/:?]
	... 11 more
[28серп.2026 07:53:42.568] [Worker-Main-16/ERROR] [net.minecraft.client.resources.model.ModelManager/]: Failed to load blockstate create_radar:blockstates/sonar_bearing.json from pack mod/create_radar
com.google.gson.JsonParseException: java.io.EOFException: End of input at line 1 column 1 path $
	at TRANSFORMER/minecraft@1.21.1/net.minecraft.util.GsonHelper.fromNullableJson(GsonHelper.java:434) ~[neoforge-21.1.228.jar%23189!/:?]
	at TRANSFORMER/minecraft@1.21.1/net.minecraft.util.GsonHelper.fromJson(GsonHelper.java:439) ~[neoforge-21.1.228.jar%23189!/:?]
	at TRANSFORMER/minecraft@1.21.1/net.minecraft.util.GsonHelper.parse(GsonHelper.java:503) ~[neoforge-21.1.228.jar%23189!/:?]
	at TRANSFORMER/minecraft@1.21.1/net.minecraft.util.GsonHelper.parse(GsonHelper.java:511) ~[neoforge-21.1.228.jar%23189!/:?]
	at TRANSFORMER/minecraft@1.21.1/net.minecraft.client.resources.model.ModelManager.lambda$loadBlockStates$12(ModelManager.java:180) ~[neoforge-21.1.228.jar%23189!/:?]
	at java.base/java.util.concurrent.CompletableFuture$AsyncSupply.run(CompletableFuture.java:1768) [?:?]
	at java.base/java.util.concurrent.CompletableFuture$AsyncSupply.exec(CompletableFuture.java:1760) [?:?]
	at java.base/java.util.concurrent.ForkJoinTask.doExec(ForkJoinTask.java:387) [?:?]
	at java.base/java.util.concurrent.ForkJoinPool$WorkQueue.topLevelExec(ForkJoinPool.java:1312) [?:?]
	at java.base/java.util.concurrent.ForkJoinPool.scan(ForkJoinPool.java:1843) [?:?]
	at java.base/java.util.concurrent.ForkJoinPool.runWorker(ForkJoinPool.java:1808) [?:?]
	at java.base/java.util.concurrent.ForkJoinWorkerThread.run(ForkJoinWorkerThread.java:188) [?:?]
Caused by: java.io.EOFException: End of input at line 1 column 1 path $
	at MC-BOOTSTRAP/com.google.gson@2.10.1/com.google.gson.stream.JsonReader.nextNonWhitespace(JsonReader.java:1457) ~[gson-2.10.1.jar%23110!/:?]
	at MC-BOOTSTRAP/com.google.gson@2.10.1/com.google.gson.stream.JsonReader.doPeek(JsonReader.java:558) ~[gson-2.10.1.jar%23110!/:?]
	at MC-BOOTSTRAP/com.google.gson@2.10.1/com.google.gson.stream.JsonReader.peek(JsonReader.java:433) ~[gson-2.10.1.jar%23110!/:?]
	at MC-BOOTSTRAP/com.google.gson@2.10.1/com.google.gson.internal.bind.TypeAdapters$28.read(TypeAdapters.java:769) ~[gson-2.10.1.jar%23110!/:?]
	at MC-BOOTSTRAP/com.google.gson@2.10.1/com.google.gson.internal.bind.TypeAdapters$28.read(TypeAdapters.java:725) ~[gson-2.10.1.jar%23110!/:?]
	at MC-BOOTSTRAP/com.google.gson@2.10.1/com.google.gson.internal.bind.TypeAdapters$34$1.read(TypeAdapters.java:1007) ~[gson-2.10.1.jar%23110!/:?]
	at TRANSFORMER/minecraft@1.21.1/net.minecraft.util.GsonHelper.fromNullableJson(GsonHelper.java:432) ~[neoforge-21.1.228.jar%23189!/:?]
	... 11 more
[28серп.2026 07:53:42.568] [Worker-Main-18/ERROR] [net.minecraft.client.resources.model.ModelManager/]: Failed to load blockstate create_radar:blockstates/sonar_panel.json from pack mod/create_radar
com.google.gson.JsonParseException: java.io.EOFException: End of input at line 1 column 1 path $
	at TRANSFORMER/minecraft@1.21.1/net.minecraft.util.GsonHelper.fromNullableJson(GsonHelper.java:434) ~[neoforge-21.1.228.jar%23189!/:?]
	at TRANSFORMER/minecraft@1.21.1/net.minecraft.util.GsonHelper.fromJson(GsonHelper.java:439) ~[neoforge-21.1.228.jar%23189!/:?]
	at TRANSFORMER/minecraft@1.21.1/net.minecraft.util.GsonHelper.parse(GsonHelper.java:503) ~[neoforge-21.1.228.jar%23189!/:?]
	at TRANSFORMER/minecraft@1.21.1/net.minecraft.util.GsonHelper.parse(GsonHelper.java:511) ~[neoforge-21.1.228.jar%23189!/:?]
	at TRANSFORMER/minecraft@1.21.1/net.minecraft.client.resources.model.ModelManager.lambda$loadBlockStates$12(ModelManager.java:180) ~[neoforge-21.1.228.jar%23189!/:?]
	at java.base/java.util.concurrent.CompletableFuture$AsyncSupply.run(CompletableFuture.java:1768) [?:?]
	at java.base/java.util.concurrent.CompletableFuture$AsyncSupply.exec(CompletableFuture.java:1760) [?:?]
	at java.base/java.util.concurrent.ForkJoinTask.doExec(ForkJoinTask.java:387) [?:?]
	at java.base/java.util.concurrent.ForkJoinPool$WorkQueue.topLevelExec(ForkJoinPool.java:1312) [?:?]
	at java.base/java.util.concurrent.ForkJoinPool.scan(ForkJoinPool.java:1843) [?:?]
	at java.base/java.util.concurrent.ForkJoinPool.runWorker(ForkJoinPool.java:1808) [?:?]
	at java.base/java.util.concurrent.ForkJoinWorkerThread.run(ForkJoinWorkerThread.java:188) [?:?]
Caused by: java.io.EOFException: End of input at line 1 column 1 path $
	at MC-BOOTSTRAP/com.google.gson@2.10.1/com.google.gson.stream.JsonReader.nextNonWhitespace(JsonReader.java:1457) ~[gson-2.10.1.jar%23110!/:?]
	at MC-BOOTSTRAP/com.google.gson@2.10.1/com.google.gson.stream.JsonReader.doPeek(JsonReader.java:558) ~[gson-2.10.1.jar%23110!/:?]
	at MC-BOOTSTRAP/com.google.gson@2.10.1/com.google.gson.stream.JsonReader.peek(JsonReader.java:433) ~[gson-2.10.1.jar%23110!/:?]
	at MC-BOOTSTRAP/com.google.gson@2.10.1/com.google.gson.internal.bind.TypeAdapters$28.read(TypeAdapters.java:769) ~[gson-2.10.1.jar%23110!/:?]
	at MC-BOOTSTRAP/com.google.gson@2.10.1/com.google.gson.internal.bind.TypeAdapters$28.read(TypeAdapters.java:725) ~[gson-2.10.1.jar%23110!/:?]
	at MC-BOOTSTRAP/com.google.gson@2.10.1/com.google.gson.internal.bind.TypeAdapters$34$1.read(TypeAdapters.java:1007) ~[gson-2.10.1.jar%23110!/:?]
	at TRANSFORMER/minecraft@1.21.1/net.minecraft.util.GsonHelper.fromNullableJson(GsonHelper.java:432) ~[neoforge-21.1.228.jar%23189!/:?]
	... 11 more
[28серп.2026 07:53:42.640] [Worker-Main-18/ERROR] [net.minecraft.client.resources.model.ModelManager/]: Failed to load model create_radar:models/block/cannon_mount_radar.json
com.google.gson.JsonParseException: JSON data was null or empty
	at TRANSFORMER/minecraft@1.21.1/net.minecraft.util.GsonHelper.fromJson(GsonHelper.java:441) ~[neoforge-21.1.228.jar%23189!/:?]
	at TRANSFORMER/minecraft@1.21.1/net.minecraft.util.GsonHelper.fromJson(GsonHelper.java:491) ~[neoforge-21.1.228.jar%23189!/:?]
	at TRANSFORMER/minecraft@1.21.1/net.minecraft.client.renderer.block.model.BlockModel.fromStream(BlockModel.java:83) ~[neoforge-21.1.228.jar%23189!/:?]
	at TRANSFORMER/minecraft@1.21.1/net.minecraft.client.resources.model.ModelManager.lambda$loadBlockModels$8(ModelManager.java:144) ~[neoforge-21.1.228.jar%23189!/:?]
	at java.base/java.util.concurrent.CompletableFuture$AsyncSupply.run(CompletableFuture.java:1768) [?:?]
	at java.base/java.util.concurrent.CompletableFuture$AsyncSupply.exec(CompletableFuture.java:1760) [?:?]
	at java.base/java.util.concurrent.ForkJoinTask.doExec(ForkJoinTask.java:387) [?:?]
	at java.base/java.util.concurrent.ForkJoinPool$WorkQueue.topLevelExec(ForkJoinPool.java:1312) [?:?]
	at java.base/java.util.concurrent.ForkJoinPool.scan(ForkJoinPool.java:1843) [?:?]
	at java.base/java.util.concurrent.ForkJoinPool.runWorker(ForkJoinPool.java:1808) [?:?]
	at java.base/java.util.concurrent.ForkJoinWorkerThread.run(ForkJoinWorkerThread.java:188) [?:?]
[28серп.2026 07:53:42.713] [Render thread/INFO] [mixin/]: Mixing compatibility.create.big_outlines_interaction.BigOutlinesMixin from sable-neoforge.mixins.json into com.simibubi.create.foundation.block.BigOutlines
[28серп.2026 07:53:42.713] [Render thread/INFO] [mixin/]: Renaming synthetic method lambda$sable$useSubLevelInclusiveCast$0(Ljava/util/function/Predicate;Ldev/ryanhcode/sable/sublevel/SubLevel;Lnet/minecraft/core/BlockPos;)Z to md504d38$sable$lambda$sable$useSubLevelInclusiveCast$0$0 in sable-neoforge.mixins.json:compatibility.create.big_outlines_interaction.BigOutlinesMixin from mod sable
[28серп.2026 07:53:42.743] [Render thread/INFO] [mixin/]: Mixing water_occlusion.FogRendererMixin from sable.mixins.json into net.minecraft.client.renderer.FogRenderer
[28серп.2026 07:53:42.779] [Worker-Main-12/INFO] [mixin/]: Mixing compatibility.create.frogports.SmartBlockEntityRendererMixin from sable-neoforge.mixins.json into com.simibubi.create.foundation.blockEntity.renderer.SmartBlockEntityRenderer
[28серп.2026 07:53:42.785] [Worker-Main-7/WARN] [net.minecraft.client.renderer.texture.SpriteLoader/]: Texture create_radar:block/spotlight_light with size 10x10 limits mip level from 4 to 1
[28серп.2026 07:53:42.794] [Worker-Main-9/INFO] [mixin/]: Mixing MediumRocketPodBreechInstanceMixin from cbcatfix.mixins.json into com.dsvv.cbcat.cannon.medium_rocketpod.breech.MediumRocketPodBreechInstance
[28серп.2026 07:53:42.791] [Worker-Main-1/ERROR] [net.minecraft.client.resources.model.ModelManager/]: Failed to load model create_radar:models/block/shield_jammer.json
com.google.gson.JsonParseException: JSON data was null or empty
	at TRANSFORMER/minecraft@1.21.1/net.minecraft.util.GsonHelper.fromJson(GsonHelper.java:441) ~[neoforge-21.1.228.jar%23189!/:?]
	at TRANSFORMER/minecraft@1.21.1/net.minecraft.util.GsonHelper.fromJson(GsonHelper.java:491) ~[neoforge-21.1.228.jar%23189!/:?]
	at TRANSFORMER/minecraft@1.21.1/net.minecraft.client.renderer.block.model.BlockModel.fromStream(BlockModel.java:83) ~[neoforge-21.1.228.jar%23189!/:?]
	at TRANSFORMER/minecraft@1.21.1/net.minecraft.client.resources.model.ModelManager.lambda$loadBlockModels$8(ModelManager.java:144) ~[neoforge-21.1.228.jar%23189!/:?]
	at java.base/java.util.concurrent.CompletableFuture$AsyncSupply.run(CompletableFuture.java:1768) [?:?]
	at java.base/java.util.concurrent.CompletableFuture$AsyncSupply.exec(CompletableFuture.java:1760) [?:?]
	at java.base/java.util.concurrent.ForkJoinTask.doExec(ForkJoinTask.java:387) [?:?]
	at java.base/java.util.concurrent.ForkJoinPool$WorkQueue.topLevelExec(ForkJoinPool.java:1312) [?:?]
	at java.base/java.util.concurrent.ForkJoinPool.scan(ForkJoinPool.java:1843) [?:?]
	at java.base/java.util.concurrent.ForkJoinPool.runWorker(ForkJoinPool.java:1808) [?:?]
	at java.base/java.util.concurrent.ForkJoinWorkerThread.run(ForkJoinWorkerThread.java:188) [?:?]
[28серп.2026 07:53:42.791] [Worker-Main-15/ERROR] [net.minecraft.client.resources.model.ModelManager/]: Failed to load model create_radar:models/block/sky_radar_mount.json
com.google.gson.JsonParseException: JSON data was null or empty
	at TRANSFORMER/minecraft@1.21.1/net.minecraft.util.GsonHelper.fromJson(GsonHelper.java:441) ~[neoforge-21.1.228.jar%23189!/:?]
	at TRANSFORMER/minecraft@1.21.1/net.minecraft.util.GsonHelper.fromJson(GsonHelper.java:491) ~[neoforge-21.1.228.jar%23189!/:?]
	at TRANSFORMER/minecraft@1.21.1/net.minecraft.client.renderer.block.model.BlockModel.fromStream(BlockModel.java:83) ~[neoforge-21.1.228.jar%23189!/:?]
	at TRANSFORMER/minecraft@1.21.1/net.minecraft.client.resources.model.ModelManager.lambda$loadBlockModels$8(ModelManager.java:144) ~[neoforge-21.1.228.jar%23189!/:?]
	at java.base/java.util.concurrent.CompletableFuture$AsyncSupply.run(CompletableFuture.java:1768) [?:?]
	at java.base/java.util.concurrent.CompletableFuture$AsyncSupply.exec(CompletableFuture.java:1760) [?:?]
	at java.base/java.util.concurrent.ForkJoinTask.doExec(ForkJoinTask.java:387) [?:?]
	at java.base/java.util.concurrent.ForkJoinPool$WorkQueue.topLevelExec(ForkJoinPool.java:1312) [?:?]
	at java.base/java.util.concurrent.ForkJoinPool.scan(ForkJoinPool.java:1843) [?:?]
	at java.base/java.util.concurrent.ForkJoinPool.runWorker(ForkJoinPool.java:1808) [?:?]
	at java.base/java.util.concurrent.ForkJoinWorkerThread.run(ForkJoinWorkerThread.java:188) [?:?]
[28серп.2026 07:53:42.795] [Worker-Main-3/ERROR] [net.minecraft.client.resources.model.ModelManager/]: Failed to load model create_radar:models/block/smart_cannon_mount.json
com.google.gson.JsonParseException: JSON data was null or empty
	at TRANSFORMER/minecraft@1.21.1/net.minecraft.util.GsonHelper.fromJson(GsonHelper.java:441) ~[neoforge-21.1.228.jar%23189!/:?]
	at TRANSFORMER/minecraft@1.21.1/net.minecraft.util.GsonHelper.fromJson(GsonHelper.java:491) ~[neoforge-21.1.228.jar%23189!/:?]
	at TRANSFORMER/minecraft@1.21.1/net.minecraft.client.renderer.block.model.BlockModel.fromStream(BlockModel.java:83) ~[neoforge-21.1.228.jar%23189!/:?]
	at TRANSFORMER/minecraft@1.21.1/net.minecraft.client.resources.model.ModelManager.lambda$loadBlockModels$8(ModelManager.java:144) ~[neoforge-21.1.228.jar%23189!/:?]
	at java.base/java.util.concurrent.CompletableFuture$AsyncSupply.run(CompletableFuture.java:1768) [?:?]
	at java.base/java.util.concurrent.CompletableFuture$AsyncSupply.exec(CompletableFuture.java:1760) [?:?]
	at java.base/java.util.concurrent.ForkJoinTask.doExec(ForkJoinTask.java:387) [?:?]
	at java.base/java.util.concurrent.ForkJoinPool$WorkQueue.topLevelExec(ForkJoinPool.java:1312) [?:?]
	at java.base/java.util.concurrent.ForkJoinPool.scan(ForkJoinPool.java:1843) [?:?]
	at java.base/java.util.concurrent.ForkJoinPool.runWorker(ForkJoinPool.java:1808) [?:?]
	at java.base/java.util.concurrent.ForkJoinWorkerThread.run(ForkJoinWorkerThread.java:188) [?:?]
[28серп.2026 07:53:42.804] [Worker-Main-4/INFO] [mixin/]: Mixing accessor.WorldSectionElementAccessor from simulated.mixins.json into net.createmod.ponder.foundation.element.WorldSectionElementImpl
[28серп.2026 07:53:42.805] [Worker-Main-4/INFO] [mixin/]: Mixing ponder.WorldSectionElementImplMixin from simulated.mixins.json into net.createmod.ponder.foundation.element.WorldSectionElementImpl
[28серп.2026 07:53:42.806] [Worker-Main-4/INFO] [mixin/]: Mixing ponder.WorldSectionElementImplAccessor from aeronautics.mixins.json into net.createmod.ponder.foundation.element.WorldSectionElementImpl
[28серп.2026 07:53:42.820] [Worker-Main-9/INFO] [mixin/]: Mixing compatibility.flywheel.AbstractBlockEntityVisualMixin from sable-neoforge.mixins.json into dev.engine_room.flywheel.lib.visual.AbstractBlockEntityVisual
[28серп.2026 07:53:42.858] [Worker-Main-3/ERROR] [net.minecraft.client.resources.model.ModelManager/]: Failed to load model create_radar:models/item/artillery_radio.json
com.google.gson.JsonParseException: JSON data was null or empty
	at TRANSFORMER/minecraft@1.21.1/net.minecraft.util.GsonHelper.fromJson(GsonHelper.java:441) ~[neoforge-21.1.228.jar%23189!/:?]
	at TRANSFORMER/minecraft@1.21.1/net.minecraft.util.GsonHelper.fromJson(GsonHelper.java:491) ~[neoforge-21.1.228.jar%23189!/:?]
	at TRANSFORMER/minecraft@1.21.1/net.minecraft.client.renderer.block.model.BlockModel.fromStream(BlockModel.java:83) ~[neoforge-21.1.228.jar%23189!/:?]
	at TRANSFORMER/minecraft@1.21.1/net.minecraft.client.resources.model.ModelManager.lambda$loadBlockModels$8(ModelManager.java:144) ~[neoforge-21.1.228.jar%23189!/:?]
	at java.base/java.util.concurrent.CompletableFuture$AsyncSupply.run(CompletableFuture.java:1768) [?:?]
	at java.base/java.util.concurrent.CompletableFuture$AsyncSupply.exec(CompletableFuture.java:1760) [?:?]
	at java.base/java.util.concurrent.ForkJoinTask.doExec(ForkJoinTask.java:387) [?:?]
	at java.base/java.util.concurrent.ForkJoinPool$WorkQueue.topLevelExec(ForkJoinPool.java:1312) [?:?]
	at java.base/java.util.concurrent.ForkJoinPool.scan(ForkJoinPool.java:1843) [?:?]
	at java.base/java.util.concurrent.ForkJoinPool.runWorker(ForkJoinPool.java:1808) [?:?]
	at java.base/java.util.concurrent.ForkJoinWorkerThread.run(ForkJoinWorkerThread.java:188) [?:?]
[28серп.2026 07:53:42.878] [Worker-Main-9/INFO] [mixin/]: Mixing MediumRocketPodBreechRendererMixin from cbcatfix.mixins.json into com.dsvv.cbcat.cannon.medium_rocketpod.breech.MediumRocketPodBreechRenderer
[28серп.2026 07:53:42.890] [Worker-Main-4/INFO] [mixin/]: Mixing compatibility.create.contraptions.ContraptionVisualMixin from sable-neoforge.mixins.json into com.simibubi.create.content.contraptions.render.ContraptionVisual
[28серп.2026 07:53:42.905] [Worker-Main-19/ERROR] [net.minecraft.client.resources.model.ModelManager/]: Failed to load model create_radar:models/item/radar_goggle.json
com.google.gson.JsonParseException: JSON data was null or empty
	at TRANSFORMER/minecraft@1.21.1/net.minecraft.util.GsonHelper.fromJson(GsonHelper.java:441) ~[neoforge-21.1.228.jar%23189!/:?]
	at TRANSFORMER/minecraft@1.21.1/net.minecraft.util.GsonHelper.fromJson(GsonHelper.java:491) ~[neoforge-21.1.228.jar%23189!/:?]
	at TRANSFORMER/minecraft@1.21.1/net.minecraft.client.renderer.block.model.BlockModel.fromStream(BlockModel.java:83) ~[neoforge-21.1.228.jar%23189!/:?]
	at TRANSFORMER/minecraft@1.21.1/net.minecraft.client.resources.model.ModelManager.lambda$loadBlockModels$8(ModelManager.java:144) ~[neoforge-21.1.228.jar%23189!/:?]
	at java.base/java.util.concurrent.CompletableFuture$AsyncSupply.run(CompletableFuture.java:1768) [?:?]
	at java.base/java.util.concurrent.CompletableFuture$AsyncSupply.exec(CompletableFuture.java:1760) [?:?]
	at java.base/java.util.concurrent.ForkJoinTask.doExec(ForkJoinTask.java:387) [?:?]
	at java.base/java.util.concurrent.ForkJoinPool$WorkQueue.topLevelExec(ForkJoinPool.java:1312) [?:?]
	at java.base/java.util.concurrent.ForkJoinPool.scan(ForkJoinPool.java:1843) [?:?]
	at java.base/java.util.concurrent.ForkJoinPool.runWorker(ForkJoinPool.java:1808) [?:?]
	at java.base/java.util.concurrent.ForkJoinWorkerThread.run(ForkJoinWorkerThread.java:188) [?:?]
[28серп.2026 07:53:42.905] [Worker-Main-1/ERROR] [net.minecraft.client.resources.model.ModelManager/]: Failed to load model create_radar:models/item/radome.json
com.google.gson.JsonParseException: JSON data was null or empty
	at TRANSFORMER/minecraft@1.21.1/net.minecraft.util.GsonHelper.fromJson(GsonHelper.java:441) ~[neoforge-21.1.228.jar%23189!/:?]
	at TRANSFORMER/minecraft@1.21.1/net.minecraft.util.GsonHelper.fromJson(GsonHelper.java:491) ~[neoforge-21.1.228.jar%23189!/:?]
	at TRANSFORMER/minecraft@1.21.1/net.minecraft.client.renderer.block.model.BlockModel.fromStream(BlockModel.java:83) ~[neoforge-21.1.228.jar%23189!/:?]
	at TRANSFORMER/minecraft@1.21.1/net.minecraft.client.resources.model.ModelManager.lambda$loadBlockModels$8(ModelManager.java:144) ~[neoforge-21.1.228.jar%23189!/:?]
	at java.base/java.util.concurrent.CompletableFuture$AsyncSupply.run(CompletableFuture.java:1768) [?:?]
	at java.base/java.util.concurrent.CompletableFuture$AsyncSupply.exec(CompletableFuture.java:1760) [?:?]
	at java.base/java.util.concurrent.ForkJoinTask.doExec(ForkJoinTask.java:387) [?:?]
	at java.base/java.util.concurrent.ForkJoinPool$WorkQueue.topLevelExec(ForkJoinPool.java:1312) [?:?]
	at java.base/java.util.concurrent.ForkJoinPool.scan(ForkJoinPool.java:1843) [?:?]
	at java.base/java.util.concurrent.ForkJoinPool.runWorker(ForkJoinPool.java:1808) [?:?]
	at java.base/java.util.concurrent.ForkJoinWorkerThread.run(ForkJoinWorkerThread.java:188) [?:?]
[28серп.2026 07:53:42.908] [Worker-Main-17/ERROR] [net.minecraft.client.resources.model.ModelManager/]: Failed to load model create_radar:models/item/shield_jammer.json
com.google.gson.JsonParseException: JSON data was null or empty
	at TRANSFORMER/minecraft@1.21.1/net.minecraft.util.GsonHelper.fromJson(GsonHelper.java:441) ~[neoforge-21.1.228.jar%23189!/:?]
	at TRANSFORMER/minecraft@1.21.1/net.minecraft.util.GsonHelper.fromJson(GsonHelper.java:491) ~[neoforge-21.1.228.jar%23189!/:?]
	at TRANSFORMER/minecraft@1.21.1/net.minecraft.client.renderer.block.model.BlockModel.fromStream(BlockModel.java:83) ~[neoforge-21.1.228.jar%23189!/:?]
	at TRANSFORMER/minecraft@1.21.1/net.minecraft.client.resources.model.ModelManager.lambda$loadBlockModels$8(ModelManager.java:144) ~[neoforge-21.1.228.jar%23189!/:?]
	at java.base/java.util.concurrent.CompletableFuture$AsyncSupply.run(CompletableFuture.java:1768) [?:?]
	at java.base/java.util.concurrent.CompletableFuture$AsyncSupply.exec(CompletableFuture.java:1760) [?:?]
	at java.base/java.util.concurrent.ForkJoinTask.doExec(ForkJoinTask.java:387) [?:?]
	at java.base/java.util.concurrent.ForkJoinPool$WorkQueue.topLevelExec(ForkJoinPool.java:1312) [?:?]
	at java.base/java.util.concurrent.ForkJoinPool.scan(ForkJoinPool.java:1843) [?:?]
	at java.base/java.util.concurrent.ForkJoinPool.runWorker(ForkJoinPool.java:1808) [?:?]
	at java.base/java.util.concurrent.ForkJoinWorkerThread.run(ForkJoinWorkerThread.java:188) [?:?]
[28серп.2026 07:53:42.908] [Worker-Main-19/ERROR] [net.minecraft.client.resources.model.ModelManager/]: Failed to load model create_radar:models/item/sky_radar.json
com.google.gson.JsonParseException: JSON data was null or empty
	at TRANSFORMER/minecraft@1.21.1/net.minecraft.util.GsonHelper.fromJson(GsonHelper.java:441) ~[neoforge-21.1.228.jar%23189!/:?]
	at TRANSFORMER/minecraft@1.21.1/net.minecraft.util.GsonHelper.fromJson(GsonHelper.java:491) ~[neoforge-21.1.228.jar%23189!/:?]
	at TRANSFORMER/minecraft@1.21.1/net.minecraft.client.renderer.block.model.BlockModel.fromStream(BlockModel.java:83) ~[neoforge-21.1.228.jar%23189!/:?]
	at TRANSFORMER/minecraft@1.21.1/net.minecraft.client.resources.model.ModelManager.lambda$loadBlockModels$8(ModelManager.java:144) ~[neoforge-21.1.228.jar%23189!/:?]
	at java.base/java.util.concurrent.CompletableFuture$AsyncSupply.run(CompletableFuture.java:1768) [?:?]
	at java.base/java.util.concurrent.CompletableFuture$AsyncSupply.exec(CompletableFuture.java:1760) [?:?]
	at java.base/java.util.concurrent.ForkJoinTask.doExec(ForkJoinTask.java:387) [?:?]
	at java.base/java.util.concurrent.ForkJoinPool$WorkQueue.topLevelExec(ForkJoinPool.java:1312) [?:?]
	at java.base/java.util.concurrent.ForkJoinPool.scan(ForkJoinPool.java:1843) [?:?]
	at java.base/java.util.concurrent.ForkJoinPool.runWorker(ForkJoinPool.java:1808) [?:?]
	at java.base/java.util.concurrent.ForkJoinWorkerThread.run(ForkJoinWorkerThread.java:188) [?:?]
[28серп.2026 07:53:42.908] [Worker-Main-8/ERROR] [net.minecraft.client.resources.model.ModelManager/]: Failed to load model create_radar:models/item/siren.json
com.google.gson.JsonParseException: JSON data was null or empty
	at TRANSFORMER/minecraft@1.21.1/net.minecraft.util.GsonHelper.fromJson(GsonHelper.java:441) ~[neoforge-21.1.228.jar%23189!/:?]
	at TRANSFORMER/minecraft@1.21.1/net.minecraft.util.GsonHelper.fromJson(GsonHelper.java:491) ~[neoforge-21.1.228.jar%23189!/:?]
	at TRANSFORMER/minecraft@1.21.1/net.minecraft.client.renderer.block.model.BlockModel.fromStream(BlockModel.java:83) ~[neoforge-21.1.228.jar%23189!/:?]
	at TRANSFORMER/minecraft@1.21.1/net.minecraft.client.resources.model.ModelManager.lambda$loadBlockModels$8(ModelManager.java:144) ~[neoforge-21.1.228.jar%23189!/:?]
	at java.base/java.util.concurrent.CompletableFuture$AsyncSupply.run(CompletableFuture.java:1768) [?:?]
	at java.base/java.util.concurrent.CompletableFuture$AsyncSupply.exec(CompletableFuture.java:1760) [?:?]
	at java.base/java.util.concurrent.ForkJoinTask.doExec(ForkJoinTask.java:387) [?:?]
	at java.base/java.util.concurrent.ForkJoinPool$WorkQueue.topLevelExec(ForkJoinPool.java:1312) [?:?]
	at java.base/java.util.concurrent.ForkJoinPool.scan(ForkJoinPool.java:1843) [?:?]
	at java.base/java.util.concurrent.ForkJoinPool.runWorker(ForkJoinPool.java:1808) [?:?]
	at java.base/java.util.concurrent.ForkJoinWorkerThread.run(ForkJoinWorkerThread.java:188) [?:?]
[28серп.2026 07:53:42.910] [Worker-Main-4/INFO] [mixin/]: Mixing compatibility.create.trains.CarriageContraptionVisualMixin from sable-neoforge.mixins.json into com.simibubi.create.content.trains.entity.CarriageContraptionVisual
[28серп.2026 07:53:42.909] [Worker-Main-15/ERROR] [net.minecraft.client.resources.model.ModelManager/]: Failed to load model create_radar:models/item/sonar_panel.json
com.google.gson.JsonParseException: JSON data was null or empty
	at TRANSFORMER/minecraft@1.21.1/net.minecraft.util.GsonHelper.fromJson(GsonHelper.java:441) ~[neoforge-21.1.228.jar%23189!/:?]
	at TRANSFORMER/minecraft@1.21.1/net.minecraft.util.GsonHelper.fromJson(GsonHelper.java:491) ~[neoforge-21.1.228.jar%23189!/:?]
	at TRANSFORMER/minecraft@1.21.1/net.minecraft.client.renderer.block.model.BlockModel.fromStream(BlockModel.java:83) ~[neoforge-21.1.228.jar%23189!/:?]
	at TRANSFORMER/minecraft@1.21.1/net.minecraft.client.resources.model.ModelManager.lambda$loadBlockModels$8(ModelManager.java:144) ~[neoforge-21.1.228.jar%23189!/:?]
	at java.base/java.util.concurrent.CompletableFuture$AsyncSupply.run(CompletableFuture.java:1768) [?:?]
	at java.base/java.util.concurrent.CompletableFuture$AsyncSupply.exec(CompletableFuture.java:1760) [?:?]
	at java.base/java.util.concurrent.ForkJoinTask.doExec(ForkJoinTask.java:387) [?:?]
	at java.base/java.util.concurrent.ForkJoinPool$WorkQueue.topLevelExec(ForkJoinPool.java:1312) [?:?]
	at java.base/java.util.concurrent.ForkJoinPool.scan(ForkJoinPool.java:1843) [?:?]
	at java.base/java.util.concurrent.ForkJoinPool.runWorker(ForkJoinPool.java:1808) [?:?]
	at java.base/java.util.concurrent.ForkJoinWorkerThread.run(ForkJoinWorkerThread.java:188) [?:?]
[28серп.2026 07:53:42.909] [Worker-Main-3/ERROR] [net.minecraft.client.resources.model.ModelManager/]: Failed to load model create_radar:models/item/sonar_bearing.json
com.google.gson.JsonParseException: JSON data was null or empty
	at TRANSFORMER/minecraft@1.21.1/net.minecraft.util.GsonHelper.fromJson(GsonHelper.java:441) ~[neoforge-21.1.228.jar%23189!/:?]
	at TRANSFORMER/minecraft@1.21.1/net.minecraft.util.GsonHelper.fromJson(GsonHelper.java:491) ~[neoforge-21.1.228.jar%23189!/:?]
	at TRANSFORMER/minecraft@1.21.1/net.minecraft.client.renderer.block.model.BlockModel.fromStream(BlockModel.java:83) ~[neoforge-21.1.228.jar%23189!/:?]
	at TRANSFORMER/minecraft@1.21.1/net.minecraft.client.resources.model.ModelManager.lambda$loadBlockModels$8(ModelManager.java:144) ~[neoforge-21.1.228.jar%23189!/:?]
	at java.base/java.util.concurrent.CompletableFuture$AsyncSupply.run(CompletableFuture.java:1768) [?:?]
	at java.base/java.util.concurrent.CompletableFuture$AsyncSupply.exec(CompletableFuture.java:1760) [?:?]
	at java.base/java.util.concurrent.ForkJoinTask.doExec(ForkJoinTask.java:387) [?:?]
	at java.base/java.util.concurrent.ForkJoinPool$WorkQueue.topLevelExec(ForkJoinPool.java:1312) [?:?]
	at java.base/java.util.concurrent.ForkJoinPool.scan(ForkJoinPool.java:1843) [?:?]
	at java.base/java.util.concurrent.ForkJoinPool.runWorker(ForkJoinPool.java:1808) [?:?]
	at java.base/java.util.concurrent.ForkJoinWorkerThread.run(ForkJoinWorkerThread.java:188) [?:?]
[28серп.2026 07:53:42.917] [Worker-Main-10/INFO] [mixin/]: Mixing levitite.ChunkRenderTypeSetAccessor from aeronautics.mixins.json into net.neoforged.neoforge.client.ChunkRenderTypeSet
[28серп.2026 07:53:42.918] [Worker-Main-10/INFO] [mixin/]: Renaming @Accessor method setChunkRenderTypesList(Ljava/util/List;)V to setChunkRenderTypesList$aeronautics_$md$504d38$0 in aeronautics.mixins.json:levitite.ChunkRenderTypeSetAccessor from mod aeronautics
[28серп.2026 07:53:42.918] [Worker-Main-10/INFO] [mixin/]: Renaming @Accessor method setChunkRenderTypes([Lnet/minecraft/client/renderer/RenderType;)V to setChunkRenderTypes$aeronautics_$md$504d38$1 in aeronautics.mixins.json:levitite.ChunkRenderTypeSetAccessor from mod aeronautics
[28серп.2026 07:53:42.972] [Worker-Main-4/INFO] [mixin/]: Mixing compatibility.create.render_fixes.ChainConveyorRendererMixin from sable-neoforge.mixins.json into com.simibubi.create.content.kinetics.chainConveyor.ChainConveyorRenderer
[28серп.2026 07:53:43.001] [Worker-Main-4/INFO] [mixin/]: Mixing compatibility.create.belt.BeltRendererMixin from sable-neoforge.mixins.json into com.simibubi.create.content.kinetics.belt.BeltRenderer
[28серп.2026 07:53:43.002] [Worker-Main-4/INFO] [mixin/]: Mixing compatibility.create.render_fixes.BeltRendererMixin from sable-neoforge.mixins.json into com.simibubi.create.content.kinetics.belt.BeltRenderer
[28серп.2026 07:53:43.020] [Worker-Main-4/INFO] [mixin/]: Mixing compatibility.create.frogports.FrogportVisualMixin from sable-neoforge.mixins.json into com.simibubi.create.content.logistics.packagePort.frogport.FrogportVisual
[28серп.2026 07:53:43.024] [Worker-Main-4/INFO] [mixin/]: Mixing compatibility.create.frogports.FrogportRendererMixin from sable-neoforge.mixins.json into com.simibubi.create.content.logistics.packagePort.frogport.FrogportRenderer
[28серп.2026 07:53:43.041] [Worker-Main-4/INFO] [mixin/]: Mixing compatibility.create.contraptions.ContraptionControlsRendererMixin from sable-neoforge.mixins.json into com.simibubi.create.content.contraptions.actors.contraptionControls.ContraptionControlsRenderer
[28серп.2026 07:53:43.049] [Worker-Main-4/INFO] [mixin/]: Mixing compatibility.create.behaviour_compatibility.harvester_block_entity.HarvesterRendererMixin from sable-neoforge.mixins.json into com.simibubi.create.content.contraptions.actors.harvester.HarvesterRenderer
[28серп.2026 07:53:43.112] [Worker-Main-4/INFO] [mixin/]: Mixing compatibility.create.depot.DepotRendererMixin from sable-neoforge.mixins.json into com.simibubi.create.content.logistics.depot.DepotRenderer
[28серп.2026 07:53:43.161] [NeoForge Version Check/INFO] [net.neoforged.fml.VersionChecker/]: [create] Found status: OUTDATED Current: 6.0.10 Target: 6.0.10+mc1.21.1
[28серп.2026 07:53:43.471] [Worker-Main-18/WARN] [net.minecraft.client.resources.model.ModelBakery/]: Unable to load model: 'cbc_at:block/rocket_pod/cast_iron_assembled_rocket_pod_rail' referenced from: cbc_at:block/rocket_pod/cast_iron_assembled_rocket_pod_rail: java.io.FileNotFoundException: cbc_at:models/block/rocket_pod/cast_iron_assembled_rocket_pod_rail.json
[28серп.2026 07:53:43.471] [Worker-Main-18/WARN] [net.minecraft.client.resources.model.ModelBakery/]: Unable to load model: 'cbc_at:block/rocket_pod/bronze_assembled_rocket_pod_rail' referenced from: cbc_at:block/rocket_pod/bronze_assembled_rocket_pod_rail: java.io.FileNotFoundException: cbc_at:models/block/rocket_pod/bronze_assembled_rocket_pod_rail.json
[28серп.2026 07:53:43.471] [Worker-Main-18/WARN] [net.minecraft.client.resources.model.ModelBakery/]: Unable to load model: 'cbc_at:block/rocket_pod/steel_assembled_rocket_pod_rail' referenced from: cbc_at:block/rocket_pod/steel_assembled_rocket_pod_rail: java.io.FileNotFoundException: cbc_at:models/block/rocket_pod/steel_assembled_rocket_pod_rail.json
[28серп.2026 07:53:43.471] [Worker-Main-18/WARN] [net.minecraft.client.resources.model.ModelBakery/]: Unable to load model: 'cbc_at:block/medium_rocket_rail/wrought_iron_assembled_medium_rocket_rail' referenced from: cbc_at:block/medium_rocket_rail/wrought_iron_assembled_medium_rocket_rail: java.io.FileNotFoundException: cbc_at:models/block/medium_rocket_rail/wrought_iron_assembled_medium_rocket_rail.json
[28серп.2026 07:53:43.476] [Worker-Main-18/WARN] [net.minecraft.client.resources.model.ModelBakery/]: Unable to load model: 'cbc_at:block/twin_autocannon/cast_iron_assembled_vert_twin_autocannon_silencer' referenced from: cbc_at:block/twin_autocannon/cast_iron_assembled_vert_twin_autocannon_silencer: java.io.FileNotFoundException: cbc_at:models/block/twin_autocannon/cast_iron_assembled_vert_twin_autocannon_silencer.json
[28серп.2026 07:53:43.477] [Worker-Main-18/WARN] [net.minecraft.client.resources.model.ModelBakery/]: Unable to load model: 'cbc_at:block/twin_autocannon/cast_iron_assembled_vert_twin_autocannon_muzzle_brake' referenced from: cbc_at:block/twin_autocannon/cast_iron_assembled_vert_twin_autocannon_muzzle_brake: java.io.FileNotFoundException: cbc_at:models/block/twin_autocannon/cast_iron_assembled_vert_twin_autocannon_muzzle_brake.json
[28серп.2026 07:53:43.482] [Worker-Main-18/WARN] [net.minecraft.client.resources.model.BlockStateModelLoader/]: Exception loading blockstate definition: 'cbc_at:blockstates/unbored_cast_iron_rocket_pod_rail.json' missing model for variant: 'cbc_at:unbored_cast_iron_rocket_pod_rail#assembled=true,facing=up,waterlogged=true'
[28серп.2026 07:53:43.483] [Worker-Main-18/WARN] [net.minecraft.client.resources.model.BlockStateModelLoader/]: Exception loading blockstate definition: 'cbc_at:blockstates/unbored_cast_iron_rocket_pod_rail.json' missing model for variant: 'cbc_at:unbored_cast_iron_rocket_pod_rail#assembled=true,facing=down,waterlogged=true'
[28серп.2026 07:53:43.483] [Worker-Main-18/WARN] [net.minecraft.client.resources.model.BlockStateModelLoader/]: Exception loading blockstate definition: 'cbc_at:blockstates/unbored_cast_iron_rocket_pod_rail.json' missing model for variant: 'cbc_at:unbored_cast_iron_rocket_pod_rail#assembled=true,facing=up,waterlogged=false'
[28серп.2026 07:53:43.483] [Worker-Main-18/WARN] [net.minecraft.client.resources.model.BlockStateModelLoader/]: Exception loading blockstate definition: 'cbc_at:blockstates/unbored_cast_iron_rocket_pod_rail.json' missing model for variant: 'cbc_at:unbored_cast_iron_rocket_pod_rail#assembled=true,facing=south,waterlogged=false'
[28серп.2026 07:53:43.483] [Worker-Main-18/WARN] [net.minecraft.client.resources.model.BlockStateModelLoader/]: Exception loading blockstate definition: 'cbc_at:blockstates/unbored_cast_iron_rocket_pod_rail.json' missing model for variant: 'cbc_at:unbored_cast_iron_rocket_pod_rail#assembled=true,facing=west,waterlogged=true'
[28серп.2026 07:53:43.483] [Worker-Main-18/WARN] [net.minecraft.client.resources.model.BlockStateModelLoader/]: Exception loading blockstate definition: 'cbc_at:blockstates/unbored_cast_iron_rocket_pod_rail.json' missing model for variant: 'cbc_at:unbored_cast_iron_rocket_pod_rail#assembled=true,facing=north,waterlogged=false'
[28серп.2026 07:53:43.483] [Worker-Main-18/WARN] [net.minecraft.client.resources.model.BlockStateModelLoader/]: Exception loading blockstate definition: 'cbc_at:blockstates/unbored_cast_iron_rocket_pod_rail.json' missing model for variant: 'cbc_at:unbored_cast_iron_rocket_pod_rail#assembled=true,facing=down,waterlogged=false'
[28серп.2026 07:53:43.483] [Worker-Main-18/WARN] [net.minecraft.client.resources.model.BlockStateModelLoader/]: Exception loading blockstate definition: 'cbc_at:blockstates/unbored_cast_iron_rocket_pod_rail.json' missing model for variant: 'cbc_at:unbored_cast_iron_rocket_pod_rail#assembled=true,facing=east,waterlogged=true'
[28серп.2026 07:53:43.483] [Worker-Main-18/WARN] [net.minecraft.client.resources.model.BlockStateModelLoader/]: Exception loading blockstate definition: 'cbc_at:blockstates/unbored_cast_iron_rocket_pod_rail.json' missing model for variant: 'cbc_at:unbored_cast_iron_rocket_pod_rail#assembled=true,facing=south,waterlogged=true'
[28серп.2026 07:53:43.483] [Worker-Main-18/WARN] [net.minecraft.client.resources.model.BlockStateModelLoader/]: Exception loading blockstate definition: 'cbc_at:blockstates/unbored_cast_iron_rocket_pod_rail.json' missing model for variant: 'cbc_at:unbored_cast_iron_rocket_pod_rail#assembled=true,facing=north,waterlogged=true'
[28серп.2026 07:53:43.483] [Worker-Main-18/WARN] [net.minecraft.client.resources.model.BlockStateModelLoader/]: Exception loading blockstate definition: 'cbc_at:blockstates/unbored_cast_iron_rocket_pod_rail.json' missing model for variant: 'cbc_at:unbored_cast_iron_rocket_pod_rail#assembled=true,facing=east,waterlogged=false'
[28серп.2026 07:53:43.483] [Worker-Main-18/WARN] [net.minecraft.client.resources.model.BlockStateModelLoader/]: Exception loading blockstate definition: 'cbc_at:blockstates/unbored_cast_iron_rocket_pod_rail.json' missing model for variant: 'cbc_at:unbored_cast_iron_rocket_pod_rail#assembled=true,facing=west,waterlogged=false'
[28серп.2026 07:53:43.484] [Worker-Main-18/WARN] [net.minecraft.client.resources.model.BlockStateModelLoader/]: Exception loading blockstate definition: 'cbc_at:blockstates/unbored_bronze_rocket_pod_rail.json' missing model for variant: 'cbc_at:unbored_bronze_rocket_pod_rail#assembled=true,facing=up,waterlogged=false'
[28серп.2026 07:53:43.484] [Worker-Main-18/WARN] [net.minecraft.client.resources.model.BlockStateModelLoader/]: Exception loading blockstate definition: 'cbc_at:blockstates/unbored_bronze_rocket_pod_rail.json' missing model for variant: 'cbc_at:unbored_bronze_rocket_pod_rail#assembled=true,facing=north,waterlogged=false'
[28серп.2026 07:53:43.484] [Worker-Main-18/WARN] [net.minecraft.client.resources.model.BlockStateModelLoader/]: Exception loading blockstate definition: 'cbc_at:blockstates/unbored_bronze_rocket_pod_rail.json' missing model for variant: 'cbc_at:unbored_bronze_rocket_pod_rail#assembled=true,facing=south,waterlogged=true'
[28серп.2026 07:53:43.484] [Worker-Main-18/WARN] [net.minecraft.client.resources.model.BlockStateModelLoader/]: Exception loading blockstate definition: 'cbc_at:blockstates/unbored_bronze_rocket_pod_rail.json' missing model for variant: 'cbc_at:unbored_bronze_rocket_pod_rail#assembled=true,facing=down,waterlogged=true'
[28серп.2026 07:53:43.484] [Worker-Main-18/WARN] [net.minecraft.client.resources.model.BlockStateModelLoader/]: Exception loading blockstate definition: 'cbc_at:blockstates/unbored_bronze_rocket_pod_rail.json' missing model for variant: 'cbc_at:unbored_bronze_rocket_pod_rail#assembled=true,facing=south,waterlogged=false'
[28серп.2026 07:53:43.484] [Worker-Main-18/WARN] [net.minecraft.client.resources.model.BlockStateModelLoader/]: Exception loading blockstate definition: 'cbc_at:blockstates/unbored_bronze_rocket_pod_rail.json' missing model for variant: 'cbc_at:unbored_bronze_rocket_pod_rail#assembled=true,facing=west,waterlogged=true'
[28серп.2026 07:53:43.484] [Worker-Main-18/WARN] [net.minecraft.client.resources.model.BlockStateModelLoader/]: Exception loading blockstate definition: 'cbc_at:blockstates/unbored_bronze_rocket_pod_rail.json' missing model for variant: 'cbc_at:unbored_bronze_rocket_pod_rail#assembled=true,facing=east,waterlogged=true'
[28серп.2026 07:53:43.484] [Worker-Main-18/WARN] [net.minecraft.client.resources.model.BlockStateModelLoader/]: Exception loading blockstate definition: 'cbc_at:blockstates/unbored_bronze_rocket_pod_rail.json' missing model for variant: 'cbc_at:unbored_bronze_rocket_pod_rail#assembled=true,facing=west,waterlogged=false'
[28серп.2026 07:53:43.484] [Worker-Main-18/WARN] [net.minecraft.client.resources.model.BlockStateModelLoader/]: Exception loading blockstate definition: 'cbc_at:blockstates/unbored_bronze_rocket_pod_rail.json' missing model for variant: 'cbc_at:unbored_bronze_rocket_pod_rail#assembled=true,facing=down,waterlogged=false'
[28серп.2026 07:53:43.484] [Worker-Main-18/WARN] [net.minecraft.client.resources.model.BlockStateModelLoader/]: Exception loading blockstate definition: 'cbc_at:blockstates/unbored_bronze_rocket_pod_rail.json' missing model for variant: 'cbc_at:unbored_bronze_rocket_pod_rail#assembled=true,facing=north,waterlogged=true'
[28серп.2026 07:53:43.484] [Worker-Main-18/WARN] [net.minecraft.client.resources.model.BlockStateModelLoader/]: Exception loading blockstate definition: 'cbc_at:blockstates/unbored_bronze_rocket_pod_rail.json' missing model for variant: 'cbc_at:unbored_bronze_rocket_pod_rail#assembled=true,facing=east,waterlogged=false'
[28серп.2026 07:53:43.484] [Worker-Main-18/WARN] [net.minecraft.client.resources.model.BlockStateModelLoader/]: Exception loading blockstate definition: 'cbc_at:blockstates/unbored_bronze_rocket_pod_rail.json' missing model for variant: 'cbc_at:unbored_bronze_rocket_pod_rail#assembled=true,facing=up,waterlogged=true'
[28серп.2026 07:53:43.488] [Worker-Main-18/WARN] [net.minecraft.client.resources.model.ModelBakery/]: Unable to load model: 'cbc_at:block/autocannon/unbored_cast_iron_assembled_autocannon_silencer' referenced from: cbc_at:block/autocannon/unbored_cast_iron_assembled_autocannon_silencer: java.io.FileNotFoundException: cbc_at:models/block/autocannon/unbored_cast_iron_assembled_autocannon_silencer.json
[28серп.2026 07:53:43.489] [Worker-Main-18/WARN] [net.minecraft.client.resources.model.ModelBakery/]: Unable to load model: 'cbc_at:block/autocannon/unbored_bronze_assembled_autocannon_silencer' referenced from: cbc_at:block/autocannon/unbored_bronze_assembled_autocannon_silencer: java.io.FileNotFoundException: cbc_at:models/block/autocannon/unbored_bronze_assembled_autocannon_silencer.json
[28серп.2026 07:53:43.489] [Worker-Main-18/WARN] [net.minecraft.client.resources.model.ModelBakery/]: Unable to load model: 'cbc_at:block/autocannon/unbored_steel_assembled_autocannon_silencer' referenced from: cbc_at:block/autocannon/unbored_steel_assembled_autocannon_silencer: java.io.FileNotFoundException: cbc_at:models/block/autocannon/unbored_steel_assembled_autocannon_silencer.json
[28серп.2026 07:53:43.489] [Worker-Main-18/WARN] [net.minecraft.client.resources.model.ModelBakery/]: Unable to load model: 'cbc_at:block/autocannon/unbored_cast_iron_assembled_autocannon_muzzle_brake' referenced from: cbc_at:block/autocannon/unbored_cast_iron_assembled_autocannon_muzzle_brake: java.io.FileNotFoundException: cbc_at:models/block/autocannon/unbored_cast_iron_assembled_autocannon_muzzle_brake.json
[28серп.2026 07:53:43.489] [Worker-Main-18/WARN] [net.minecraft.client.resources.model.ModelBakery/]: Unable to load model: 'cbc_at:block/autocannon/unbored_bronze_assembled_autocannon_muzzle_brake' referenced from: cbc_at:block/autocannon/unbored_bronze_assembled_autocannon_muzzle_brake: java.io.FileNotFoundException: cbc_at:models/block/autocannon/unbored_bronze_assembled_autocannon_muzzle_brake.json
[28серп.2026 07:53:43.490] [Worker-Main-18/WARN] [net.minecraft.client.resources.model.ModelBakery/]: Unable to load model: 'cbc_at:block/autocannon/unbored_steel_assembled_autocannon_muzzle_brake' referenced from: cbc_at:block/autocannon/unbored_steel_assembled_autocannon_muzzle_brake: java.io.FileNotFoundException: cbc_at:models/block/autocannon/unbored_steel_assembled_autocannon_muzzle_brake.json
[28серп.2026 07:53:43.679] [Worker-Main-18/WARN] [net.minecraft.client.resources.model.BlockStateModelLoader/]: Exception loading blockstate definition: 'cbcmoreshells:blockstates/steel_torpedo_sliding_breech.json' missing model for variant: 'cbcmoreshells:steel_torpedo_sliding_breech#axis_along_first=false,facing=south'
[28серп.2026 07:53:43.680] [Worker-Main-18/WARN] [net.minecraft.client.resources.model.BlockStateModelLoader/]: Exception loading blockstate definition: 'cbcmoreshells:blockstates/steel_torpedo_sliding_breech.json' missing model for variant: 'cbcmoreshells:steel_torpedo_sliding_breech#axis_along_first=true,facing=south'
[28серп.2026 07:53:43.680] [Worker-Main-18/WARN] [net.minecraft.client.resources.model.BlockStateModelLoader/]: Exception loading blockstate definition: 'cbcmoreshells:blockstates/steel_torpedo_sliding_breech.json' missing model for variant: 'cbcmoreshells:steel_torpedo_sliding_breech#axis_along_first=true,facing=west'
[28серп.2026 07:53:43.680] [Worker-Main-18/WARN] [net.minecraft.client.resources.model.BlockStateModelLoader/]: Exception loading blockstate definition: 'cbcmoreshells:blockstates/steel_torpedo_sliding_breech.json' missing model for variant: 'cbcmoreshells:steel_torpedo_sliding_breech#axis_along_first=false,facing=north'
[28серп.2026 07:53:43.680] [Worker-Main-18/WARN] [net.minecraft.client.resources.model.BlockStateModelLoader/]: Exception loading blockstate definition: 'cbcmoreshells:blockstates/steel_torpedo_sliding_breech.json' missing model for variant: 'cbcmoreshells:steel_torpedo_sliding_breech#axis_along_first=false,facing=east'
[28серп.2026 07:53:43.680] [Worker-Main-18/WARN] [net.minecraft.client.resources.model.BlockStateModelLoader/]: Exception loading blockstate definition: 'cbcmoreshells:blockstates/steel_torpedo_sliding_breech.json' missing model for variant: 'cbcmoreshells:steel_torpedo_sliding_breech#axis_along_first=true,facing=up'
[28серп.2026 07:53:43.680] [Worker-Main-18/WARN] [net.minecraft.client.resources.model.BlockStateModelLoader/]: Exception loading blockstate definition: 'cbcmoreshells:blockstates/steel_torpedo_sliding_breech.json' missing model for variant: 'cbcmoreshells:steel_torpedo_sliding_breech#axis_along_first=true,facing=down'
[28серп.2026 07:53:43.680] [Worker-Main-18/WARN] [net.minecraft.client.resources.model.BlockStateModelLoader/]: Exception loading blockstate definition: 'cbcmoreshells:blockstates/steel_torpedo_sliding_breech.json' missing model for variant: 'cbcmoreshells:steel_torpedo_sliding_breech#axis_along_first=false,facing=down'
[28серп.2026 07:53:43.680] [Worker-Main-18/WARN] [net.minecraft.client.resources.model.BlockStateModelLoader/]: Exception loading blockstate definition: 'cbcmoreshells:blockstates/steel_torpedo_sliding_breech.json' missing model for variant: 'cbcmoreshells:steel_torpedo_sliding_breech#axis_along_first=true,facing=north'
[28серп.2026 07:53:43.680] [Worker-Main-18/WARN] [net.minecraft.client.resources.model.BlockStateModelLoader/]: Exception loading blockstate definition: 'cbcmoreshells:blockstates/steel_torpedo_sliding_breech.json' missing model for variant: 'cbcmoreshells:steel_torpedo_sliding_breech#axis_along_first=false,facing=west'
[28серп.2026 07:53:43.680] [Worker-Main-18/WARN] [net.minecraft.client.resources.model.BlockStateModelLoader/]: Exception loading blockstate definition: 'cbcmoreshells:blockstates/steel_torpedo_sliding_breech.json' missing model for variant: 'cbcmoreshells:steel_torpedo_sliding_breech#axis_along_first=true,facing=east'
[28серп.2026 07:53:43.680] [Worker-Main-18/WARN] [net.minecraft.client.resources.model.BlockStateModelLoader/]: Exception loading blockstate definition: 'cbcmoreshells:blockstates/steel_torpedo_sliding_breech.json' missing model for variant: 'cbcmoreshells:steel_torpedo_sliding_breech#axis_along_first=false,facing=up'
[28серп.2026 07:53:43.680] [Worker-Main-18/WARN] [net.minecraft.client.resources.model.BlockStateModelLoader/]: Exception loading blockstate definition: 'cbcmoreshells:blockstates/loot_barrel.json' missing model for variant: 'cbcmoreshells:loot_barrel#facing=up,open=false'
[28серп.2026 07:53:43.680] [Worker-Main-18/WARN] [net.minecraft.client.resources.model.BlockStateModelLoader/]: Exception loading blockstate definition: 'cbcmoreshells:blockstates/loot_barrel.json' missing model for variant: 'cbcmoreshells:loot_barrel#facing=west,open=false'
[28серп.2026 07:53:43.680] [Worker-Main-18/WARN] [net.minecraft.client.resources.model.BlockStateModelLoader/]: Exception loading blockstate definition: 'cbcmoreshells:blockstates/loot_barrel.json' missing model for variant: 'cbcmoreshells:loot_barrel#facing=north,open=false'
[28серп.2026 07:53:43.680] [Worker-Main-18/WARN] [net.minecraft.client.resources.model.BlockStateModelLoader/]: Exception loading blockstate definition: 'cbcmoreshells:blockstates/loot_barrel.json' missing model for variant: 'cbcmoreshells:loot_barrel#facing=north,open=true'
[28серп.2026 07:53:43.680] [Worker-Main-18/WARN] [net.minecraft.client.resources.model.BlockStateModelLoader/]: Exception loading blockstate definition: 'cbcmoreshells:blockstates/loot_barrel.json' missing model for variant: 'cbcmoreshells:loot_barrel#facing=down,open=true'
[28серп.2026 07:53:43.680] [Worker-Main-18/WARN] [net.minecraft.client.resources.model.BlockStateModelLoader/]: Exception loading blockstate definition: 'cbcmoreshells:blockstates/loot_barrel.json' missing model for variant: 'cbcmoreshells:loot_barrel#facing=up,open=true'
[28серп.2026 07:53:43.680] [Worker-Main-18/WARN] [net.minecraft.client.resources.model.BlockStateModelLoader/]: Exception loading blockstate definition: 'cbcmoreshells:blockstates/loot_barrel.json' missing model for variant: 'cbcmoreshells:loot_barrel#facing=down,open=false'
[28серп.2026 07:53:43.680] [Worker-Main-18/WARN] [net.minecraft.client.resources.model.BlockStateModelLoader/]: Exception loading blockstate definition: 'cbcmoreshells:blockstates/loot_barrel.json' missing model for variant: 'cbcmoreshells:loot_barrel#facing=south,open=true'
[28серп.2026 07:53:43.680] [Worker-Main-18/WARN] [net.minecraft.client.resources.model.BlockStateModelLoader/]: Exception loading blockstate definition: 'cbcmoreshells:blockstates/loot_barrel.json' missing model for variant: 'cbcmoreshells:loot_barrel#facing=west,open=true'
[28серп.2026 07:53:43.680] [Worker-Main-18/WARN] [net.minecraft.client.resources.model.BlockStateModelLoader/]: Exception loading blockstate definition: 'cbcmoreshells:blockstates/loot_barrel.json' missing model for variant: 'cbcmoreshells:loot_barrel#facing=east,open=true'
[28серп.2026 07:53:43.680] [Worker-Main-18/WARN] [net.minecraft.client.resources.model.BlockStateModelLoader/]: Exception loading blockstate definition: 'cbcmoreshells:blockstates/loot_barrel.json' missing model for variant: 'cbcmoreshells:loot_barrel#facing=east,open=false'
[28серп.2026 07:53:43.680] [Worker-Main-18/WARN] [net.minecraft.client.resources.model.BlockStateModelLoader/]: Exception loading blockstate definition: 'cbcmoreshells:blockstates/loot_barrel.json' missing model for variant: 'cbcmoreshells:loot_barrel#facing=south,open=false'
[28серп.2026 07:53:43.681] [Worker-Main-18/WARN] [net.minecraft.client.resources.model.ModelBakery/]: Unable to load model: 'cbcmoreshells:block/steel_projectile_rack_barrel' referenced from: cbcmoreshells:block/steel_projectile_rack_barrel: java.io.FileNotFoundException: cbcmoreshells:models/block/steel_projectile_rack_barrel.json
[28серп.2026 07:53:43.681] [Worker-Main-18/WARN] [net.minecraft.client.resources.model.BlockStateModelLoader/]: Exception loading blockstate definition: 'cbcmoreshells:blockstates/steel_projectile_rack_stabilizer.json' missing model for variant: 'cbcmoreshells:steel_projectile_rack_stabilizer#ceiling=true,facing=east'
[28серп.2026 07:53:43.681] [Worker-Main-18/WARN] [net.minecraft.client.resources.model.BlockStateModelLoader/]: Exception loading blockstate definition: 'cbcmoreshells:blockstates/steel_projectile_rack_stabilizer.json' missing model for variant: 'cbcmoreshells:steel_projectile_rack_stabilizer#ceiling=false,facing=west'
[28серп.2026 07:53:43.681] [Worker-Main-18/WARN] [net.minecraft.client.resources.model.BlockStateModelLoader/]: Exception loading blockstate definition: 'cbcmoreshells:blockstates/steel_projectile_rack_stabilizer.json' missing model for variant: 'cbcmoreshells:steel_projectile_rack_stabilizer#ceiling=true,facing=north'
[28серп.2026 07:53:43.681] [Worker-Main-18/WARN] [net.minecraft.client.resources.model.BlockStateModelLoader/]: Exception loading blockstate definition: 'cbcmoreshells:blockstates/steel_projectile_rack_stabilizer.json' missing model for variant: 'cbcmoreshells:steel_projectile_rack_stabilizer#ceiling=false,facing=up'
[28серп.2026 07:53:43.681] [Worker-Main-18/WARN] [net.minecraft.client.resources.model.BlockStateModelLoader/]: Exception loading blockstate definition: 'cbcmoreshells:blockstates/steel_projectile_rack_stabilizer.json' missing model for variant: 'cbcmoreshells:steel_projectile_rack_stabilizer#ceiling=true,facing=south'
[28серп.2026 07:53:43.681] [Worker-Main-18/WARN] [net.minecraft.client.resources.model.BlockStateModelLoader/]: Exception loading blockstate definition: 'cbcmoreshells:blockstates/steel_projectile_rack_stabilizer.json' missing model for variant: 'cbcmoreshells:steel_projectile_rack_stabilizer#ceiling=true,facing=west'
[28серп.2026 07:53:43.681] [Worker-Main-18/WARN] [net.minecraft.client.resources.model.BlockStateModelLoader/]: Exception loading blockstate definition: 'cbcmoreshells:blockstates/steel_projectile_rack_stabilizer.json' missing model for variant: 'cbcmoreshells:steel_projectile_rack_stabilizer#ceiling=true,facing=up'
[28серп.2026 07:53:43.681] [Worker-Main-18/WARN] [net.minecraft.client.resources.model.BlockStateModelLoader/]: Exception loading blockstate definition: 'cbcmoreshells:blockstates/steel_projectile_rack_stabilizer.json' missing model for variant: 'cbcmoreshells:steel_projectile_rack_stabilizer#ceiling=false,facing=north'
[28серп.2026 07:53:43.681] [Worker-Main-18/WARN] [net.minecraft.client.resources.model.BlockStateModelLoader/]: Exception loading blockstate definition: 'cbcmoreshells:blockstates/steel_projectile_rack_stabilizer.json' missing model for variant: 'cbcmoreshells:steel_projectile_rack_stabilizer#ceiling=false,facing=down'
[28серп.2026 07:53:43.681] [Worker-Main-18/WARN] [net.minecraft.client.resources.model.BlockStateModelLoader/]: Exception loading blockstate definition: 'cbcmoreshells:blockstates/steel_projectile_rack_stabilizer.json' missing model for variant: 'cbcmoreshells:steel_projectile_rack_stabilizer#ceiling=false,facing=south'
[28серп.2026 07:53:43.681] [Worker-Main-18/WARN] [net.minecraft.client.resources.model.BlockStateModelLoader/]: Exception loading blockstate definition: 'cbcmoreshells:blockstates/steel_projectile_rack_stabilizer.json' missing model for variant: 'cbcmoreshells:steel_projectile_rack_stabilizer#ceiling=true,facing=down'
[28серп.2026 07:53:43.681] [Worker-Main-18/WARN] [net.minecraft.client.resources.model.BlockStateModelLoader/]: Exception loading blockstate definition: 'cbcmoreshells:blockstates/steel_projectile_rack_stabilizer.json' missing model for variant: 'cbcmoreshells:steel_projectile_rack_stabilizer#ceiling=false,facing=east'
[28серп.2026 07:53:43.682] [Worker-Main-18/WARN] [net.minecraft.client.resources.model.BlockStateModelLoader/]: Exception loading blockstate definition: 'cbcmoreshells:blockstates/steel_projectile_rack_sliding_breech.json' missing model for variant: 'cbcmoreshells:steel_projectile_rack_sliding_breech#axis_along_first=true,facing=north'
[28серп.2026 07:53:43.682] [Worker-Main-18/WARN] [net.minecraft.client.resources.model.BlockStateModelLoader/]: Exception loading blockstate definition: 'cbcmoreshells:blockstates/steel_projectile_rack_sliding_breech.json' missing model for variant: 'cbcmoreshells:steel_projectile_rack_sliding_breech#axis_along_first=true,facing=south'
[28серп.2026 07:53:43.682] [Worker-Main-18/WARN] [net.minecraft.client.resources.model.BlockStateModelLoader/]: Exception loading blockstate definition: 'cbcmoreshells:blockstates/steel_projectile_rack_sliding_breech.json' missing model for variant: 'cbcmoreshells:steel_projectile_rack_sliding_breech#axis_along_first=false,facing=west'
[28серп.2026 07:53:43.682] [Worker-Main-18/WARN] [net.minecraft.client.resources.model.BlockStateModelLoader/]: Exception loading blockstate definition: 'cbcmoreshells:blockstates/steel_projectile_rack_sliding_breech.json' missing model for variant: 'cbcmoreshells:steel_projectile_rack_sliding_breech#axis_along_first=true,facing=west'
[28серп.2026 07:53:43.682] [Worker-Main-18/WARN] [net.minecraft.client.resources.model.BlockStateModelLoader/]: Exception loading blockstate definition: 'cbcmoreshells:blockstates/steel_projectile_rack_sliding_breech.json' missing model for variant: 'cbcmoreshells:steel_projectile_rack_sliding_breech#axis_along_first=true,facing=east'
[28серп.2026 07:53:43.682] [Worker-Main-18/WARN] [net.minecraft.client.resources.model.BlockStateModelLoader/]: Exception loading blockstate definition: 'cbcmoreshells:blockstates/steel_projectile_rack_sliding_breech.json' missing model for variant: 'cbcmoreshells:steel_projectile_rack_sliding_breech#axis_along_first=false,facing=up'
[28серп.2026 07:53:43.682] [Worker-Main-18/WARN] [net.minecraft.client.resources.model.BlockStateModelLoader/]: Exception loading blockstate definition: 'cbcmoreshells:blockstates/steel_projectile_rack_sliding_breech.json' missing model for variant: 'cbcmoreshells:steel_projectile_rack_sliding_breech#axis_along_first=false,facing=down'
[28серп.2026 07:53:43.682] [Worker-Main-18/WARN] [net.minecraft.client.resources.model.BlockStateModelLoader/]: Exception loading blockstate definition: 'cbcmoreshells:blockstates/steel_projectile_rack_sliding_breech.json' missing model for variant: 'cbcmoreshells:steel_projectile_rack_sliding_breech#axis_along_first=true,facing=down'
[28серп.2026 07:53:43.682] [Worker-Main-18/WARN] [net.minecraft.client.resources.model.BlockStateModelLoader/]: Exception loading blockstate definition: 'cbcmoreshells:blockstates/steel_projectile_rack_sliding_breech.json' missing model for variant: 'cbcmoreshells:steel_projectile_rack_sliding_breech#axis_along_first=false,facing=south'
[28серп.2026 07:53:43.682] [Worker-Main-18/WARN] [net.minecraft.client.resources.model.BlockStateModelLoader/]: Exception loading blockstate definition: 'cbcmoreshells:blockstates/steel_projectile_rack_sliding_breech.json' missing model for variant: 'cbcmoreshells:steel_projectile_rack_sliding_breech#axis_along_first=true,facing=up'
[28серп.2026 07:53:43.682] [Worker-Main-18/WARN] [net.minecraft.client.resources.model.BlockStateModelLoader/]: Exception loading blockstate definition: 'cbcmoreshells:blockstates/steel_projectile_rack_sliding_breech.json' missing model for variant: 'cbcmoreshells:steel_projectile_rack_sliding_breech#axis_along_first=false,facing=north'
[28серп.2026 07:53:43.682] [Worker-Main-18/WARN] [net.minecraft.client.resources.model.BlockStateModelLoader/]: Exception loading blockstate definition: 'cbcmoreshells:blockstates/steel_projectile_rack_sliding_breech.json' missing model for variant: 'cbcmoreshells:steel_projectile_rack_sliding_breech#axis_along_first=false,facing=east'
[28серп.2026 07:53:43.682] [Worker-Main-18/WARN] [net.minecraft.client.resources.model.BlockStateModelLoader/]: Exception loading blockstate definition: 'cbcmoreshells:blockstates/steel_dual_cannon_sliding_breech.json' missing model for variant: 'cbcmoreshells:steel_dual_cannon_sliding_breech#axis_along_first=false,facing=west'
[28серп.2026 07:53:43.682] [Worker-Main-18/WARN] [net.minecraft.client.resources.model.BlockStateModelLoader/]: Exception loading blockstate definition: 'cbcmoreshells:blockstates/steel_dual_cannon_sliding_breech.json' missing model for variant: 'cbcmoreshells:steel_dual_cannon_sliding_breech#axis_along_first=true,facing=north'
[28серп.2026 07:53:43.682] [Worker-Main-18/WARN] [net.minecraft.client.resources.model.BlockStateModelLoader/]: Exception loading blockstate definition: 'cbcmoreshells:blockstates/steel_dual_cannon_sliding_breech.json' missing model for variant: 'cbcmoreshells:steel_dual_cannon_sliding_breech#axis_along_first=true,facing=up'
[28серп.2026 07:53:43.682] [Worker-Main-18/WARN] [net.minecraft.client.resources.model.BlockStateModelLoader/]: Exception loading blockstate definition: 'cbcmoreshells:blockstates/steel_dual_cannon_sliding_breech.json' missing model for variant: 'cbcmoreshells:steel_dual_cannon_sliding_breech#axis_along_first=true,facing=south'
[28серп.2026 07:53:43.682] [Worker-Main-18/WARN] [net.minecraft.client.resources.model.BlockStateModelLoader/]: Exception loading blockstate definition: 'cbcmoreshells:blockstates/steel_dual_cannon_sliding_breech.json' missing model for variant: 'cbcmoreshells:steel_dual_cannon_sliding_breech#axis_along_first=true,facing=west'
[28серп.2026 07:53:43.682] [Worker-Main-18/WARN] [net.minecraft.client.resources.model.BlockStateModelLoader/]: Exception loading blockstate definition: 'cbcmoreshells:blockstates/steel_dual_cannon_sliding_breech.json' missing model for variant: 'cbcmoreshells:steel_dual_cannon_sliding_breech#axis_along_first=false,facing=down'
[28серп.2026 07:53:43.682] [Worker-Main-18/WARN] [net.minecraft.client.resources.model.BlockStateModelLoader/]: Exception loading blockstate definition: 'cbcmoreshells:blockstates/steel_dual_cannon_sliding_breech.json' missing model for variant: 'cbcmoreshells:steel_dual_cannon_sliding_breech#axis_along_first=true,facing=east'
[28серп.2026 07:53:43.682] [Worker-Main-18/WARN] [net.minecraft.client.resources.model.BlockStateModelLoader/]: Exception loading blockstate definition: 'cbcmoreshells:blockstates/steel_dual_cannon_sliding_breech.json' missing model for variant: 'cbcmoreshells:steel_dual_cannon_sliding_breech#axis_along_first=false,facing=east'
[28серп.2026 07:53:43.682] [Worker-Main-18/WARN] [net.minecraft.client.resources.model.BlockStateModelLoader/]: Exception loading blockstate definition: 'cbcmoreshells:blockstates/steel_dual_cannon_sliding_breech.json' missing model for variant: 'cbcmoreshells:steel_dual_cannon_sliding_breech#axis_along_first=false,facing=up'
[28серп.2026 07:53:43.682] [Worker-Main-18/WARN] [net.minecraft.client.resources.model.BlockStateModelLoader/]: Exception loading blockstate definition: 'cbcmoreshells:blockstates/steel_dual_cannon_sliding_breech.json' missing model for variant: 'cbcmoreshells:steel_dual_cannon_sliding_breech#axis_along_first=false,facing=north'
[28серп.2026 07:53:43.683] [Worker-Main-18/WARN] [net.minecraft.client.resources.model.BlockStateModelLoader/]: Exception loading blockstate definition: 'cbcmoreshells:blockstates/steel_dual_cannon_sliding_breech.json' missing model for variant: 'cbcmoreshells:steel_dual_cannon_sliding_breech#axis_along_first=true,facing=down'
[28серп.2026 07:53:43.683] [Worker-Main-18/WARN] [net.minecraft.client.resources.model.BlockStateModelLoader/]: Exception loading blockstate definition: 'cbcmoreshells:blockstates/steel_dual_cannon_sliding_breech.json' missing model for variant: 'cbcmoreshells:steel_dual_cannon_sliding_breech#axis_along_first=false,facing=south'
[28серп.2026 07:53:43.683] [Worker-Main-18/WARN] [net.minecraft.client.resources.model.BlockStateModelLoader/]: Exception loading blockstate definition: 'cbcmoreshells:blockstates/steel_single_cannon_sliding_breech.json' missing model for variant: 'cbcmoreshells:steel_single_cannon_sliding_breech#axis_along_first=false,facing=up'
[28серп.2026 07:53:43.683] [Worker-Main-18/WARN] [net.minecraft.client.resources.model.BlockStateModelLoader/]: Exception loading blockstate definition: 'cbcmoreshells:blockstates/steel_single_cannon_sliding_breech.json' missing model for variant: 'cbcmoreshells:steel_single_cannon_sliding_breech#axis_along_first=true,facing=down'
[28серп.2026 07:53:43.683] [Worker-Main-18/WARN] [net.minecraft.client.resources.model.BlockStateModelLoader/]: Exception loading blockstate definition: 'cbcmoreshells:blockstates/steel_single_cannon_sliding_breech.json' missing model for variant: 'cbcmoreshells:steel_single_cannon_sliding_breech#axis_along_first=false,facing=down'
[28серп.2026 07:53:43.683] [Worker-Main-18/WARN] [net.minecraft.client.resources.model.BlockStateModelLoader/]: Exception loading blockstate definition: 'cbcmoreshells:blockstates/steel_single_cannon_sliding_breech.json' missing model for variant: 'cbcmoreshells:steel_single_cannon_sliding_breech#axis_along_first=false,facing=east'
[28серп.2026 07:53:43.683] [Worker-Main-18/WARN] [net.minecraft.client.resources.model.BlockStateModelLoader/]: Exception loading blockstate definition: 'cbcmoreshells:blockstates/steel_single_cannon_sliding_breech.json' missing model for variant: 'cbcmoreshells:steel_single_cannon_sliding_breech#axis_along_first=true,facing=up'
[28серп.2026 07:53:43.683] [Worker-Main-18/WARN] [net.minecraft.client.resources.model.BlockStateModelLoader/]: Exception loading blockstate definition: 'cbcmoreshells:blockstates/steel_single_cannon_sliding_breech.json' missing model for variant: 'cbcmoreshells:steel_single_cannon_sliding_breech#axis_along_first=true,facing=north'
[28серп.2026 07:53:43.683] [Worker-Main-18/WARN] [net.minecraft.client.resources.model.BlockStateModelLoader/]: Exception loading blockstate definition: 'cbcmoreshells:blockstates/steel_single_cannon_sliding_breech.json' missing model for variant: 'cbcmoreshells:steel_single_cannon_sliding_breech#axis_along_first=true,facing=west'
[28серп.2026 07:53:43.683] [Worker-Main-18/WARN] [net.minecraft.client.resources.model.BlockStateModelLoader/]: Exception loading blockstate definition: 'cbcmoreshells:blockstates/steel_single_cannon_sliding_breech.json' missing model for variant: 'cbcmoreshells:steel_single_cannon_sliding_breech#axis_along_first=false,facing=north'
[28серп.2026 07:53:43.683] [Worker-Main-18/WARN] [net.minecraft.client.resources.model.BlockStateModelLoader/]: Exception loading blockstate definition: 'cbcmoreshells:blockstates/steel_single_cannon_sliding_breech.json' missing model for variant: 'cbcmoreshells:steel_single_cannon_sliding_breech#axis_along_first=true,facing=south'
[28серп.2026 07:53:43.683] [Worker-Main-18/WARN] [net.minecraft.client.resources.model.BlockStateModelLoader/]: Exception loading blockstate definition: 'cbcmoreshells:blockstates/steel_single_cannon_sliding_breech.json' missing model for variant: 'cbcmoreshells:steel_single_cannon_sliding_breech#axis_along_first=false,facing=south'
[28серп.2026 07:53:43.683] [Worker-Main-18/WARN] [net.minecraft.client.resources.model.BlockStateModelLoader/]: Exception loading blockstate definition: 'cbcmoreshells:blockstates/steel_single_cannon_sliding_breech.json' missing model for variant: 'cbcmoreshells:steel_single_cannon_sliding_breech#axis_along_first=true,facing=east'
[28серп.2026 07:53:43.683] [Worker-Main-18/WARN] [net.minecraft.client.resources.model.BlockStateModelLoader/]: Exception loading blockstate definition: 'cbcmoreshells:blockstates/steel_single_cannon_sliding_breech.json' missing model for variant: 'cbcmoreshells:steel_single_cannon_sliding_breech#axis_along_first=false,facing=west'
[28серп.2026 07:53:43.683] [Worker-Main-18/WARN] [net.minecraft.client.resources.model.BlockStateModelLoader/]: Exception loading blockstate definition: 'cbcmoreshells:blockstates/wide_steel_dual_cannon_sliding_breech.json' missing model for variant: 'cbcmoreshells:wide_steel_dual_cannon_sliding_breech#axis_along_first=true,facing=east'
[28серп.2026 07:53:43.683] [Worker-Main-18/WARN] [net.minecraft.client.resources.model.BlockStateModelLoader/]: Exception loading blockstate definition: 'cbcmoreshells:blockstates/wide_steel_dual_cannon_sliding_breech.json' missing model for variant: 'cbcmoreshells:wide_steel_dual_cannon_sliding_breech#axis_along_first=false,facing=east'
[28серп.2026 07:53:43.683] [Worker-Main-18/WARN] [net.minecraft.client.resources.model.BlockStateModelLoader/]: Exception loading blockstate definition: 'cbcmoreshells:blockstates/wide_steel_dual_cannon_sliding_breech.json' missing model for variant: 'cbcmoreshells:wide_steel_dual_cannon_sliding_breech#axis_along_first=false,facing=up'
[28серп.2026 07:53:43.683] [Worker-Main-18/WARN] [net.minecraft.client.resources.model.BlockStateModelLoader/]: Exception loading blockstate definition: 'cbcmoreshells:blockstates/wide_steel_dual_cannon_sliding_breech.json' missing model for variant: 'cbcmoreshells:wide_steel_dual_cannon_sliding_breech#axis_along_first=true,facing=south'
[28серп.2026 07:53:43.683] [Worker-Main-18/WARN] [net.minecraft.client.resources.model.BlockStateModelLoader/]: Exception loading blockstate definition: 'cbcmoreshells:blockstates/wide_steel_dual_cannon_sliding_breech.json' missing model for variant: 'cbcmoreshells:wide_steel_dual_cannon_sliding_breech#axis_along_first=true,facing=west'
[28серп.2026 07:53:43.683] [Worker-Main-18/WARN] [net.minecraft.client.resources.model.BlockStateModelLoader/]: Exception loading blockstate definition: 'cbcmoreshells:blockstates/wide_steel_dual_cannon_sliding_breech.json' missing model for variant: 'cbcmoreshells:wide_steel_dual_cannon_sliding_breech#axis_along_first=false,facing=down'
[28серп.2026 07:53:43.683] [Worker-Main-18/WARN] [net.minecraft.client.resources.model.BlockStateModelLoader/]: Exception loading blockstate definition: 'cbcmoreshells:blockstates/wide_steel_dual_cannon_sliding_breech.json' missing model for variant: 'cbcmoreshells:wide_steel_dual_cannon_sliding_breech#axis_along_first=false,facing=west'
[28серп.2026 07:53:43.683] [Worker-Main-18/WARN] [net.minecraft.client.resources.model.BlockStateModelLoader/]: Exception loading blockstate definition: 'cbcmoreshells:blockstates/wide_steel_dual_cannon_sliding_breech.json' missing model for variant: 'cbcmoreshells:wide_steel_dual_cannon_sliding_breech#axis_along_first=true,facing=north'
[28серп.2026 07:53:43.683] [Worker-Main-18/WARN] [net.minecraft.client.resources.model.BlockStateModelLoader/]: Exception loading blockstate definition: 'cbcmoreshells:blockstates/wide_steel_dual_cannon_sliding_breech.json' missing model for variant: 'cbcmoreshells:wide_steel_dual_cannon_sliding_breech#axis_along_first=true,facing=up'
[28серп.2026 07:53:43.683] [Worker-Main-18/WARN] [net.minecraft.client.resources.model.BlockStateModelLoader/]: Exception loading blockstate definition: 'cbcmoreshells:blockstates/wide_steel_dual_cannon_sliding_breech.json' missing model for variant: 'cbcmoreshells:wide_steel_dual_cannon_sliding_breech#axis_along_first=false,facing=north'
[28серп.2026 07:53:43.683] [Worker-Main-18/WARN] [net.minecraft.client.resources.model.BlockStateModelLoader/]: Exception loading blockstate definition: 'cbcmoreshells:blockstates/wide_steel_dual_cannon_sliding_breech.json' missing model for variant: 'cbcmoreshells:wide_steel_dual_cannon_sliding_breech#axis_along_first=true,facing=down'
[28серп.2026 07:53:43.683] [Worker-Main-18/WARN] [net.minecraft.client.resources.model.BlockStateModelLoader/]: Exception loading blockstate definition: 'cbcmoreshells:blockstates/wide_steel_dual_cannon_sliding_breech.json' missing model for variant: 'cbcmoreshells:wide_steel_dual_cannon_sliding_breech#axis_along_first=false,facing=south'
[28серп.2026 07:53:43.683] [Worker-Main-18/WARN] [net.minecraft.client.resources.model.BlockStateModelLoader/]: Exception loading blockstate definition: 'cbcmoreshells:blockstates/large_steel_dual_cannon_charger.json' missing model for variant: 'cbcmoreshells:large_steel_dual_cannon_charger#facing=east'
[28серп.2026 07:53:43.683] [Worker-Main-18/WARN] [net.minecraft.client.resources.model.BlockStateModelLoader/]: Exception loading blockstate definition: 'cbcmoreshells:blockstates/large_steel_dual_cannon_charger.json' missing model for variant: 'cbcmoreshells:large_steel_dual_cannon_charger#facing=south'
[28серп.2026 07:53:43.684] [Worker-Main-18/WARN] [net.minecraft.client.resources.model.BlockStateModelLoader/]: Exception loading blockstate definition: 'cbcmoreshells:blockstates/large_steel_dual_cannon_charger.json' missing model for variant: 'cbcmoreshells:large_steel_dual_cannon_charger#facing=west'
[28серп.2026 07:53:43.684] [Worker-Main-18/WARN] [net.minecraft.client.resources.model.BlockStateModelLoader/]: Exception loading blockstate definition: 'cbcmoreshells:blockstates/large_steel_dual_cannon_charger.json' missing model for variant: 'cbcmoreshells:large_steel_dual_cannon_charger#facing=up'
[28серп.2026 07:53:43.684] [Worker-Main-18/WARN] [net.minecraft.client.resources.model.BlockStateModelLoader/]: Exception loading blockstate definition: 'cbcmoreshells:blockstates/large_steel_dual_cannon_charger.json' missing model for variant: 'cbcmoreshells:large_steel_dual_cannon_charger#facing=north'
[28серп.2026 07:53:43.684] [Worker-Main-18/WARN] [net.minecraft.client.resources.model.BlockStateModelLoader/]: Exception loading blockstate definition: 'cbcmoreshells:blockstates/large_steel_dual_cannon_charger.json' missing model for variant: 'cbcmoreshells:large_steel_dual_cannon_charger#facing=down'
[28серп.2026 07:53:43.684] [Worker-Main-18/WARN] [net.minecraft.client.resources.model.BlockStateModelLoader/]: Exception loading blockstate definition: 'cbcmoreshells:blockstates/large_steel_dual_cannon_sliding_breech.json' missing model for variant: 'cbcmoreshells:large_steel_dual_cannon_sliding_breech#axis_along_first=true,facing=north'
[28серп.2026 07:53:43.684] [Worker-Main-18/WARN] [net.minecraft.client.resources.model.BlockStateModelLoader/]: Exception loading blockstate definition: 'cbcmoreshells:blockstates/large_steel_dual_cannon_sliding_breech.json' missing model for variant: 'cbcmoreshells:large_steel_dual_cannon_sliding_breech#axis_along_first=false,facing=north'
[28серп.2026 07:53:43.684] [Worker-Main-18/WARN] [net.minecraft.client.resources.model.BlockStateModelLoader/]: Exception loading blockstate definition: 'cbcmoreshells:blockstates/large_steel_dual_cannon_sliding_breech.json' missing model for variant: 'cbcmoreshells:large_steel_dual_cannon_sliding_breech#axis_along_first=true,facing=west'
[28серп.2026 07:53:43.684] [Worker-Main-18/WARN] [net.minecraft.client.resources.model.BlockStateModelLoader/]: Exception loading blockstate definition: 'cbcmoreshells:blockstates/large_steel_dual_cannon_sliding_breech.json' missing model for variant: 'cbcmoreshells:large_steel_dual_cannon_sliding_breech#axis_along_first=false,facing=south'
[28серп.2026 07:53:43.684] [Worker-Main-18/WARN] [net.minecraft.client.resources.model.BlockStateModelLoader/]: Exception loading blockstate definition: 'cbcmoreshells:blockstates/large_steel_dual_cannon_sliding_breech.json' missing model for variant: 'cbcmoreshells:large_steel_dual_cannon_sliding_breech#axis_along_first=true,facing=south'
[28серп.2026 07:53:43.684] [Worker-Main-18/WARN] [net.minecraft.client.resources.model.BlockStateModelLoader/]: Exception loading blockstate definition: 'cbcmoreshells:blockstates/large_steel_dual_cannon_sliding_breech.json' missing model for variant: 'cbcmoreshells:large_steel_dual_cannon_sliding_breech#axis_along_first=false,facing=west'
[28серп.2026 07:53:43.684] [Worker-Main-18/WARN] [net.minecraft.client.resources.model.BlockStateModelLoader/]: Exception loading blockstate definition: 'cbcmoreshells:blockstates/large_steel_dual_cannon_sliding_breech.json' missing model for variant: 'cbcmoreshells:large_steel_dual_cannon_sliding_breech#axis_along_first=true,facing=east'
[28серп.2026 07:53:43.684] [Worker-Main-18/WARN] [net.minecraft.client.resources.model.BlockStateModelLoader/]: Exception loading blockstate definition: 'cbcmoreshells:blockstates/large_steel_dual_cannon_sliding_breech.json' missing model for variant: 'cbcmoreshells:large_steel_dual_cannon_sliding_breech#axis_along_first=false,facing=up'
[28серп.2026 07:53:43.684] [Worker-Main-18/WARN] [net.minecraft.client.resources.model.BlockStateModelLoader/]: Exception loading blockstate definition: 'cbcmoreshells:blockstates/large_steel_dual_cannon_sliding_breech.json' missing model for variant: 'cbcmoreshells:large_steel_dual_cannon_sliding_breech#axis_along_first=true,facing=down'
[28серп.2026 07:53:43.684] [Worker-Main-18/WARN] [net.minecraft.client.resources.model.BlockStateModelLoader/]: Exception loading blockstate definition: 'cbcmoreshells:blockstates/large_steel_dual_cannon_sliding_breech.json' missing model for variant: 'cbcmoreshells:large_steel_dual_cannon_sliding_breech#axis_along_first=false,facing=down'
[28серп.2026 07:53:43.684] [Worker-Main-18/WARN] [net.minecraft.client.resources.model.BlockStateModelLoader/]: Exception loading blockstate definition: 'cbcmoreshells:blockstates/large_steel_dual_cannon_sliding_breech.json' missing model for variant: 'cbcmoreshells:large_steel_dual_cannon_sliding_breech#axis_along_first=false,facing=east'
[28серп.2026 07:53:43.684] [Worker-Main-18/WARN] [net.minecraft.client.resources.model.BlockStateModelLoader/]: Exception loading blockstate definition: 'cbcmoreshells:blockstates/large_steel_dual_cannon_sliding_breech.json' missing model for variant: 'cbcmoreshells:large_steel_dual_cannon_sliding_breech#axis_along_first=true,facing=up'
[28серп.2026 07:53:43.684] [Worker-Main-18/WARN] [net.minecraft.client.resources.model.BlockStateModelLoader/]: Exception loading blockstate definition: 'cbcmoreshells:blockstates/wide_steel_single_cannon_magazine.json' missing model for variant: 'cbcmoreshells:wide_steel_single_cannon_magazine#facing=up'
[28серп.2026 07:53:43.684] [Worker-Main-18/WARN] [net.minecraft.client.resources.model.BlockStateModelLoader/]: Exception loading blockstate definition: 'cbcmoreshells:blockstates/wide_steel_single_cannon_magazine.json' missing model for variant: 'cbcmoreshells:wide_steel_single_cannon_magazine#facing=down'
[28серп.2026 07:53:43.684] [Worker-Main-18/WARN] [net.minecraft.client.resources.model.BlockStateModelLoader/]: Exception loading blockstate definition: 'cbcmoreshells:blockstates/wide_steel_single_cannon_magazine.json' missing model for variant: 'cbcmoreshells:wide_steel_single_cannon_magazine#facing=west'
[28серп.2026 07:53:43.684] [Worker-Main-18/WARN] [net.minecraft.client.resources.model.BlockStateModelLoader/]: Exception loading blockstate definition: 'cbcmoreshells:blockstates/wide_steel_single_cannon_magazine.json' missing model for variant: 'cbcmoreshells:wide_steel_single_cannon_magazine#facing=north'
[28серп.2026 07:53:43.684] [Worker-Main-18/WARN] [net.minecraft.client.resources.model.BlockStateModelLoader/]: Exception loading blockstate definition: 'cbcmoreshells:blockstates/wide_steel_single_cannon_magazine.json' missing model for variant: 'cbcmoreshells:wide_steel_single_cannon_magazine#facing=south'
[28серп.2026 07:53:43.684] [Worker-Main-18/WARN] [net.minecraft.client.resources.model.BlockStateModelLoader/]: Exception loading blockstate definition: 'cbcmoreshells:blockstates/wide_steel_single_cannon_magazine.json' missing model for variant: 'cbcmoreshells:wide_steel_single_cannon_magazine#facing=east'
[28серп.2026 07:53:43.684] [Worker-Main-18/WARN] [net.minecraft.client.resources.model.BlockStateModelLoader/]: Exception loading blockstate definition: 'cbcmoreshells:blockstates/wide_steel_single_cannon_sliding_breech.json' missing model for variant: 'cbcmoreshells:wide_steel_single_cannon_sliding_breech#axis_along_first=true,facing=east'
[28серп.2026 07:53:43.684] [Worker-Main-18/WARN] [net.minecraft.client.resources.model.BlockStateModelLoader/]: Exception loading blockstate definition: 'cbcmoreshells:blockstates/wide_steel_single_cannon_sliding_breech.json' missing model for variant: 'cbcmoreshells:wide_steel_single_cannon_sliding_breech#axis_along_first=false,facing=east'
[28серп.2026 07:53:43.684] [Worker-Main-18/WARN] [net.minecraft.client.resources.model.BlockStateModelLoader/]: Exception loading blockstate definition: 'cbcmoreshells:blockstates/wide_steel_single_cannon_sliding_breech.json' missing model for variant: 'cbcmoreshells:wide_steel_single_cannon_sliding_breech#axis_along_first=false,facing=up'
[28серп.2026 07:53:43.684] [Worker-Main-18/WARN] [net.minecraft.client.resources.model.BlockStateModelLoader/]: Exception loading blockstate definition: 'cbcmoreshells:blockstates/wide_steel_single_cannon_sliding_breech.json' missing model for variant: 'cbcmoreshells:wide_steel_single_cannon_sliding_breech#axis_along_first=true,facing=down'
[28серп.2026 07:53:43.684] [Worker-Main-18/WARN] [net.minecraft.client.resources.model.BlockStateModelLoader/]: Exception loading blockstate definition: 'cbcmoreshells:blockstates/wide_steel_single_cannon_sliding_breech.json' missing model for variant: 'cbcmoreshells:wide_steel_single_cannon_sliding_breech#axis_along_first=false,facing=south'
[28серп.2026 07:53:43.684] [Worker-Main-18/WARN] [net.minecraft.client.resources.model.BlockStateModelLoader/]: Exception loading blockstate definition: 'cbcmoreshells:blockstates/wide_steel_single_cannon_sliding_breech.json' missing model for variant: 'cbcmoreshells:wide_steel_single_cannon_sliding_breech#axis_along_first=false,facing=west'
[28серп.2026 07:53:43.684] [Worker-Main-18/WARN] [net.minecraft.client.resources.model.BlockStateModelLoader/]: Exception loading blockstate definition: 'cbcmoreshells:blockstates/wide_steel_single_cannon_sliding_breech.json' missing model for variant: 'cbcmoreshells:wide_steel_single_cannon_sliding_breech#axis_along_first=true,facing=north'
[28серп.2026 07:53:43.684] [Worker-Main-18/WARN] [net.minecraft.client.resources.model.BlockStateModelLoader/]: Exception loading blockstate definition: 'cbcmoreshells:blockstates/wide_steel_single_cannon_sliding_breech.json' missing model for variant: 'cbcmoreshells:wide_steel_single_cannon_sliding_breech#axis_along_first=true,facing=up'
[28серп.2026 07:53:43.684] [Worker-Main-18/WARN] [net.minecraft.client.resources.model.BlockStateModelLoader/]: Exception loading blockstate definition: 'cbcmoreshells:blockstates/wide_steel_single_cannon_sliding_breech.json' missing model for variant: 'cbcmoreshells:wide_steel_single_cannon_sliding_breech#axis_along_first=false,facing=north'
[28серп.2026 07:53:43.684] [Worker-Main-18/WARN] [net.minecraft.client.resources.model.BlockStateModelLoader/]: Exception loading blockstate definition: 'cbcmoreshells:blockstates/wide_steel_single_cannon_sliding_breech.json' missing model for variant: 'cbcmoreshells:wide_steel_single_cannon_sliding_breech#axis_along_first=false,facing=down'
[28серп.2026 07:53:43.684] [Worker-Main-18/WARN] [net.minecraft.client.resources.model.BlockStateModelLoader/]: Exception loading blockstate definition: 'cbcmoreshells:blockstates/wide_steel_single_cannon_sliding_breech.json' missing model for variant: 'cbcmoreshells:wide_steel_single_cannon_sliding_breech#axis_along_first=true,facing=south'
[28серп.2026 07:53:43.684] [Worker-Main-18/WARN] [net.minecraft.client.resources.model.BlockStateModelLoader/]: Exception loading blockstate definition: 'cbcmoreshells:blockstates/wide_steel_single_cannon_sliding_breech.json' missing model for variant: 'cbcmoreshells:wide_steel_single_cannon_sliding_breech#axis_along_first=true,facing=west'
[28серп.2026 07:53:43.684] [Worker-Main-18/WARN] [net.minecraft.client.resources.model.BlockStateModelLoader/]: Exception loading blockstate definition: 'cbcmoreshells:blockstates/large_steel_single_cannon_chamber_shielded.json' missing model for variant: 'cbcmoreshells:large_steel_single_cannon_chamber_shielded#facing=east'
[28серп.2026 07:53:43.684] [Worker-Main-18/WARN] [net.minecraft.client.resources.model.BlockStateModelLoader/]: Exception loading blockstate definition: 'cbcmoreshells:blockstates/large_steel_single_cannon_chamber_shielded.json' missing model for variant: 'cbcmoreshells:large_steel_single_cannon_chamber_shielded#facing=south'
[28серп.2026 07:53:43.684] [Worker-Main-18/WARN] [net.minecraft.client.resources.model.BlockStateModelLoader/]: Exception loading blockstate definition: 'cbcmoreshells:blockstates/large_steel_single_cannon_chamber_shielded.json' missing model for variant: 'cbcmoreshells:large_steel_single_cannon_chamber_shielded#facing=down'
[28серп.2026 07:53:43.684] [Worker-Main-18/WARN] [net.minecraft.client.resources.model.BlockStateModelLoader/]: Exception loading blockstate definition: 'cbcmoreshells:blockstates/large_steel_single_cannon_chamber_shielded.json' missing model for variant: 'cbcmoreshells:large_steel_single_cannon_chamber_shielded#facing=north'
[28серп.2026 07:53:43.684] [Worker-Main-18/WARN] [net.minecraft.client.resources.model.BlockStateModelLoader/]: Exception loading blockstate definition: 'cbcmoreshells:blockstates/large_steel_single_cannon_chamber_shielded.json' missing model for variant: 'cbcmoreshells:large_steel_single_cannon_chamber_shielded#facing=up'
[28серп.2026 07:53:43.684] [Worker-Main-18/WARN] [net.minecraft.client.resources.model.BlockStateModelLoader/]: Exception loading blockstate definition: 'cbcmoreshells:blockstates/large_steel_single_cannon_chamber_shielded.json' missing model for variant: 'cbcmoreshells:large_steel_single_cannon_chamber_shielded#facing=west'
[28серп.2026 07:53:43.684] [Worker-Main-18/WARN] [net.minecraft.client.resources.model.BlockStateModelLoader/]: Exception loading blockstate definition: 'cbcmoreshells:blockstates/large_steel_single_cannon_sliding_breech.json' missing model for variant: 'cbcmoreshells:large_steel_single_cannon_sliding_breech#axis_along_first=false,facing=west'
[28серп.2026 07:53:43.684] [Worker-Main-18/WARN] [net.minecraft.client.resources.model.BlockStateModelLoader/]: Exception loading blockstate definition: 'cbcmoreshells:blockstates/large_steel_single_cannon_sliding_breech.json' missing model for variant: 'cbcmoreshells:large_steel_single_cannon_sliding_breech#axis_along_first=true,facing=north'
[28серп.2026 07:53:43.684] [Worker-Main-18/WARN] [net.minecraft.client.resources.model.BlockStateModelLoader/]: Exception loading blockstate definition: 'cbcmoreshells:blockstates/large_steel_single_cannon_sliding_breech.json' missing model for variant: 'cbcmoreshells:large_steel_single_cannon_sliding_breech#axis_along_first=true,facing=up'
[28серп.2026 07:53:43.685] [Worker-Main-18/WARN] [net.minecraft.client.resources.model.BlockStateModelLoader/]: Exception loading blockstate definition: 'cbcmoreshells:blockstates/large_steel_single_cannon_sliding_breech.json' missing model for variant: 'cbcmoreshells:large_steel_single_cannon_sliding_breech#axis_along_first=false,facing=north'
[28серп.2026 07:53:43.685] [Worker-Main-18/WARN] [net.minecraft.client.resources.model.BlockStateModelLoader/]: Exception loading blockstate definition: 'cbcmoreshells:blockstates/large_steel_single_cannon_sliding_breech.json' missing model for variant: 'cbcmoreshells:large_steel_single_cannon_sliding_breech#axis_along_first=true,facing=south'
[28серп.2026 07:53:43.685] [Worker-Main-18/WARN] [net.minecraft.client.resources.model.BlockStateModelLoader/]: Exception loading blockstate definition: 'cbcmoreshells:blockstates/large_steel_single_cannon_sliding_breech.json' missing model for variant: 'cbcmoreshells:large_steel_single_cannon_sliding_breech#axis_along_first=true,facing=west'
[28серп.2026 07:53:43.685] [Worker-Main-18/WARN] [net.minecraft.client.resources.model.BlockStateModelLoader/]: Exception loading blockstate definition: 'cbcmoreshells:blockstates/large_steel_single_cannon_sliding_breech.json' missing model for variant: 'cbcmoreshells:large_steel_single_cannon_sliding_breech#axis_along_first=false,facing=down'
[28серп.2026 07:53:43.685] [Worker-Main-18/WARN] [net.minecraft.client.resources.model.BlockStateModelLoader/]: Exception loading blockstate definition: 'cbcmoreshells:blockstates/large_steel_single_cannon_sliding_breech.json' missing model for variant: 'cbcmoreshells:large_steel_single_cannon_sliding_breech#axis_along_first=true,facing=east'
[28серп.2026 07:53:43.685] [Worker-Main-18/WARN] [net.minecraft.client.resources.model.BlockStateModelLoader/]: Exception loading blockstate definition: 'cbcmoreshells:blockstates/large_steel_single_cannon_sliding_breech.json' missing model for variant: 'cbcmoreshells:large_steel_single_cannon_sliding_breech#axis_along_first=false,facing=east'
[28серп.2026 07:53:43.685] [Worker-Main-18/WARN] [net.minecraft.client.resources.model.BlockStateModelLoader/]: Exception loading blockstate definition: 'cbcmoreshells:blockstates/large_steel_single_cannon_sliding_breech.json' missing model for variant: 'cbcmoreshells:large_steel_single_cannon_sliding_breech#axis_along_first=false,facing=up'
[28серп.2026 07:53:43.685] [Worker-Main-18/WARN] [net.minecraft.client.resources.model.BlockStateModelLoader/]: Exception loading blockstate definition: 'cbcmoreshells:blockstates/large_steel_single_cannon_sliding_breech.json' missing model for variant: 'cbcmoreshells:large_steel_single_cannon_sliding_breech#axis_along_first=true,facing=down'
[28серп.2026 07:53:43.685] [Worker-Main-18/WARN] [net.minecraft.client.resources.model.BlockStateModelLoader/]: Exception loading blockstate definition: 'cbcmoreshells:blockstates/large_steel_single_cannon_sliding_breech.json' missing model for variant: 'cbcmoreshells:large_steel_single_cannon_sliding_breech#axis_along_first=false,facing=south'
[28серп.2026 07:53:43.685] [Worker-Main-18/WARN] [net.minecraft.client.resources.model.BlockStateModelLoader/]: Exception loading blockstate definition: 'cbcmoreshells:blockstates/cast_iron_dual_cannon_sliding_breech.json' missing model for variant: 'cbcmoreshells:cast_iron_dual_cannon_sliding_breech#axis_along_first=false,facing=north'
[28серп.2026 07:53:43.685] [Worker-Main-18/WARN] [net.minecraft.client.resources.model.BlockStateModelLoader/]: Exception loading blockstate definition: 'cbcmoreshells:blockstates/cast_iron_dual_cannon_sliding_breech.json' missing model for variant: 'cbcmoreshells:cast_iron_dual_cannon_sliding_breech#axis_along_first=true,facing=east'
[28серп.2026 07:53:43.685] [Worker-Main-18/WARN] [net.minecraft.client.resources.model.BlockStateModelLoader/]: Exception loading blockstate definition: 'cbcmoreshells:blockstates/cast_iron_dual_cannon_sliding_breech.json' missing model for variant: 'cbcmoreshells:cast_iron_dual_cannon_sliding_breech#axis_along_first=false,facing=west'
[28серп.2026 07:53:43.685] [Worker-Main-18/WARN] [net.minecraft.client.resources.model.BlockStateModelLoader/]: Exception loading blockstate definition: 'cbcmoreshells:blockstates/cast_iron_dual_cannon_sliding_breech.json' missing model for variant: 'cbcmoreshells:cast_iron_dual_cannon_sliding_breech#axis_along_first=true,facing=west'
[28серп.2026 07:53:43.685] [Worker-Main-18/WARN] [net.minecraft.client.resources.model.BlockStateModelLoader/]: Exception loading blockstate definition: 'cbcmoreshells:blockstates/cast_iron_dual_cannon_sliding_breech.json' missing model for variant: 'cbcmoreshells:cast_iron_dual_cannon_sliding_breech#axis_along_first=true,facing=north'
[28серп.2026 07:53:43.685] [Worker-Main-18/WARN] [net.minecraft.client.resources.model.BlockStateModelLoader/]: Exception loading blockstate definition: 'cbcmoreshells:blockstates/cast_iron_dual_cannon_sliding_breech.json' missing model for variant: 'cbcmoreshells:cast_iron_dual_cannon_sliding_breech#axis_along_first=true,facing=south'
[28серп.2026 07:53:43.685] [Worker-Main-18/WARN] [net.minecraft.client.resources.model.BlockStateModelLoader/]: Exception loading blockstate definition: 'cbcmoreshells:blockstates/cast_iron_dual_cannon_sliding_breech.json' missing model for variant: 'cbcmoreshells:cast_iron_dual_cannon_sliding_breech#axis_along_first=true,facing=down'
[28серп.2026 07:53:43.685] [Worker-Main-18/WARN] [net.minecraft.client.resources.model.BlockStateModelLoader/]: Exception loading blockstate definition: 'cbcmoreshells:blockstates/cast_iron_dual_cannon_sliding_breech.json' missing model for variant: 'cbcmoreshells:cast_iron_dual_cannon_sliding_breech#axis_along_first=false,facing=down'
[28серп.2026 07:53:43.685] [Worker-Main-18/WARN] [net.minecraft.client.resources.model.BlockStateModelLoader/]: Exception loading blockstate definition: 'cbcmoreshells:blockstates/cast_iron_dual_cannon_sliding_breech.json' missing model for variant: 'cbcmoreshells:cast_iron_dual_cannon_sliding_breech#axis_along_first=true,facing=up'
[28серп.2026 07:53:43.685] [Worker-Main-18/WARN] [net.minecraft.client.resources.model.BlockStateModelLoader/]: Exception loading blockstate definition: 'cbcmoreshells:blockstates/cast_iron_dual_cannon_sliding_breech.json' missing model for variant: 'cbcmoreshells:cast_iron_dual_cannon_sliding_breech#axis_along_first=false,facing=up'
[28серп.2026 07:53:43.685] [Worker-Main-18/WARN] [net.minecraft.client.resources.model.BlockStateModelLoader/]: Exception loading blockstate definition: 'cbcmoreshells:blockstates/cast_iron_dual_cannon_sliding_breech.json' missing model for variant: 'cbcmoreshells:cast_iron_dual_cannon_sliding_breech#axis_along_first=false,facing=east'
[28серп.2026 07:53:43.685] [Worker-Main-18/WARN] [net.minecraft.client.resources.model.BlockStateModelLoader/]: Exception loading blockstate definition: 'cbcmoreshells:blockstates/cast_iron_dual_cannon_sliding_breech.json' missing model for variant: 'cbcmoreshells:cast_iron_dual_cannon_sliding_breech#axis_along_first=false,facing=south'
[28серп.2026 07:53:43.686] [Worker-Main-18/WARN] [net.minecraft.client.resources.model.BlockStateModelLoader/]: Exception loading blockstate definition: 'cbcmoreshells:blockstates/wide_cast_iron_single_cannon_sliding_breech.json' missing model for variant: 'cbcmoreshells:wide_cast_iron_single_cannon_sliding_breech#axis_along_first=true,facing=down'
[28серп.2026 07:53:43.686] [Worker-Main-18/WARN] [net.minecraft.client.resources.model.BlockStateModelLoader/]: Exception loading blockstate definition: 'cbcmoreshells:blockstates/wide_cast_iron_single_cannon_sliding_breech.json' missing model for variant: 'cbcmoreshells:wide_cast_iron_single_cannon_sliding_breech#axis_along_first=true,facing=up'
[28серп.2026 07:53:43.686] [Worker-Main-18/WARN] [net.minecraft.client.resources.model.BlockStateModelLoader/]: Exception loading blockstate definition: 'cbcmoreshells:blockstates/wide_cast_iron_single_cannon_sliding_breech.json' missing model for variant: 'cbcmoreshells:wide_cast_iron_single_cannon_sliding_breech#axis_along_first=false,facing=up'
[28серп.2026 07:53:43.686] [Worker-Main-18/WARN] [net.minecraft.client.resources.model.BlockStateModelLoader/]: Exception loading blockstate definition: 'cbcmoreshells:blockstates/wide_cast_iron_single_cannon_sliding_breech.json' missing model for variant: 'cbcmoreshells:wide_cast_iron_single_cannon_sliding_breech#axis_along_first=false,facing=west'
[28серп.2026 07:53:43.686] [Worker-Main-18/WARN] [net.minecraft.client.resources.model.BlockStateModelLoader/]: Exception loading blockstate definition: 'cbcmoreshells:blockstates/wide_cast_iron_single_cannon_sliding_breech.json' missing model for variant: 'cbcmoreshells:wide_cast_iron_single_cannon_sliding_breech#axis_along_first=false,facing=south'
[28серп.2026 07:53:43.686] [Worker-Main-18/WARN] [net.minecraft.client.resources.model.BlockStateModelLoader/]: Exception loading blockstate definition: 'cbcmoreshells:blockstates/wide_cast_iron_single_cannon_sliding_breech.json' missing model for variant: 'cbcmoreshells:wide_cast_iron_single_cannon_sliding_breech#axis_along_first=true,facing=east'
[28серп.2026 07:53:43.686] [Worker-Main-18/WARN] [net.minecraft.client.resources.model.BlockStateModelLoader/]: Exception loading blockstate definition: 'cbcmoreshells:blockstates/wide_cast_iron_single_cannon_sliding_breech.json' missing model for variant: 'cbcmoreshells:wide_cast_iron_single_cannon_sliding_breech#axis_along_first=false,facing=north'
[28серп.2026 07:53:43.686] [Worker-Main-18/WARN] [net.minecraft.client.resources.model.BlockStateModelLoader/]: Exception loading blockstate definition: 'cbcmoreshells:blockstates/wide_cast_iron_single_cannon_sliding_breech.json' missing model for variant: 'cbcmoreshells:wide_cast_iron_single_cannon_sliding_breech#axis_along_first=false,facing=east'
[28серп.2026 07:53:43.686] [Worker-Main-18/WARN] [net.minecraft.client.resources.model.BlockStateModelLoader/]: Exception loading blockstate definition: 'cbcmoreshells:blockstates/wide_cast_iron_single_cannon_sliding_breech.json' missing model for variant: 'cbcmoreshells:wide_cast_iron_single_cannon_sliding_breech#axis_along_first=true,facing=north'
[28серп.2026 07:53:43.686] [Worker-Main-18/WARN] [net.minecraft.client.resources.model.BlockStateModelLoader/]: Exception loading blockstate definition: 'cbcmoreshells:blockstates/wide_cast_iron_single_cannon_sliding_breech.json' missing model for variant: 'cbcmoreshells:wide_cast_iron_single_cannon_sliding_breech#axis_along_first=true,facing=west'
[28серп.2026 07:53:43.686] [Worker-Main-18/WARN] [net.minecraft.client.resources.model.BlockStateModelLoader/]: Exception loading blockstate definition: 'cbcmoreshells:blockstates/wide_cast_iron_single_cannon_sliding_breech.json' missing model for variant: 'cbcmoreshells:wide_cast_iron_single_cannon_sliding_breech#axis_along_first=true,facing=south'
[28серп.2026 07:53:43.686] [Worker-Main-18/WARN] [net.minecraft.client.resources.model.BlockStateModelLoader/]: Exception loading blockstate definition: 'cbcmoreshells:blockstates/wide_cast_iron_single_cannon_sliding_breech.json' missing model for variant: 'cbcmoreshells:wide_cast_iron_single_cannon_sliding_breech#axis_along_first=false,facing=down'
[28серп.2026 07:53:43.686] [Worker-Main-18/WARN] [net.minecraft.client.resources.model.BlockStateModelLoader/]: Exception loading blockstate definition: 'cbcmoreshells:blockstates/bronze_dual_cannon_sliding_breech.json' missing model for variant: 'cbcmoreshells:bronze_dual_cannon_sliding_breech#axis_along_first=false,facing=up'
[28серп.2026 07:53:43.686] [Worker-Main-18/WARN] [net.minecraft.client.resources.model.BlockStateModelLoader/]: Exception loading blockstate definition: 'cbcmoreshells:blockstates/bronze_dual_cannon_sliding_breech.json' missing model for variant: 'cbcmoreshells:bronze_dual_cannon_sliding_breech#axis_along_first=true,facing=up'
[28серп.2026 07:53:43.687] [Worker-Main-18/WARN] [net.minecraft.client.resources.model.BlockStateModelLoader/]: Exception loading blockstate definition: 'cbcmoreshells:blockstates/bronze_dual_cannon_sliding_breech.json' missing model for variant: 'cbcmoreshells:bronze_dual_cannon_sliding_breech#axis_along_first=true,facing=down'
[28серп.2026 07:53:43.687] [Worker-Main-18/WARN] [net.minecraft.client.resources.model.BlockStateModelLoader/]: Exception loading blockstate definition: 'cbcmoreshells:blockstates/bronze_dual_cannon_sliding_breech.json' missing model for variant: 'cbcmoreshells:bronze_dual_cannon_sliding_breech#axis_along_first=false,facing=east'
[28серп.2026 07:53:43.687] [Worker-Main-18/WARN] [net.minecraft.client.resources.model.BlockStateModelLoader/]: Exception loading blockstate definition: 'cbcmoreshells:blockstates/bronze_dual_cannon_sliding_breech.json' missing model for variant: 'cbcmoreshells:bronze_dual_cannon_sliding_breech#axis_along_first=true,facing=east'
[28серп.2026 07:53:43.687] [Worker-Main-18/WARN] [net.minecraft.client.resources.model.BlockStateModelLoader/]: Exception loading blockstate definition: 'cbcmoreshells:blockstates/bronze_dual_cannon_sliding_breech.json' missing model for variant: 'cbcmoreshells:bronze_dual_cannon_sliding_breech#axis_along_first=false,facing=west'
[28серп.2026 07:53:43.687] [Worker-Main-18/WARN] [net.minecraft.client.resources.model.BlockStateModelLoader/]: Exception loading blockstate definition: 'cbcmoreshells:blockstates/bronze_dual_cannon_sliding_breech.json' missing model for variant: 'cbcmoreshells:bronze_dual_cannon_sliding_breech#axis_along_first=true,facing=south'
[28серп.2026 07:53:43.687] [Worker-Main-18/WARN] [net.minecraft.client.resources.model.BlockStateModelLoader/]: Exception loading blockstate definition: 'cbcmoreshells:blockstates/bronze_dual_cannon_sliding_breech.json' missing model for variant: 'cbcmoreshells:bronze_dual_cannon_sliding_breech#axis_along_first=false,facing=south'
[28серп.2026 07:53:43.687] [Worker-Main-18/WARN] [net.minecraft.client.resources.model.BlockStateModelLoader/]: Exception loading blockstate definition: 'cbcmoreshells:blockstates/bronze_dual_cannon_sliding_breech.json' missing model for variant: 'cbcmoreshells:bronze_dual_cannon_sliding_breech#axis_along_first=true,facing=north'
[28серп.2026 07:53:43.687] [Worker-Main-18/WARN] [net.minecraft.client.resources.model.BlockStateModelLoader/]: Exception loading blockstate definition: 'cbcmoreshells:blockstates/bronze_dual_cannon_sliding_breech.json' missing model for variant: 'cbcmoreshells:bronze_dual_cannon_sliding_breech#axis_along_first=false,facing=north'
[28серп.2026 07:53:43.687] [Worker-Main-18/WARN] [net.minecraft.client.resources.model.BlockStateModelLoader/]: Exception loading blockstate definition: 'cbcmoreshells:blockstates/bronze_dual_cannon_sliding_breech.json' missing model for variant: 'cbcmoreshells:bronze_dual_cannon_sliding_breech#axis_along_first=true,facing=west'
[28серп.2026 07:53:43.687] [Worker-Main-18/WARN] [net.minecraft.client.resources.model.BlockStateModelLoader/]: Exception loading blockstate definition: 'cbcmoreshells:blockstates/bronze_dual_cannon_sliding_breech.json' missing model for variant: 'cbcmoreshells:bronze_dual_cannon_sliding_breech#axis_along_first=false,facing=down'
[28серп.2026 07:53:43.687] [Worker-Main-18/WARN] [net.minecraft.client.resources.model.BlockStateModelLoader/]: Exception loading blockstate definition: 'cbcmoreshells:blockstates/wide_bronze_single_cannon_sliding_breech.json' missing model for variant: 'cbcmoreshells:wide_bronze_single_cannon_sliding_breech#axis_along_first=false,facing=north'
[28серп.2026 07:53:43.687] [Worker-Main-18/WARN] [net.minecraft.client.resources.model.BlockStateModelLoader/]: Exception loading blockstate definition: 'cbcmoreshells:blockstates/wide_bronze_single_cannon_sliding_breech.json' missing model for variant: 'cbcmoreshells:wide_bronze_single_cannon_sliding_breech#axis_along_first=true,facing=north'
[28серп.2026 07:53:43.687] [Worker-Main-18/WARN] [net.minecraft.client.resources.model.BlockStateModelLoader/]: Exception loading blockstate definition: 'cbcmoreshells:blockstates/wide_bronze_single_cannon_sliding_breech.json' missing model for variant: 'cbcmoreshells:wide_bronze_single_cannon_sliding_breech#axis_along_first=true,facing=south'
[28серп.2026 07:53:43.687] [Worker-Main-18/WARN] [net.minecraft.client.resources.model.BlockStateModelLoader/]: Exception loading blockstate definition: 'cbcmoreshells:blockstates/wide_bronze_single_cannon_sliding_breech.json' missing model for variant: 'cbcmoreshells:wide_bronze_single_cannon_sliding_breech#axis_along_first=false,facing=south'
[28серп.2026 07:53:43.687] [Worker-Main-18/WARN] [net.minecraft.client.resources.model.BlockStateModelLoader/]: Exception loading blockstate definition: 'cbcmoreshells:blockstates/wide_bronze_single_cannon_sliding_breech.json' missing model for variant: 'cbcmoreshells:wide_bronze_single_cannon_sliding_breech#axis_along_first=true,facing=west'
[28серп.2026 07:53:43.687] [Worker-Main-18/WARN] [net.minecraft.client.resources.model.BlockStateModelLoader/]: Exception loading blockstate definition: 'cbcmoreshells:blockstates/wide_bronze_single_cannon_sliding_breech.json' missing model for variant: 'cbcmoreshells:wide_bronze_single_cannon_sliding_breech#axis_along_first=false,facing=east'
[28серп.2026 07:53:43.687] [Worker-Main-18/WARN] [net.minecraft.client.resources.model.BlockStateModelLoader/]: Exception loading blockstate definition: 'cbcmoreshells:blockstates/wide_bronze_single_cannon_sliding_breech.json' missing model for variant: 'cbcmoreshells:wide_bronze_single_cannon_sliding_breech#axis_along_first=true,facing=up'
[28серп.2026 07:53:43.688] [Worker-Main-18/WARN] [net.minecraft.client.resources.model.BlockStateModelLoader/]: Exception loading blockstate definition: 'cbcmoreshells:blockstates/wide_bronze_single_cannon_sliding_breech.json' missing model for variant: 'cbcmoreshells:wide_bronze_single_cannon_sliding_breech#axis_along_first=true,facing=down'
[28серп.2026 07:53:43.688] [Worker-Main-18/WARN] [net.minecraft.client.resources.model.BlockStateModelLoader/]: Exception loading blockstate definition: 'cbcmoreshells:blockstates/wide_bronze_single_cannon_sliding_breech.json' missing model for variant: 'cbcmoreshells:wide_bronze_single_cannon_sliding_breech#axis_along_first=false,facing=down'
[28серп.2026 07:53:43.688] [Worker-Main-18/WARN] [net.minecraft.client.resources.model.BlockStateModelLoader/]: Exception loading blockstate definition: 'cbcmoreshells:blockstates/wide_bronze_single_cannon_sliding_breech.json' missing model for variant: 'cbcmoreshells:wide_bronze_single_cannon_sliding_breech#axis_along_first=false,facing=up'
[28серп.2026 07:53:43.688] [Worker-Main-18/WARN] [net.minecraft.client.resources.model.BlockStateModelLoader/]: Exception loading blockstate definition: 'cbcmoreshells:blockstates/wide_bronze_single_cannon_sliding_breech.json' missing model for variant: 'cbcmoreshells:wide_bronze_single_cannon_sliding_breech#axis_along_first=true,facing=east'
[28серп.2026 07:53:43.688] [Worker-Main-18/WARN] [net.minecraft.client.resources.model.BlockStateModelLoader/]: Exception loading blockstate definition: 'cbcmoreshells:blockstates/wide_bronze_single_cannon_sliding_breech.json' missing model for variant: 'cbcmoreshells:wide_bronze_single_cannon_sliding_breech#axis_along_first=false,facing=west'
[28серп.2026 07:53:43.688] [Worker-Main-18/WARN] [net.minecraft.client.resources.model.BlockStateModelLoader/]: Exception loading blockstate definition: 'cbcmoreshells:blockstates/brass_dual_cannon_sliding_breech.json' missing model for variant: 'cbcmoreshells:brass_dual_cannon_sliding_breech#axis_along_first=true,facing=south'
[28серп.2026 07:53:43.688] [Worker-Main-18/WARN] [net.minecraft.client.resources.model.BlockStateModelLoader/]: Exception loading blockstate definition: 'cbcmoreshells:blockstates/brass_dual_cannon_sliding_breech.json' missing model for variant: 'cbcmoreshells:brass_dual_cannon_sliding_breech#axis_along_first=false,facing=north'
[28серп.2026 07:53:43.688] [Worker-Main-18/WARN] [net.minecraft.client.resources.model.BlockStateModelLoader/]: Exception loading blockstate definition: 'cbcmoreshells:blockstates/brass_dual_cannon_sliding_breech.json' missing model for variant: 'cbcmoreshells:brass_dual_cannon_sliding_breech#axis_along_first=true,facing=north'
[28серп.2026 07:53:43.688] [Worker-Main-18/WARN] [net.minecraft.client.resources.model.BlockStateModelLoader/]: Exception loading blockstate definition: 'cbcmoreshells:blockstates/brass_dual_cannon_sliding_breech.json' missing model for variant: 'cbcmoreshells:brass_dual_cannon_sliding_breech#axis_along_first=false,facing=west'
[28серп.2026 07:53:43.688] [Worker-Main-18/WARN] [net.minecraft.client.resources.model.BlockStateModelLoader/]: Exception loading blockstate definition: 'cbcmoreshells:blockstates/brass_dual_cannon_sliding_breech.json' missing model for variant: 'cbcmoreshells:brass_dual_cannon_sliding_breech#axis_along_first=true,facing=west'
[28серп.2026 07:53:43.688] [Worker-Main-18/WARN] [net.minecraft.client.resources.model.BlockStateModelLoader/]: Exception loading blockstate definition: 'cbcmoreshells:blockstates/brass_dual_cannon_sliding_breech.json' missing model for variant: 'cbcmoreshells:brass_dual_cannon_sliding_breech#axis_along_first=false,facing=down'
[28серп.2026 07:53:43.688] [Worker-Main-18/WARN] [net.minecraft.client.resources.model.BlockStateModelLoader/]: Exception loading blockstate definition: 'cbcmoreshells:blockstates/brass_dual_cannon_sliding_breech.json' missing model for variant: 'cbcmoreshells:brass_dual_cannon_sliding_breech#axis_along_first=false,facing=up'
[28серп.2026 07:53:43.688] [Worker-Main-18/WARN] [net.minecraft.client.resources.model.BlockStateModelLoader/]: Exception loading blockstate definition: 'cbcmoreshells:blockstates/brass_dual_cannon_sliding_breech.json' missing model for variant: 'cbcmoreshells:brass_dual_cannon_sliding_breech#axis_along_first=true,facing=down'
[28серп.2026 07:53:43.688] [Worker-Main-18/WARN] [net.minecraft.client.resources.model.BlockStateModelLoader/]: Exception loading blockstate definition: 'cbcmoreshells:blockstates/brass_dual_cannon_sliding_breech.json' missing model for variant: 'cbcmoreshells:brass_dual_cannon_sliding_breech#axis_along_first=true,facing=up'
[28серп.2026 07:53:43.688] [Worker-Main-18/WARN] [net.minecraft.client.resources.model.BlockStateModelLoader/]: Exception loading blockstate definition: 'cbcmoreshells:blockstates/brass_dual_cannon_sliding_breech.json' missing model for variant: 'cbcmoreshells:brass_dual_cannon_sliding_breech#axis_along_first=true,facing=east'
[28серп.2026 07:53:43.688] [Worker-Main-18/WARN] [net.minecraft.client.resources.model.BlockStateModelLoader/]: Exception loading blockstate definition: 'cbcmoreshells:blockstates/brass_dual_cannon_sliding_breech.json' missing model for variant: 'cbcmoreshells:brass_dual_cannon_sliding_breech#axis_along_first=false,facing=east'
[28серп.2026 07:53:43.688] [Worker-Main-18/WARN] [net.minecraft.client.resources.model.BlockStateModelLoader/]: Exception loading blockstate definition: 'cbcmoreshells:blockstates/brass_dual_cannon_sliding_breech.json' missing model for variant: 'cbcmoreshells:brass_dual_cannon_sliding_breech#axis_along_first=false,facing=south'
[28серп.2026 07:53:43.688] [Worker-Main-18/WARN] [net.minecraft.client.resources.model.BlockStateModelLoader/]: Exception loading blockstate definition: 'cbcmoreshells:blockstates/wide_brass_dual_cannon_sliding_breech.json' missing model for variant: 'cbcmoreshells:wide_brass_dual_cannon_sliding_breech#axis_along_first=false,facing=up'
[28серп.2026 07:53:43.689] [Worker-Main-18/WARN] [net.minecraft.client.resources.model.BlockStateModelLoader/]: Exception loading blockstate definition: 'cbcmoreshells:blockstates/wide_brass_dual_cannon_sliding_breech.json' missing model for variant: 'cbcmoreshells:wide_brass_dual_cannon_sliding_breech#axis_along_first=true,facing=down'
[28серп.2026 07:53:43.689] [Worker-Main-18/WARN] [net.minecraft.client.resources.model.BlockStateModelLoader/]: Exception loading blockstate definition: 'cbcmoreshells:blockstates/wide_brass_dual_cannon_sliding_breech.json' missing model for variant: 'cbcmoreshells:wide_brass_dual_cannon_sliding_breech#axis_along_first=true,facing=up'
[28серп.2026 07:53:43.689] [Worker-Main-18/WARN] [net.minecraft.client.resources.model.BlockStateModelLoader/]: Exception loading blockstate definition: 'cbcmoreshells:blockstates/wide_brass_dual_cannon_sliding_breech.json' missing model for variant: 'cbcmoreshells:wide_brass_dual_cannon_sliding_breech#axis_along_first=true,facing=west'
[28серп.2026 07:53:43.689] [Worker-Main-18/WARN] [net.minecraft.client.resources.model.BlockStateModelLoader/]: Exception loading blockstate definition: 'cbcmoreshells:blockstates/wide_brass_dual_cannon_sliding_breech.json' missing model for variant: 'cbcmoreshells:wide_brass_dual_cannon_sliding_breech#axis_along_first=false,facing=down'
[28серп.2026 07:53:43.689] [Worker-Main-18/WARN] [net.minecraft.client.resources.model.BlockStateModelLoader/]: Exception loading blockstate definition: 'cbcmoreshells:blockstates/wide_brass_dual_cannon_sliding_breech.json' missing model for variant: 'cbcmoreshells:wide_brass_dual_cannon_sliding_breech#axis_along_first=true,facing=south'
[28серп.2026 07:53:43.689] [Worker-Main-18/WARN] [net.minecraft.client.resources.model.BlockStateModelLoader/]: Exception loading blockstate definition: 'cbcmoreshells:blockstates/wide_brass_dual_cannon_sliding_breech.json' missing model for variant: 'cbcmoreshells:wide_brass_dual_cannon_sliding_breech#axis_along_first=false,facing=north'
[28серп.2026 07:53:43.689] [Worker-Main-18/WARN] [net.minecraft.client.resources.model.BlockStateModelLoader/]: Exception loading blockstate definition: 'cbcmoreshells:blockstates/wide_brass_dual_cannon_sliding_breech.json' missing model for variant: 'cbcmoreshells:wide_brass_dual_cannon_sliding_breech#axis_along_first=true,facing=north'
[28серп.2026 07:53:43.689] [Worker-Main-18/WARN] [net.minecraft.client.resources.model.BlockStateModelLoader/]: Exception loading blockstate definition: 'cbcmoreshells:blockstates/wide_brass_dual_cannon_sliding_breech.json' missing model for variant: 'cbcmoreshells:wide_brass_dual_cannon_sliding_breech#axis_along_first=false,facing=west'
[28серп.2026 07:53:43.689] [Worker-Main-18/WARN] [net.minecraft.client.resources.model.BlockStateModelLoader/]: Exception loading blockstate definition: 'cbcmoreshells:blockstates/wide_brass_dual_cannon_sliding_breech.json' missing model for variant: 'cbcmoreshells:wide_brass_dual_cannon_sliding_breech#axis_along_first=true,facing=east'
[28серп.2026 07:53:43.689] [Worker-Main-18/WARN] [net.minecraft.client.resources.model.BlockStateModelLoader/]: Exception loading blockstate definition: 'cbcmoreshells:blockstates/wide_brass_dual_cannon_sliding_breech.json' missing model for variant: 'cbcmoreshells:wide_brass_dual_cannon_sliding_breech#axis_along_first=false,facing=east'
[28серп.2026 07:53:43.689] [Worker-Main-18/WARN] [net.minecraft.client.resources.model.BlockStateModelLoader/]: Exception loading blockstate definition: 'cbcmoreshells:blockstates/wide_brass_dual_cannon_sliding_breech.json' missing model for variant: 'cbcmoreshells:wide_brass_dual_cannon_sliding_breech#axis_along_first=false,facing=south'
[28серп.2026 07:53:43.689] [Worker-Main-18/WARN] [net.minecraft.client.resources.model.BlockStateModelLoader/]: Exception loading blockstate definition: 'cbcmoreshells:blockstates/large_brass_dual_cannon_charger.json' missing model for variant: 'cbcmoreshells:large_brass_dual_cannon_charger#facing=south'
[28серп.2026 07:53:43.689] [Worker-Main-18/WARN] [net.minecraft.client.resources.model.BlockStateModelLoader/]: Exception loading blockstate definition: 'cbcmoreshells:blockstates/large_brass_dual_cannon_charger.json' missing model for variant: 'cbcmoreshells:large_brass_dual_cannon_charger#facing=east'
[28серп.2026 07:53:43.689] [Worker-Main-18/WARN] [net.minecraft.client.resources.model.BlockStateModelLoader/]: Exception loading blockstate definition: 'cbcmoreshells:blockstates/large_brass_dual_cannon_charger.json' missing model for variant: 'cbcmoreshells:large_brass_dual_cannon_charger#facing=north'
[28серп.2026 07:53:43.689] [Worker-Main-18/WARN] [net.minecraft.client.resources.model.BlockStateModelLoader/]: Exception loading blockstate definition: 'cbcmoreshells:blockstates/large_brass_dual_cannon_charger.json' missing model for variant: 'cbcmoreshells:large_brass_dual_cannon_charger#facing=west'
[28серп.2026 07:53:43.689] [Worker-Main-18/WARN] [net.minecraft.client.resources.model.BlockStateModelLoader/]: Exception loading blockstate definition: 'cbcmoreshells:blockstates/large_brass_dual_cannon_charger.json' missing model for variant: 'cbcmoreshells:large_brass_dual_cannon_charger#facing=up'
[28серп.2026 07:53:43.689] [Worker-Main-18/WARN] [net.minecraft.client.resources.model.BlockStateModelLoader/]: Exception loading blockstate definition: 'cbcmoreshells:blockstates/large_brass_dual_cannon_charger.json' missing model for variant: 'cbcmoreshells:large_brass_dual_cannon_charger#facing=down'
[28серп.2026 07:53:43.689] [Worker-Main-18/WARN] [net.minecraft.client.resources.model.BlockStateModelLoader/]: Exception loading blockstate definition: 'cbcmoreshells:blockstates/large_brass_dual_cannon_sliding_breech.json' missing model for variant: 'cbcmoreshells:large_brass_dual_cannon_sliding_breech#axis_along_first=false,facing=east'
[28серп.2026 07:53:43.689] [Worker-Main-18/WARN] [net.minecraft.client.resources.model.BlockStateModelLoader/]: Exception loading blockstate definition: 'cbcmoreshells:blockstates/large_brass_dual_cannon_sliding_breech.json' missing model for variant: 'cbcmoreshells:large_brass_dual_cannon_sliding_breech#axis_along_first=true,facing=south'
[28серп.2026 07:53:43.689] [Worker-Main-18/WARN] [net.minecraft.client.resources.model.BlockStateModelLoader/]: Exception loading blockstate definition: 'cbcmoreshells:blockstates/large_brass_dual_cannon_sliding_breech.json' missing model for variant: 'cbcmoreshells:large_brass_dual_cannon_sliding_breech#axis_along_first=false,facing=south'
[28серп.2026 07:53:43.689] [Worker-Main-18/WARN] [net.minecraft.client.resources.model.BlockStateModelLoader/]: Exception loading blockstate definition: 'cbcmoreshells:blockstates/large_brass_dual_cannon_sliding_breech.json' missing model for variant: 'cbcmoreshells:large_brass_dual_cannon_sliding_breech#axis_along_first=true,facing=north'
[28серп.2026 07:53:43.689] [Worker-Main-18/WARN] [net.minecraft.client.resources.model.BlockStateModelLoader/]: Exception loading blockstate definition: 'cbcmoreshells:blockstates/large_brass_dual_cannon_sliding_breech.json' missing model for variant: 'cbcmoreshells:large_brass_dual_cannon_sliding_breech#axis_along_first=false,facing=up'
[28серп.2026 07:53:43.689] [Worker-Main-18/WARN] [net.minecraft.client.resources.model.BlockStateModelLoader/]: Exception loading blockstate definition: 'cbcmoreshells:blockstates/large_brass_dual_cannon_sliding_breech.json' missing model for variant: 'cbcmoreshells:large_brass_dual_cannon_sliding_breech#axis_along_first=true,facing=east'
[28серп.2026 07:53:43.689] [Worker-Main-18/WARN] [net.minecraft.client.resources.model.BlockStateModelLoader/]: Exception loading blockstate definition: 'cbcmoreshells:blockstates/large_brass_dual_cannon_sliding_breech.json' missing model for variant: 'cbcmoreshells:large_brass_dual_cannon_sliding_breech#axis_along_first=false,facing=west'
[28серп.2026 07:53:43.689] [Worker-Main-18/WARN] [net.minecraft.client.resources.model.BlockStateModelLoader/]: Exception loading blockstate definition: 'cbcmoreshells:blockstates/large_brass_dual_cannon_sliding_breech.json' missing model for variant: 'cbcmoreshells:large_brass_dual_cannon_sliding_breech#axis_along_first=true,facing=down'
[28серп.2026 07:53:43.689] [Worker-Main-18/WARN] [net.minecraft.client.resources.model.BlockStateModelLoader/]: Exception loading blockstate definition: 'cbcmoreshells:blockstates/large_brass_dual_cannon_sliding_breech.json' missing model for variant: 'cbcmoreshells:large_brass_dual_cannon_sliding_breech#axis_along_first=false,facing=down'
[28серп.2026 07:53:43.689] [Worker-Main-18/WARN] [net.minecraft.client.resources.model.BlockStateModelLoader/]: Exception loading blockstate definition: 'cbcmoreshells:blockstates/large_brass_dual_cannon_sliding_breech.json' missing model for variant: 'cbcmoreshells:large_brass_dual_cannon_sliding_breech#axis_along_first=true,facing=west'
[28серп.2026 07:53:43.689] [Worker-Main-18/WARN] [net.minecraft.client.resources.model.BlockStateModelLoader/]: Exception loading blockstate definition: 'cbcmoreshells:blockstates/large_brass_dual_cannon_sliding_breech.json' missing model for variant: 'cbcmoreshells:large_brass_dual_cannon_sliding_breech#axis_along_first=false,facing=north'
[28серп.2026 07:53:43.689] [Worker-Main-18/WARN] [net.minecraft.client.resources.model.BlockStateModelLoader/]: Exception loading blockstate definition: 'cbcmoreshells:blockstates/large_brass_dual_cannon_sliding_breech.json' missing model for variant: 'cbcmoreshells:large_brass_dual_cannon_sliding_breech#axis_along_first=true,facing=up'
[28серп.2026 07:53:43.690] [Worker-Main-18/WARN] [net.minecraft.client.resources.model.BlockStateModelLoader/]: Exception loading blockstate definition: 'cbcmoreshells:blockstates/brass_single_cannon_sliding_breech.json' missing model for variant: 'cbcmoreshells:brass_single_cannon_sliding_breech#axis_along_first=true,facing=north'
[28серп.2026 07:53:43.690] [Worker-Main-18/WARN] [net.minecraft.client.resources.model.BlockStateModelLoader/]: Exception loading blockstate definition: 'cbcmoreshells:blockstates/brass_single_cannon_sliding_breech.json' missing model for variant: 'cbcmoreshells:brass_single_cannon_sliding_breech#axis_along_first=true,facing=west'
[28серп.2026 07:53:43.690] [Worker-Main-18/WARN] [net.minecraft.client.resources.model.BlockStateModelLoader/]: Exception loading blockstate definition: 'cbcmoreshells:blockstates/brass_single_cannon_sliding_breech.json' missing model for variant: 'cbcmoreshells:brass_single_cannon_sliding_breech#axis_along_first=false,facing=north'
[28серп.2026 07:53:43.690] [Worker-Main-18/WARN] [net.minecraft.client.resources.model.BlockStateModelLoader/]: Exception loading blockstate definition: 'cbcmoreshells:blockstates/brass_single_cannon_sliding_breech.json' missing model for variant: 'cbcmoreshells:brass_single_cannon_sliding_breech#axis_along_first=false,facing=west'
[28серп.2026 07:53:43.690] [Worker-Main-18/WARN] [net.minecraft.client.resources.model.BlockStateModelLoader/]: Exception loading blockstate definition: 'cbcmoreshells:blockstates/brass_single_cannon_sliding_breech.json' missing model for variant: 'cbcmoreshells:brass_single_cannon_sliding_breech#axis_along_first=true,facing=up'
[28серп.2026 07:53:43.690] [Worker-Main-18/WARN] [net.minecraft.client.resources.model.BlockStateModelLoader/]: Exception loading blockstate definition: 'cbcmoreshells:blockstates/brass_single_cannon_sliding_breech.json' missing model for variant: 'cbcmoreshells:brass_single_cannon_sliding_breech#axis_along_first=false,facing=east'
[28серп.2026 07:53:43.690] [Worker-Main-18/WARN] [net.minecraft.client.resources.model.BlockStateModelLoader/]: Exception loading blockstate definition: 'cbcmoreshells:blockstates/brass_single_cannon_sliding_breech.json' missing model for variant: 'cbcmoreshells:brass_single_cannon_sliding_breech#axis_along_first=true,facing=down'
[28серп.2026 07:53:43.690] [Worker-Main-18/WARN] [net.minecraft.client.resources.model.BlockStateModelLoader/]: Exception loading blockstate definition: 'cbcmoreshells:blockstates/brass_single_cannon_sliding_breech.json' missing model for variant: 'cbcmoreshells:brass_single_cannon_sliding_breech#axis_along_first=false,facing=south'
[28серп.2026 07:53:43.690] [Worker-Main-18/WARN] [net.minecraft.client.resources.model.BlockStateModelLoader/]: Exception loading blockstate definition: 'cbcmoreshells:blockstates/brass_single_cannon_sliding_breech.json' missing model for variant: 'cbcmoreshells:brass_single_cannon_sliding_breech#axis_along_first=false,facing=up'
[28серп.2026 07:53:43.690] [Worker-Main-18/WARN] [net.minecraft.client.resources.model.BlockStateModelLoader/]: Exception loading blockstate definition: 'cbcmoreshells:blockstates/brass_single_cannon_sliding_breech.json' missing model for variant: 'cbcmoreshells:brass_single_cannon_sliding_breech#axis_along_first=true,facing=east'
[28серп.2026 07:53:43.690] [Worker-Main-18/WARN] [net.minecraft.client.resources.model.BlockStateModelLoader/]: Exception loading blockstate definition: 'cbcmoreshells:blockstates/brass_single_cannon_sliding_breech.json' missing model for variant: 'cbcmoreshells:brass_single_cannon_sliding_breech#axis_along_first=false,facing=down'
[28серп.2026 07:53:43.690] [Worker-Main-18/WARN] [net.minecraft.client.resources.model.BlockStateModelLoader/]: Exception loading blockstate definition: 'cbcmoreshells:blockstates/brass_single_cannon_sliding_breech.json' missing model for variant: 'cbcmoreshells:brass_single_cannon_sliding_breech#axis_along_first=true,facing=south'
[28серп.2026 07:53:43.691] [Worker-Main-18/WARN] [net.minecraft.client.resources.model.BlockStateModelLoader/]: Exception loading blockstate definition: 'cbcmoreshells:blockstates/wide_brass_single_cannon_sliding_breech.json' missing model for variant: 'cbcmoreshells:wide_brass_single_cannon_sliding_breech#axis_along_first=false,facing=west'
[28серп.2026 07:53:43.691] [Worker-Main-18/WARN] [net.minecraft.client.resources.model.BlockStateModelLoader/]: Exception loading blockstate definition: 'cbcmoreshells:blockstates/wide_brass_single_cannon_sliding_breech.json' missing model for variant: 'cbcmoreshells:wide_brass_single_cannon_sliding_breech#axis_along_first=true,facing=west'
[28серп.2026 07:53:43.691] [Worker-Main-18/WARN] [net.minecraft.client.resources.model.BlockStateModelLoader/]: Exception loading blockstate definition: 'cbcmoreshells:blockstates/wide_brass_single_cannon_sliding_breech.json' missing model for variant: 'cbcmoreshells:wide_brass_single_cannon_sliding_breech#axis_along_first=false,facing=down'
[28серп.2026 07:53:43.691] [Worker-Main-18/WARN] [net.minecraft.client.resources.model.BlockStateModelLoader/]: Exception loading blockstate definition: 'cbcmoreshells:blockstates/wide_brass_single_cannon_sliding_breech.json' missing model for variant: 'cbcmoreshells:wide_brass_single_cannon_sliding_breech#axis_along_first=true,facing=south'
[28серп.2026 07:53:43.691] [Worker-Main-18/WARN] [net.minecraft.client.resources.model.BlockStateModelLoader/]: Exception loading blockstate definition: 'cbcmoreshells:blockstates/wide_brass_single_cannon_sliding_breech.json' missing model for variant: 'cbcmoreshells:wide_brass_single_cannon_sliding_breech#axis_along_first=true,facing=north'
[28серп.2026 07:53:43.691] [Worker-Main-18/WARN] [net.minecraft.client.resources.model.BlockStateModelLoader/]: Exception loading blockstate definition: 'cbcmoreshells:blockstates/wide_brass_single_cannon_sliding_breech.json' missing model for variant: 'cbcmoreshells:wide_brass_single_cannon_sliding_breech#axis_along_first=false,facing=up'
[28серп.2026 07:53:43.691] [Worker-Main-18/WARN] [net.minecraft.client.resources.model.BlockStateModelLoader/]: Exception loading blockstate definition: 'cbcmoreshells:blockstates/wide_brass_single_cannon_sliding_breech.json' missing model for variant: 'cbcmoreshells:wide_brass_single_cannon_sliding_breech#axis_along_first=true,facing=east'
[28серп.2026 07:53:43.691] [Worker-Main-18/WARN] [net.minecraft.client.resources.model.BlockStateModelLoader/]: Exception loading blockstate definition: 'cbcmoreshells:blockstates/wide_brass_single_cannon_sliding_breech.json' missing model for variant: 'cbcmoreshells:wide_brass_single_cannon_sliding_breech#axis_along_first=true,facing=down'
[28серп.2026 07:53:43.691] [Worker-Main-18/WARN] [net.minecraft.client.resources.model.BlockStateModelLoader/]: Exception loading blockstate definition: 'cbcmoreshells:blockstates/wide_brass_single_cannon_sliding_breech.json' missing model for variant: 'cbcmoreshells:wide_brass_single_cannon_sliding_breech#axis_along_first=false,facing=south'
[28серп.2026 07:53:43.691] [Worker-Main-18/WARN] [net.minecraft.client.resources.model.BlockStateModelLoader/]: Exception loading blockstate definition: 'cbcmoreshells:blockstates/wide_brass_single_cannon_sliding_breech.json' missing model for variant: 'cbcmoreshells:wide_brass_single_cannon_sliding_breech#axis_along_first=true,facing=up'
[28серп.2026 07:53:43.691] [Worker-Main-18/WARN] [net.minecraft.client.resources.model.BlockStateModelLoader/]: Exception loading blockstate definition: 'cbcmoreshells:blockstates/wide_brass_single_cannon_sliding_breech.json' missing model for variant: 'cbcmoreshells:wide_brass_single_cannon_sliding_breech#axis_along_first=false,facing=north'
[28серп.2026 07:53:43.691] [Worker-Main-18/WARN] [net.minecraft.client.resources.model.BlockStateModelLoader/]: Exception loading blockstate definition: 'cbcmoreshells:blockstates/wide_brass_single_cannon_sliding_breech.json' missing model for variant: 'cbcmoreshells:wide_brass_single_cannon_sliding_breech#axis_along_first=false,facing=east'
[28серп.2026 07:53:43.691] [Worker-Main-18/WARN] [net.minecraft.client.resources.model.BlockStateModelLoader/]: Exception loading blockstate definition: 'cbcmoreshells:blockstates/large_brass_single_cannon_chamber_shielded.json' missing model for variant: 'cbcmoreshells:large_brass_single_cannon_chamber_shielded#facing=up'
[28серп.2026 07:53:43.691] [Worker-Main-18/WARN] [net.minecraft.client.resources.model.BlockStateModelLoader/]: Exception loading blockstate definition: 'cbcmoreshells:blockstates/large_brass_single_cannon_chamber_shielded.json' missing model for variant: 'cbcmoreshells:large_brass_single_cannon_chamber_shielded#facing=south'
[28серп.2026 07:53:43.691] [Worker-Main-18/WARN] [net.minecraft.client.resources.model.BlockStateModelLoader/]: Exception loading blockstate definition: 'cbcmoreshells:blockstates/large_brass_single_cannon_chamber_shielded.json' missing model for variant: 'cbcmoreshells:large_brass_single_cannon_chamber_shielded#facing=down'
[28серп.2026 07:53:43.691] [Worker-Main-18/WARN] [net.minecraft.client.resources.model.BlockStateModelLoader/]: Exception loading blockstate definition: 'cbcmoreshells:blockstates/large_brass_single_cannon_chamber_shielded.json' missing model for variant: 'cbcmoreshells:large_brass_single_cannon_chamber_shielded#facing=north'
[28серп.2026 07:53:43.691] [Worker-Main-18/WARN] [net.minecraft.client.resources.model.BlockStateModelLoader/]: Exception loading blockstate definition: 'cbcmoreshells:blockstates/large_brass_single_cannon_chamber_shielded.json' missing model for variant: 'cbcmoreshells:large_brass_single_cannon_chamber_shielded#facing=east'
[28серп.2026 07:53:43.691] [Worker-Main-18/WARN] [net.minecraft.client.resources.model.BlockStateModelLoader/]: Exception loading blockstate definition: 'cbcmoreshells:blockstates/large_brass_single_cannon_chamber_shielded.json' missing model for variant: 'cbcmoreshells:large_brass_single_cannon_chamber_shielded#facing=west'
[28серп.2026 07:53:43.691] [Worker-Main-18/WARN] [net.minecraft.client.resources.model.BlockStateModelLoader/]: Exception loading blockstate definition: 'cbcmoreshells:blockstates/large_brass_single_cannon_sliding_breech.json' missing model for variant: 'cbcmoreshells:large_brass_single_cannon_sliding_breech#axis_along_first=true,facing=east'
[28серп.2026 07:53:43.691] [Worker-Main-18/WARN] [net.minecraft.client.resources.model.BlockStateModelLoader/]: Exception loading blockstate definition: 'cbcmoreshells:blockstates/large_brass_single_cannon_sliding_breech.json' missing model for variant: 'cbcmoreshells:large_brass_single_cannon_sliding_breech#axis_along_first=false,facing=north'
[28серп.2026 07:53:43.691] [Worker-Main-18/WARN] [net.minecraft.client.resources.model.BlockStateModelLoader/]: Exception loading blockstate definition: 'cbcmoreshells:blockstates/large_brass_single_cannon_sliding_breech.json' missing model for variant: 'cbcmoreshells:large_brass_single_cannon_sliding_breech#axis_along_first=true,facing=down'
[28серп.2026 07:53:43.691] [Worker-Main-18/WARN] [net.minecraft.client.resources.model.BlockStateModelLoader/]: Exception loading blockstate definition: 'cbcmoreshells:blockstates/large_brass_single_cannon_sliding_breech.json' missing model for variant: 'cbcmoreshells:large_brass_single_cannon_sliding_breech#axis_along_first=false,facing=south'
[28серп.2026 07:53:43.691] [Worker-Main-18/WARN] [net.minecraft.client.resources.model.BlockStateModelLoader/]: Exception loading blockstate definition: 'cbcmoreshells:blockstates/large_brass_single_cannon_sliding_breech.json' missing model for variant: 'cbcmoreshells:large_brass_single_cannon_sliding_breech#axis_along_first=true,facing=up'
[28серп.2026 07:53:43.691] [Worker-Main-18/WARN] [net.minecraft.client.resources.model.BlockStateModelLoader/]: Exception loading blockstate definition: 'cbcmoreshells:blockstates/large_brass_single_cannon_sliding_breech.json' missing model for variant: 'cbcmoreshells:large_brass_single_cannon_sliding_breech#axis_along_first=false,facing=east'
[28серп.2026 07:53:43.691] [Worker-Main-18/WARN] [net.minecraft.client.resources.model.BlockStateModelLoader/]: Exception loading blockstate definition: 'cbcmoreshells:blockstates/large_brass_single_cannon_sliding_breech.json' missing model for variant: 'cbcmoreshells:large_brass_single_cannon_sliding_breech#axis_along_first=false,facing=west'
[28серп.2026 07:53:43.691] [Worker-Main-18/WARN] [net.minecraft.client.resources.model.BlockStateModelLoader/]: Exception loading blockstate definition: 'cbcmoreshells:blockstates/large_brass_single_cannon_sliding_breech.json' missing model for variant: 'cbcmoreshells:large_brass_single_cannon_sliding_breech#axis_along_first=true,facing=west'
[28серп.2026 07:53:43.692] [Worker-Main-18/WARN] [net.minecraft.client.resources.model.BlockStateModelLoader/]: Exception loading blockstate definition: 'cbcmoreshells:blockstates/large_brass_single_cannon_sliding_breech.json' missing model for variant: 'cbcmoreshells:large_brass_single_cannon_sliding_breech#axis_along_first=false,facing=down'
[28серп.2026 07:53:43.692] [Worker-Main-18/WARN] [net.minecraft.client.resources.model.BlockStateModelLoader/]: Exception loading blockstate definition: 'cbcmoreshells:blockstates/large_brass_single_cannon_sliding_breech.json' missing model for variant: 'cbcmoreshells:large_brass_single_cannon_sliding_breech#axis_along_first=true,facing=south'
[28серп.2026 07:53:43.692] [Worker-Main-18/WARN] [net.minecraft.client.resources.model.BlockStateModelLoader/]: Exception loading blockstate definition: 'cbcmoreshells:blockstates/large_brass_single_cannon_sliding_breech.json' missing model for variant: 'cbcmoreshells:large_brass_single_cannon_sliding_breech#axis_along_first=true,facing=north'
[28серп.2026 07:53:43.692] [Worker-Main-18/WARN] [net.minecraft.client.resources.model.BlockStateModelLoader/]: Exception loading blockstate definition: 'cbcmoreshells:blockstates/large_brass_single_cannon_sliding_breech.json' missing model for variant: 'cbcmoreshells:large_brass_single_cannon_sliding_breech#axis_along_first=false,facing=up'
[28серп.2026 07:53:43.692] [Worker-Main-18/WARN] [net.minecraft.client.resources.model.BlockStateModelLoader/]: Exception loading blockstate definition: 'cbcmoreshells:blockstates/rosequartz_brass_dual_cannon_sliding_breech.json' missing model for variant: 'cbcmoreshells:rosequartz_brass_dual_cannon_sliding_breech#axis_along_first=true,facing=south'
[28серп.2026 07:53:43.692] [Worker-Main-18/WARN] [net.minecraft.client.resources.model.BlockStateModelLoader/]: Exception loading blockstate definition: 'cbcmoreshells:blockstates/rosequartz_brass_dual_cannon_sliding_breech.json' missing model for variant: 'cbcmoreshells:rosequartz_brass_dual_cannon_sliding_breech#axis_along_first=false,facing=west'
[28серп.2026 07:53:43.692] [Worker-Main-18/WARN] [net.minecraft.client.resources.model.BlockStateModelLoader/]: Exception loading blockstate definition: 'cbcmoreshells:blockstates/rosequartz_brass_dual_cannon_sliding_breech.json' missing model for variant: 'cbcmoreshells:rosequartz_brass_dual_cannon_sliding_breech#axis_along_first=true,facing=west'
[28серп.2026 07:53:43.692] [Worker-Main-18/WARN] [net.minecraft.client.resources.model.BlockStateModelLoader/]: Exception loading blockstate definition: 'cbcmoreshells:blockstates/rosequartz_brass_dual_cannon_sliding_breech.json' missing model for variant: 'cbcmoreshells:rosequartz_brass_dual_cannon_sliding_breech#axis_along_first=true,facing=up'
[28серп.2026 07:53:43.692] [Worker-Main-18/WARN] [net.minecraft.client.resources.model.BlockStateModelLoader/]: Exception loading blockstate definition: 'cbcmoreshells:blockstates/rosequartz_brass_dual_cannon_sliding_breech.json' missing model for variant: 'cbcmoreshells:rosequartz_brass_dual_cannon_sliding_breech#axis_along_first=true,facing=down'
[28серп.2026 07:53:43.692] [Worker-Main-18/WARN] [net.minecraft.client.resources.model.BlockStateModelLoader/]: Exception loading blockstate definition: 'cbcmoreshells:blockstates/rosequartz_brass_dual_cannon_sliding_breech.json' missing model for variant: 'cbcmoreshells:rosequartz_brass_dual_cannon_sliding_breech#axis_along_first=false,facing=south'
[28серп.2026 07:53:43.692] [Worker-Main-18/WARN] [net.minecraft.client.resources.model.BlockStateModelLoader/]: Exception loading blockstate definition: 'cbcmoreshells:blockstates/rosequartz_brass_dual_cannon_sliding_breech.json' missing model for variant: 'cbcmoreshells:rosequartz_brass_dual_cannon_sliding_breech#axis_along_first=false,facing=north'
[28серп.2026 07:53:43.692] [Worker-Main-18/WARN] [net.minecraft.client.resources.model.BlockStateModelLoader/]: Exception loading blockstate definition: 'cbcmoreshells:blockstates/rosequartz_brass_dual_cannon_sliding_breech.json' missing model for variant: 'cbcmoreshells:rosequartz_brass_dual_cannon_sliding_breech#axis_along_first=false,facing=east'
[28серп.2026 07:53:43.692] [Worker-Main-18/WARN] [net.minecraft.client.resources.model.BlockStateModelLoader/]: Exception loading blockstate definition: 'cbcmoreshells:blockstates/rosequartz_brass_dual_cannon_sliding_breech.json' missing model for variant: 'cbcmoreshells:rosequartz_brass_dual_cannon_sliding_breech#axis_along_first=false,facing=up'
[28серп.2026 07:53:43.693] [Worker-Main-18/WARN] [net.minecraft.client.resources.model.BlockStateModelLoader/]: Exception loading blockstate definition: 'cbcmoreshells:blockstates/rosequartz_brass_dual_cannon_sliding_breech.json' missing model for variant: 'cbcmoreshells:rosequartz_brass_dual_cannon_sliding_breech#axis_along_first=false,facing=down'
[28серп.2026 07:53:43.693] [Worker-Main-18/WARN] [net.minecraft.client.resources.model.BlockStateModelLoader/]: Exception loading blockstate definition: 'cbcmoreshells:blockstates/rosequartz_brass_dual_cannon_sliding_breech.json' missing model for variant: 'cbcmoreshells:rosequartz_brass_dual_cannon_sliding_breech#axis_along_first=true,facing=east'
[28серп.2026 07:53:43.693] [Worker-Main-18/WARN] [net.minecraft.client.resources.model.BlockStateModelLoader/]: Exception loading blockstate definition: 'cbcmoreshells:blockstates/rosequartz_brass_dual_cannon_sliding_breech.json' missing model for variant: 'cbcmoreshells:rosequartz_brass_dual_cannon_sliding_breech#axis_along_first=true,facing=north'
[28серп.2026 07:53:43.693] [Worker-Main-18/WARN] [net.minecraft.client.resources.model.BlockStateModelLoader/]: Exception loading blockstate definition: 'cbcmoreshells:blockstates/wide_rosequartz_brass_dual_cannon_sliding_breech.json' missing model for variant: 'cbcmoreshells:wide_rosequartz_brass_dual_cannon_sliding_breech#axis_along_first=true,facing=south'
[28серп.2026 07:53:43.693] [Worker-Main-18/WARN] [net.minecraft.client.resources.model.BlockStateModelLoader/]: Exception loading blockstate definition: 'cbcmoreshells:blockstates/wide_rosequartz_brass_dual_cannon_sliding_breech.json' missing model for variant: 'cbcmoreshells:wide_rosequartz_brass_dual_cannon_sliding_breech#axis_along_first=false,facing=north'
[28серп.2026 07:53:43.693] [Worker-Main-18/WARN] [net.minecraft.client.resources.model.BlockStateModelLoader/]: Exception loading blockstate definition: 'cbcmoreshells:blockstates/wide_rosequartz_brass_dual_cannon_sliding_breech.json' missing model for variant: 'cbcmoreshells:wide_rosequartz_brass_dual_cannon_sliding_breech#axis_along_first=true,facing=west'
[28серп.2026 07:53:43.693] [Worker-Main-18/WARN] [net.minecraft.client.resources.model.BlockStateModelLoader/]: Exception loading blockstate definition: 'cbcmoreshells:blockstates/wide_rosequartz_brass_dual_cannon_sliding_breech.json' missing model for variant: 'cbcmoreshells:wide_rosequartz_brass_dual_cannon_sliding_breech#axis_along_first=false,facing=west'
[28серп.2026 07:53:43.693] [Worker-Main-18/WARN] [net.minecraft.client.resources.model.BlockStateModelLoader/]: Exception loading blockstate definition: 'cbcmoreshells:blockstates/wide_rosequartz_brass_dual_cannon_sliding_breech.json' missing model for variant: 'cbcmoreshells:wide_rosequartz_brass_dual_cannon_sliding_breech#axis_along_first=true,facing=east'
[28серп.2026 07:53:43.693] [Worker-Main-18/WARN] [net.minecraft.client.resources.model.BlockStateModelLoader/]: Exception loading blockstate definition: 'cbcmoreshells:blockstates/wide_rosequartz_brass_dual_cannon_sliding_breech.json' missing model for variant: 'cbcmoreshells:wide_rosequartz_brass_dual_cannon_sliding_breech#axis_along_first=true,facing=north'
[28серп.2026 07:53:43.693] [Worker-Main-18/WARN] [net.minecraft.client.resources.model.BlockStateModelLoader/]: Exception loading blockstate definition: 'cbcmoreshells:blockstates/wide_rosequartz_brass_dual_cannon_sliding_breech.json' missing model for variant: 'cbcmoreshells:wide_rosequartz_brass_dual_cannon_sliding_breech#axis_along_first=true,facing=up'
[28серп.2026 07:53:43.693] [Worker-Main-18/WARN] [net.minecraft.client.resources.model.BlockStateModelLoader/]: Exception loading blockstate definition: 'cbcmoreshells:blockstates/wide_rosequartz_brass_dual_cannon_sliding_breech.json' missing model for variant: 'cbcmoreshells:wide_rosequartz_brass_dual_cannon_sliding_breech#axis_along_first=false,facing=up'
[28серп.2026 07:53:43.693] [Worker-Main-18/WARN] [net.minecraft.client.resources.model.BlockStateModelLoader/]: Exception loading blockstate definition: 'cbcmoreshells:blockstates/wide_rosequartz_brass_dual_cannon_sliding_breech.json' missing model for variant: 'cbcmoreshells:wide_rosequartz_brass_dual_cannon_sliding_breech#axis_along_first=false,facing=down'
[28серп.2026 07:53:43.693] [Worker-Main-18/WARN] [net.minecraft.client.resources.model.BlockStateModelLoader/]: Exception loading blockstate definition: 'cbcmoreshells:blockstates/wide_rosequartz_brass_dual_cannon_sliding_breech.json' missing model for variant: 'cbcmoreshells:wide_rosequartz_brass_dual_cannon_sliding_breech#axis_along_first=false,facing=east'
[28серп.2026 07:53:43.693] [Worker-Main-18/WARN] [net.minecraft.client.resources.model.BlockStateModelLoader/]: Exception loading blockstate definition: 'cbcmoreshells:blockstates/wide_rosequartz_brass_dual_cannon_sliding_breech.json' missing model for variant: 'cbcmoreshells:wide_rosequartz_brass_dual_cannon_sliding_breech#axis_along_first=true,facing=down'
[28серп.2026 07:53:43.693] [Worker-Main-18/WARN] [net.minecraft.client.resources.model.BlockStateModelLoader/]: Exception loading blockstate definition: 'cbcmoreshells:blockstates/wide_rosequartz_brass_dual_cannon_sliding_breech.json' missing model for variant: 'cbcmoreshells:wide_rosequartz_brass_dual_cannon_sliding_breech#axis_along_first=false,facing=south'
[28серп.2026 07:53:43.693] [Worker-Main-18/WARN] [net.minecraft.client.resources.model.BlockStateModelLoader/]: Exception loading blockstate definition: 'cbcmoreshells:blockstates/tough_steel_dual_cannon_sliding_breech.json' missing model for variant: 'cbcmoreshells:tough_steel_dual_cannon_sliding_breech#axis_along_first=true,facing=west'
[28серп.2026 07:53:43.693] [Worker-Main-18/WARN] [net.minecraft.client.resources.model.BlockStateModelLoader/]: Exception loading blockstate definition: 'cbcmoreshells:blockstates/tough_steel_dual_cannon_sliding_breech.json' missing model for variant: 'cbcmoreshells:tough_steel_dual_cannon_sliding_breech#axis_along_first=false,facing=west'
[28серп.2026 07:53:43.693] [Worker-Main-18/WARN] [net.minecraft.client.resources.model.BlockStateModelLoader/]: Exception loading blockstate definition: 'cbcmoreshells:blockstates/tough_steel_dual_cannon_sliding_breech.json' missing model for variant: 'cbcmoreshells:tough_steel_dual_cannon_sliding_breech#axis_along_first=true,facing=north'
[28серп.2026 07:53:43.693] [Worker-Main-18/WARN] [net.minecraft.client.resources.model.BlockStateModelLoader/]: Exception loading blockstate definition: 'cbcmoreshells:blockstates/tough_steel_dual_cannon_sliding_breech.json' missing model for variant: 'cbcmoreshells:tough_steel_dual_cannon_sliding_breech#axis_along_first=false,facing=north'
[28серп.2026 07:53:43.693] [Worker-Main-18/WARN] [net.minecraft.client.resources.model.BlockStateModelLoader/]: Exception loading blockstate definition: 'cbcmoreshells:blockstates/tough_steel_dual_cannon_sliding_breech.json' missing model for variant: 'cbcmoreshells:tough_steel_dual_cannon_sliding_breech#axis_along_first=true,facing=down'
[28серп.2026 07:53:43.693] [Worker-Main-18/WARN] [net.minecraft.client.resources.model.BlockStateModelLoader/]: Exception loading blockstate definition: 'cbcmoreshells:blockstates/tough_steel_dual_cannon_sliding_breech.json' missing model for variant: 'cbcmoreshells:tough_steel_dual_cannon_sliding_breech#axis_along_first=false,facing=south'
[28серп.2026 07:53:43.693] [Worker-Main-18/WARN] [net.minecraft.client.resources.model.BlockStateModelLoader/]: Exception loading blockstate definition: 'cbcmoreshells:blockstates/tough_steel_dual_cannon_sliding_breech.json' missing model for variant: 'cbcmoreshells:tough_steel_dual_cannon_sliding_breech#axis_along_first=true,facing=east'
[28серп.2026 07:53:43.693] [Worker-Main-18/WARN] [net.minecraft.client.resources.model.BlockStateModelLoader/]: Exception loading blockstate definition: 'cbcmoreshells:blockstates/tough_steel_dual_cannon_sliding_breech.json' missing model for variant: 'cbcmoreshells:tough_steel_dual_cannon_sliding_breech#axis_along_first=false,facing=up'
[28серп.2026 07:53:43.693] [Worker-Main-18/WARN] [net.minecraft.client.resources.model.BlockStateModelLoader/]: Exception loading blockstate definition: 'cbcmoreshells:blockstates/tough_steel_dual_cannon_sliding_breech.json' missing model for variant: 'cbcmoreshells:tough_steel_dual_cannon_sliding_breech#axis_along_first=false,facing=east'
[28серп.2026 07:53:43.693] [Worker-Main-18/WARN] [net.minecraft.client.resources.model.BlockStateModelLoader/]: Exception loading blockstate definition: 'cbcmoreshells:blockstates/tough_steel_dual_cannon_sliding_breech.json' missing model for variant: 'cbcmoreshells:tough_steel_dual_cannon_sliding_breech#axis_along_first=true,facing=up'
[28серп.2026 07:53:43.693] [Worker-Main-18/WARN] [net.minecraft.client.resources.model.BlockStateModelLoader/]: Exception loading blockstate definition: 'cbcmoreshells:blockstates/tough_steel_dual_cannon_sliding_breech.json' missing model for variant: 'cbcmoreshells:tough_steel_dual_cannon_sliding_breech#axis_along_first=false,facing=down'
[28серп.2026 07:53:43.693] [Worker-Main-18/WARN] [net.minecraft.client.resources.model.BlockStateModelLoader/]: Exception loading blockstate definition: 'cbcmoreshells:blockstates/tough_steel_dual_cannon_sliding_breech.json' missing model for variant: 'cbcmoreshells:tough_steel_dual_cannon_sliding_breech#axis_along_first=true,facing=south'
[28серп.2026 07:53:43.693] [Worker-Main-18/WARN] [net.minecraft.client.resources.model.BlockStateModelLoader/]: Exception loading blockstate definition: 'cbcmoreshells:blockstates/wide_tough_steel_dual_cannon_sliding_breech.json' missing model for variant: 'cbcmoreshells:wide_tough_steel_dual_cannon_sliding_breech#axis_along_first=true,facing=up'
[28серп.2026 07:53:43.693] [Worker-Main-18/WARN] [net.minecraft.client.resources.model.BlockStateModelLoader/]: Exception loading blockstate definition: 'cbcmoreshells:blockstates/wide_tough_steel_dual_cannon_sliding_breech.json' missing model for variant: 'cbcmoreshells:wide_tough_steel_dual_cannon_sliding_breech#axis_along_first=false,facing=west'
[28серп.2026 07:53:43.693] [Worker-Main-18/WARN] [net.minecraft.client.resources.model.BlockStateModelLoader/]: Exception loading blockstate definition: 'cbcmoreshells:blockstates/wide_tough_steel_dual_cannon_sliding_breech.json' missing model for variant: 'cbcmoreshells:wide_tough_steel_dual_cannon_sliding_breech#axis_along_first=true,facing=north'
[28серп.2026 07:53:43.694] [Worker-Main-18/WARN] [net.minecraft.client.resources.model.BlockStateModelLoader/]: Exception loading blockstate definition: 'cbcmoreshells:blockstates/wide_tough_steel_dual_cannon_sliding_breech.json' missing model for variant: 'cbcmoreshells:wide_tough_steel_dual_cannon_sliding_breech#axis_along_first=true,facing=west'
[28серп.2026 07:53:43.694] [Worker-Main-18/WARN] [net.minecraft.client.resources.model.BlockStateModelLoader/]: Exception loading blockstate definition: 'cbcmoreshells:blockstates/wide_tough_steel_dual_cannon_sliding_breech.json' missing model for variant: 'cbcmoreshells:wide_tough_steel_dual_cannon_sliding_breech#axis_along_first=false,facing=up'
[28серп.2026 07:53:43.694] [Worker-Main-18/WARN] [net.minecraft.client.resources.model.BlockStateModelLoader/]: Exception loading blockstate definition: 'cbcmoreshells:blockstates/wide_tough_steel_dual_cannon_sliding_breech.json' missing model for variant: 'cbcmoreshells:wide_tough_steel_dual_cannon_sliding_breech#axis_along_first=false,facing=down'
[28серп.2026 07:53:43.694] [Worker-Main-18/WARN] [net.minecraft.client.resources.model.BlockStateModelLoader/]: Exception loading blockstate definition: 'cbcmoreshells:blockstates/wide_tough_steel_dual_cannon_sliding_breech.json' missing model for variant: 'cbcmoreshells:wide_tough_steel_dual_cannon_sliding_breech#axis_along_first=true,facing=south'
[28серп.2026 07:53:43.694] [Worker-Main-18/WARN] [net.minecraft.client.resources.model.BlockStateModelLoader/]: Exception loading blockstate definition: 'cbcmoreshells:blockstates/wide_tough_steel_dual_cannon_sliding_breech.json' missing model for variant: 'cbcmoreshells:wide_tough_steel_dual_cannon_sliding_breech#axis_along_first=false,facing=east'
[28серп.2026 07:53:43.694] [Worker-Main-18/WARN] [net.minecraft.client.resources.model.BlockStateModelLoader/]: Exception loading blockstate definition: 'cbcmoreshells:blockstates/wide_tough_steel_dual_cannon_sliding_breech.json' missing model for variant: 'cbcmoreshells:wide_tough_steel_dual_cannon_sliding_breech#axis_along_first=true,facing=east'
[28серп.2026 07:53:43.694] [Worker-Main-18/WARN] [net.minecraft.client.resources.model.BlockStateModelLoader/]: Exception loading blockstate definition: 'cbcmoreshells:blockstates/wide_tough_steel_dual_cannon_sliding_breech.json' missing model for variant: 'cbcmoreshells:wide_tough_steel_dual_cannon_sliding_breech#axis_along_first=false,facing=north'
[28серп.2026 07:53:43.694] [Worker-Main-18/WARN] [net.minecraft.client.resources.model.BlockStateModelLoader/]: Exception loading blockstate definition: 'cbcmoreshells:blockstates/wide_tough_steel_dual_cannon_sliding_breech.json' missing model for variant: 'cbcmoreshells:wide_tough_steel_dual_cannon_sliding_breech#axis_along_first=true,facing=down'
[28серп.2026 07:53:43.694] [Worker-Main-18/WARN] [net.minecraft.client.resources.model.BlockStateModelLoader/]: Exception loading blockstate definition: 'cbcmoreshells:blockstates/wide_tough_steel_dual_cannon_sliding_breech.json' missing model for variant: 'cbcmoreshells:wide_tough_steel_dual_cannon_sliding_breech#axis_along_first=false,facing=south'
[28серп.2026 07:53:43.694] [Worker-Main-18/WARN] [net.minecraft.client.resources.model.BlockStateModelLoader/]: Exception loading blockstate definition: 'cbcmoreshells:blockstates/wide_tough_steel_single_cannon_sliding_breech.json' missing model for variant: 'cbcmoreshells:wide_tough_steel_single_cannon_sliding_breech#axis_along_first=false,facing=east'
[28серп.2026 07:53:43.694] [Worker-Main-18/WARN] [net.minecraft.client.resources.model.BlockStateModelLoader/]: Exception loading blockstate definition: 'cbcmoreshells:blockstates/wide_tough_steel_single_cannon_sliding_breech.json' missing model for variant: 'cbcmoreshells:wide_tough_steel_single_cannon_sliding_breech#axis_along_first=true,facing=east'
[28серп.2026 07:53:43.694] [Worker-Main-18/WARN] [net.minecraft.client.resources.model.BlockStateModelLoader/]: Exception loading blockstate definition: 'cbcmoreshells:blockstates/wide_tough_steel_single_cannon_sliding_breech.json' missing model for variant: 'cbcmoreshells:wide_tough_steel_single_cannon_sliding_breech#axis_along_first=true,facing=north'
[28серп.2026 07:53:43.694] [Worker-Main-18/WARN] [net.minecraft.client.resources.model.BlockStateModelLoader/]: Exception loading blockstate definition: 'cbcmoreshells:blockstates/wide_tough_steel_single_cannon_sliding_breech.json' missing model for variant: 'cbcmoreshells:wide_tough_steel_single_cannon_sliding_breech#axis_along_first=true,facing=west'
[28серп.2026 07:53:43.694] [Worker-Main-18/WARN] [net.minecraft.client.resources.model.BlockStateModelLoader/]: Exception loading blockstate definition: 'cbcmoreshells:blockstates/wide_tough_steel_single_cannon_sliding_breech.json' missing model for variant: 'cbcmoreshells:wide_tough_steel_single_cannon_sliding_breech#axis_along_first=false,facing=up'
[28серп.2026 07:53:43.694] [Worker-Main-18/WARN] [net.minecraft.client.resources.model.BlockStateModelLoader/]: Exception loading blockstate definition: 'cbcmoreshells:blockstates/wide_tough_steel_single_cannon_sliding_breech.json' missing model for variant: 'cbcmoreshells:wide_tough_steel_single_cannon_sliding_breech#axis_along_first=false,facing=down'
[28серп.2026 07:53:43.694] [Worker-Main-18/WARN] [net.minecraft.client.resources.model.BlockStateModelLoader/]: Exception loading blockstate definition: 'cbcmoreshells:blockstates/wide_tough_steel_single_cannon_sliding_breech.json' missing model for variant: 'cbcmoreshells:wide_tough_steel_single_cannon_sliding_breech#axis_along_first=true,facing=south'
[28серп.2026 07:53:43.694] [Worker-Main-18/WARN] [net.minecraft.client.resources.model.BlockStateModelLoader/]: Exception loading blockstate definition: 'cbcmoreshells:blockstates/wide_tough_steel_single_cannon_sliding_breech.json' missing model for variant: 'cbcmoreshells:wide_tough_steel_single_cannon_sliding_breech#axis_along_first=true,facing=up'
[28серп.2026 07:53:43.694] [Worker-Main-18/WARN] [net.minecraft.client.resources.model.BlockStateModelLoader/]: Exception loading blockstate definition: 'cbcmoreshells:blockstates/wide_tough_steel_single_cannon_sliding_breech.json' missing model for variant: 'cbcmoreshells:wide_tough_steel_single_cannon_sliding_breech#axis_along_first=false,facing=west'
[28серп.2026 07:53:43.694] [Worker-Main-18/WARN] [net.minecraft.client.resources.model.BlockStateModelLoader/]: Exception loading blockstate definition: 'cbcmoreshells:blockstates/wide_tough_steel_single_cannon_sliding_breech.json' missing model for variant: 'cbcmoreshells:wide_tough_steel_single_cannon_sliding_breech#axis_along_first=false,facing=north'
[28серп.2026 07:53:43.694] [Worker-Main-18/WARN] [net.minecraft.client.resources.model.BlockStateModelLoader/]: Exception loading blockstate definition: 'cbcmoreshells:blockstates/wide_tough_steel_single_cannon_sliding_breech.json' missing model for variant: 'cbcmoreshells:wide_tough_steel_single_cannon_sliding_breech#axis_along_first=true,facing=down'
[28серп.2026 07:53:43.694] [Worker-Main-18/WARN] [net.minecraft.client.resources.model.BlockStateModelLoader/]: Exception loading blockstate definition: 'cbcmoreshells:blockstates/wide_tough_steel_single_cannon_sliding_breech.json' missing model for variant: 'cbcmoreshells:wide_tough_steel_single_cannon_sliding_breech#axis_along_first=false,facing=south'
[28серп.2026 07:53:43.694] [Worker-Main-18/WARN] [net.minecraft.client.resources.model.BlockStateModelLoader/]: Exception loading blockstate definition: 'cbcmoreshells:blockstates/nether_steel_dual_cannon_sliding_breech.json' missing model for variant: 'cbcmoreshells:nether_steel_dual_cannon_sliding_breech#axis_along_first=true,facing=south'
[28серп.2026 07:53:43.694] [Worker-Main-18/WARN] [net.minecraft.client.resources.model.BlockStateModelLoader/]: Exception loading blockstate definition: 'cbcmoreshells:blockstates/nether_steel_dual_cannon_sliding_breech.json' missing model for variant: 'cbcmoreshells:nether_steel_dual_cannon_sliding_breech#axis_along_first=false,facing=north'
[28серп.2026 07:53:43.694] [Worker-Main-18/WARN] [net.minecraft.client.resources.model.BlockStateModelLoader/]: Exception loading blockstate definition: 'cbcmoreshells:blockstates/nether_steel_dual_cannon_sliding_breech.json' missing model for variant: 'cbcmoreshells:nether_steel_dual_cannon_sliding_breech#axis_along_first=true,facing=west'
[28серп.2026 07:53:43.694] [Worker-Main-18/WARN] [net.minecraft.client.resources.model.BlockStateModelLoader/]: Exception loading blockstate definition: 'cbcmoreshells:blockstates/nether_steel_dual_cannon_sliding_breech.json' missing model for variant: 'cbcmoreshells:nether_steel_dual_cannon_sliding_breech#axis_along_first=false,facing=west'
[28серп.2026 07:53:43.694] [Worker-Main-18/WARN] [net.minecraft.client.resources.model.BlockStateModelLoader/]: Exception loading blockstate definition: 'cbcmoreshells:blockstates/nether_steel_dual_cannon_sliding_breech.json' missing model for variant: 'cbcmoreshells:nether_steel_dual_cannon_sliding_breech#axis_along_first=false,facing=east'
[28серп.2026 07:53:43.694] [Worker-Main-18/WARN] [net.minecraft.client.resources.model.BlockStateModelLoader/]: Exception loading blockstate definition: 'cbcmoreshells:blockstates/nether_steel_dual_cannon_sliding_breech.json' missing model for variant: 'cbcmoreshells:nether_steel_dual_cannon_sliding_breech#axis_along_first=true,facing=up'
[28серп.2026 07:53:43.694] [Worker-Main-18/WARN] [net.minecraft.client.resources.model.BlockStateModelLoader/]: Exception loading blockstate definition: 'cbcmoreshells:blockstates/nether_steel_dual_cannon_sliding_breech.json' missing model for variant: 'cbcmoreshells:nether_steel_dual_cannon_sliding_breech#axis_along_first=false,facing=south'
[28серп.2026 07:53:43.694] [Worker-Main-18/WARN] [net.minecraft.client.resources.model.BlockStateModelLoader/]: Exception loading blockstate definition: 'cbcmoreshells:blockstates/nether_steel_dual_cannon_sliding_breech.json' missing model for variant: 'cbcmoreshells:nether_steel_dual_cannon_sliding_breech#axis_along_first=true,facing=down'
[28серп.2026 07:53:43.694] [Worker-Main-18/WARN] [net.minecraft.client.resources.model.BlockStateModelLoader/]: Exception loading blockstate definition: 'cbcmoreshells:blockstates/nether_steel_dual_cannon_sliding_breech.json' missing model for variant: 'cbcmoreshells:nether_steel_dual_cannon_sliding_breech#axis_along_first=false,facing=up'
[28серп.2026 07:53:43.694] [Worker-Main-18/WARN] [net.minecraft.client.resources.model.BlockStateModelLoader/]: Exception loading blockstate definition: 'cbcmoreshells:blockstates/nether_steel_dual_cannon_sliding_breech.json' missing model for variant: 'cbcmoreshells:nether_steel_dual_cannon_sliding_breech#axis_along_first=false,facing=down'
[28серп.2026 07:53:43.694] [Worker-Main-18/WARN] [net.minecraft.client.resources.model.BlockStateModelLoader/]: Exception loading blockstate definition: 'cbcmoreshells:blockstates/nether_steel_dual_cannon_sliding_breech.json' missing model for variant: 'cbcmoreshells:nether_steel_dual_cannon_sliding_breech#axis_along_first=true,facing=east'
[28серп.2026 07:53:43.694] [Worker-Main-18/WARN] [net.minecraft.client.resources.model.BlockStateModelLoader/]: Exception loading blockstate definition: 'cbcmoreshells:blockstates/nether_steel_dual_cannon_sliding_breech.json' missing model for variant: 'cbcmoreshells:nether_steel_dual_cannon_sliding_breech#axis_along_first=true,facing=north'
[28серп.2026 07:53:43.695] [Worker-Main-18/WARN] [net.minecraft.client.resources.model.BlockStateModelLoader/]: Exception loading blockstate definition: 'cbcmoreshells:blockstates/wide_nether_steel_dual_cannon_sliding_breech.json' missing model for variant: 'cbcmoreshells:wide_nether_steel_dual_cannon_sliding_breech#axis_along_first=true,facing=east'
[28серп.2026 07:53:43.695] [Worker-Main-18/WARN] [net.minecraft.client.resources.model.BlockStateModelLoader/]: Exception loading blockstate definition: 'cbcmoreshells:blockstates/wide_nether_steel_dual_cannon_sliding_breech.json' missing model for variant: 'cbcmoreshells:wide_nether_steel_dual_cannon_sliding_breech#axis_along_first=false,facing=south'
[28серп.2026 07:53:43.695] [Worker-Main-18/WARN] [net.minecraft.client.resources.model.BlockStateModelLoader/]: Exception loading blockstate definition: 'cbcmoreshells:blockstates/wide_nether_steel_dual_cannon_sliding_breech.json' missing model for variant: 'cbcmoreshells:wide_nether_steel_dual_cannon_sliding_breech#axis_along_first=false,facing=north'
[28серп.2026 07:53:43.695] [Worker-Main-18/WARN] [net.minecraft.client.resources.model.BlockStateModelLoader/]: Exception loading blockstate definition: 'cbcmoreshells:blockstates/wide_nether_steel_dual_cannon_sliding_breech.json' missing model for variant: 'cbcmoreshells:wide_nether_steel_dual_cannon_sliding_breech#axis_along_first=false,facing=east'
[28серп.2026 07:53:43.695] [Worker-Main-18/WARN] [net.minecraft.client.resources.model.BlockStateModelLoader/]: Exception loading blockstate definition: 'cbcmoreshells:blockstates/wide_nether_steel_dual_cannon_sliding_breech.json' missing model for variant: 'cbcmoreshells:wide_nether_steel_dual_cannon_sliding_breech#axis_along_first=true,facing=north'
[28серп.2026 07:53:43.695] [Worker-Main-18/WARN] [net.minecraft.client.resources.model.BlockStateModelLoader/]: Exception loading blockstate definition: 'cbcmoreshells:blockstates/wide_nether_steel_dual_cannon_sliding_breech.json' missing model for variant: 'cbcmoreshells:wide_nether_steel_dual_cannon_sliding_breech#axis_along_first=true,facing=south'
[28серп.2026 07:53:43.695] [Worker-Main-18/WARN] [net.minecraft.client.resources.model.BlockStateModelLoader/]: Exception loading blockstate definition: 'cbcmoreshells:blockstates/wide_nether_steel_dual_cannon_sliding_breech.json' missing model for variant: 'cbcmoreshells:wide_nether_steel_dual_cannon_sliding_breech#axis_along_first=true,facing=west'
[28серп.2026 07:53:43.695] [Worker-Main-18/WARN] [net.minecraft.client.resources.model.BlockStateModelLoader/]: Exception loading blockstate definition: 'cbcmoreshells:blockstates/wide_nether_steel_dual_cannon_sliding_breech.json' missing model for variant: 'cbcmoreshells:wide_nether_steel_dual_cannon_sliding_breech#axis_along_first=false,facing=down'
[28серп.2026 07:53:43.695] [Worker-Main-18/WARN] [net.minecraft.client.resources.model.BlockStateModelLoader/]: Exception loading blockstate definition: 'cbcmoreshells:blockstates/wide_nether_steel_dual_cannon_sliding_breech.json' missing model for variant: 'cbcmoreshells:wide_nether_steel_dual_cannon_sliding_breech#axis_along_first=true,facing=down'
[28серп.2026 07:53:43.695] [Worker-Main-18/WARN] [net.minecraft.client.resources.model.BlockStateModelLoader/]: Exception loading blockstate definition: 'cbcmoreshells:blockstates/wide_nether_steel_dual_cannon_sliding_breech.json' missing model for variant: 'cbcmoreshells:wide_nether_steel_dual_cannon_sliding_breech#axis_along_first=true,facing=up'
[28серп.2026 07:53:43.695] [Worker-Main-18/WARN] [net.minecraft.client.resources.model.BlockStateModelLoader/]: Exception loading blockstate definition: 'cbcmoreshells:blockstates/wide_nether_steel_dual_cannon_sliding_breech.json' missing model for variant: 'cbcmoreshells:wide_nether_steel_dual_cannon_sliding_breech#axis_along_first=false,facing=up'
[28серп.2026 07:53:43.695] [Worker-Main-18/WARN] [net.minecraft.client.resources.model.BlockStateModelLoader/]: Exception loading blockstate definition: 'cbcmoreshells:blockstates/wide_nether_steel_dual_cannon_sliding_breech.json' missing model for variant: 'cbcmoreshells:wide_nether_steel_dual_cannon_sliding_breech#axis_along_first=false,facing=west'
[28серп.2026 07:53:43.696] [Worker-Main-18/WARN] [net.minecraft.client.resources.model.BlockStateModelLoader/]: Exception loading blockstate definition: 'cbcmoreshells:blockstates/military_slate_alloy_dual_cannon_sliding_breech.json' missing model for variant: 'cbcmoreshells:military_slate_alloy_dual_cannon_sliding_breech#axis_along_first=true,facing=east'
[28серп.2026 07:53:43.696] [Worker-Main-18/WARN] [net.minecraft.client.resources.model.BlockStateModelLoader/]: Exception loading blockstate definition: 'cbcmoreshells:blockstates/military_slate_alloy_dual_cannon_sliding_breech.json' missing model for variant: 'cbcmoreshells:military_slate_alloy_dual_cannon_sliding_breech#axis_along_first=false,facing=north'
[28серп.2026 07:53:43.696] [Worker-Main-18/WARN] [net.minecraft.client.resources.model.BlockStateModelLoader/]: Exception loading blockstate definition: 'cbcmoreshells:blockstates/military_slate_alloy_dual_cannon_sliding_breech.json' missing model for variant: 'cbcmoreshells:military_slate_alloy_dual_cannon_sliding_breech#axis_along_first=false,facing=east'
[28серп.2026 07:53:43.696] [Worker-Main-18/WARN] [net.minecraft.client.resources.model.BlockStateModelLoader/]: Exception loading blockstate definition: 'cbcmoreshells:blockstates/military_slate_alloy_dual_cannon_sliding_breech.json' missing model for variant: 'cbcmoreshells:military_slate_alloy_dual_cannon_sliding_breech#axis_along_first=true,facing=down'
[28серп.2026 07:53:43.696] [Worker-Main-18/WARN] [net.minecraft.client.resources.model.BlockStateModelLoader/]: Exception loading blockstate definition: 'cbcmoreshells:blockstates/military_slate_alloy_dual_cannon_sliding_breech.json' missing model for variant: 'cbcmoreshells:military_slate_alloy_dual_cannon_sliding_breech#axis_along_first=false,facing=south'
[28серп.2026 07:53:43.696] [Worker-Main-18/WARN] [net.minecraft.client.resources.model.BlockStateModelLoader/]: Exception loading blockstate definition: 'cbcmoreshells:blockstates/military_slate_alloy_dual_cannon_sliding_breech.json' missing model for variant: 'cbcmoreshells:military_slate_alloy_dual_cannon_sliding_breech#axis_along_first=true,facing=up'
[28серп.2026 07:53:43.696] [Worker-Main-18/WARN] [net.minecraft.client.resources.model.BlockStateModelLoader/]: Exception loading blockstate definition: 'cbcmoreshells:blockstates/military_slate_alloy_dual_cannon_sliding_breech.json' missing model for variant: 'cbcmoreshells:military_slate_alloy_dual_cannon_sliding_breech#axis_along_first=false,facing=down'
[28серп.2026 07:53:43.696] [Worker-Main-18/WARN] [net.minecraft.client.resources.model.BlockStateModelLoader/]: Exception loading blockstate definition: 'cbcmoreshells:blockstates/military_slate_alloy_dual_cannon_sliding_breech.json' missing model for variant: 'cbcmoreshells:military_slate_alloy_dual_cannon_sliding_breech#axis_along_first=false,facing=west'
[28серп.2026 07:53:43.696] [Worker-Main-18/WARN] [net.minecraft.client.resources.model.BlockStateModelLoader/]: Exception loading blockstate definition: 'cbcmoreshells:blockstates/military_slate_alloy_dual_cannon_sliding_breech.json' missing model for variant: 'cbcmoreshells:military_slate_alloy_dual_cannon_sliding_breech#axis_along_first=true,facing=north'
[28серп.2026 07:53:43.696] [Worker-Main-18/WARN] [net.minecraft.client.resources.model.BlockStateModelLoader/]: Exception loading blockstate definition: 'cbcmoreshells:blockstates/military_slate_alloy_dual_cannon_sliding_breech.json' missing model for variant: 'cbcmoreshells:military_slate_alloy_dual_cannon_sliding_breech#axis_along_first=true,facing=west'
[28серп.2026 07:53:43.696] [Worker-Main-18/WARN] [net.minecraft.client.resources.model.BlockStateModelLoader/]: Exception loading blockstate definition: 'cbcmoreshells:blockstates/military_slate_alloy_dual_cannon_sliding_breech.json' missing model for variant: 'cbcmoreshells:military_slate_alloy_dual_cannon_sliding_breech#axis_along_first=false,facing=up'
[28серп.2026 07:53:43.696] [Worker-Main-18/WARN] [net.minecraft.client.resources.model.BlockStateModelLoader/]: Exception loading blockstate definition: 'cbcmoreshells:blockstates/military_slate_alloy_dual_cannon_sliding_breech.json' missing model for variant: 'cbcmoreshells:military_slate_alloy_dual_cannon_sliding_breech#axis_along_first=true,facing=south'
[28серп.2026 07:53:43.697] [Worker-Main-18/WARN] [net.minecraft.client.resources.model.BlockStateModelLoader/]: Exception loading blockstate definition: 'cbcmoreshells:blockstates/military_slate_alloy_single_cannon_sliding_breech.json' missing model for variant: 'cbcmoreshells:military_slate_alloy_single_cannon_sliding_breech#axis_along_first=false,facing=up'
[28серп.2026 07:53:43.697] [Worker-Main-18/WARN] [net.minecraft.client.resources.model.BlockStateModelLoader/]: Exception loading blockstate definition: 'cbcmoreshells:blockstates/military_slate_alloy_single_cannon_sliding_breech.json' missing model for variant: 'cbcmoreshells:military_slate_alloy_single_cannon_sliding_breech#axis_along_first=true,facing=down'
[28серп.2026 07:53:43.697] [Worker-Main-18/WARN] [net.minecraft.client.resources.model.BlockStateModelLoader/]: Exception loading blockstate definition: 'cbcmoreshells:blockstates/military_slate_alloy_single_cannon_sliding_breech.json' missing model for variant: 'cbcmoreshells:military_slate_alloy_single_cannon_sliding_breech#axis_along_first=true,facing=up'
[28серп.2026 07:53:43.697] [Worker-Main-18/WARN] [net.minecraft.client.resources.model.BlockStateModelLoader/]: Exception loading blockstate definition: 'cbcmoreshells:blockstates/military_slate_alloy_single_cannon_sliding_breech.json' missing model for variant: 'cbcmoreshells:military_slate_alloy_single_cannon_sliding_breech#axis_along_first=false,facing=east'
[28серп.2026 07:53:43.697] [Worker-Main-18/WARN] [net.minecraft.client.resources.model.BlockStateModelLoader/]: Exception loading blockstate definition: 'cbcmoreshells:blockstates/military_slate_alloy_single_cannon_sliding_breech.json' missing model for variant: 'cbcmoreshells:military_slate_alloy_single_cannon_sliding_breech#axis_along_first=false,facing=down'
[28серп.2026 07:53:43.697] [Worker-Main-18/WARN] [net.minecraft.client.resources.model.BlockStateModelLoader/]: Exception loading blockstate definition: 'cbcmoreshells:blockstates/military_slate_alloy_single_cannon_sliding_breech.json' missing model for variant: 'cbcmoreshells:military_slate_alloy_single_cannon_sliding_breech#axis_along_first=true,facing=north'
[28серп.2026 07:53:43.697] [Worker-Main-18/WARN] [net.minecraft.client.resources.model.BlockStateModelLoader/]: Exception loading blockstate definition: 'cbcmoreshells:blockstates/military_slate_alloy_single_cannon_sliding_breech.json' missing model for variant: 'cbcmoreshells:military_slate_alloy_single_cannon_sliding_breech#axis_along_first=true,facing=west'
[28серп.2026 07:53:43.697] [Worker-Main-18/WARN] [net.minecraft.client.resources.model.BlockStateModelLoader/]: Exception loading blockstate definition: 'cbcmoreshells:blockstates/military_slate_alloy_single_cannon_sliding_breech.json' missing model for variant: 'cbcmoreshells:military_slate_alloy_single_cannon_sliding_breech#axis_along_first=false,facing=north'
[28серп.2026 07:53:43.697] [Worker-Main-18/WARN] [net.minecraft.client.resources.model.BlockStateModelLoader/]: Exception loading blockstate definition: 'cbcmoreshells:blockstates/military_slate_alloy_single_cannon_sliding_breech.json' missing model for variant: 'cbcmoreshells:military_slate_alloy_single_cannon_sliding_breech#axis_along_first=true,facing=south'
[28серп.2026 07:53:43.697] [Worker-Main-18/WARN] [net.minecraft.client.resources.model.BlockStateModelLoader/]: Exception loading blockstate definition: 'cbcmoreshells:blockstates/military_slate_alloy_single_cannon_sliding_breech.json' missing model for variant: 'cbcmoreshells:military_slate_alloy_single_cannon_sliding_breech#axis_along_first=false,facing=south'
[28серп.2026 07:53:43.697] [Worker-Main-18/WARN] [net.minecraft.client.resources.model.BlockStateModelLoader/]: Exception loading blockstate definition: 'cbcmoreshells:blockstates/military_slate_alloy_single_cannon_sliding_breech.json' missing model for variant: 'cbcmoreshells:military_slate_alloy_single_cannon_sliding_breech#axis_along_first=true,facing=east'
[28серп.2026 07:53:43.698] [Worker-Main-18/WARN] [net.minecraft.client.resources.model.BlockStateModelLoader/]: Exception loading blockstate definition: 'cbcmoreshells:blockstates/military_slate_alloy_single_cannon_sliding_breech.json' missing model for variant: 'cbcmoreshells:military_slate_alloy_single_cannon_sliding_breech#axis_along_first=false,facing=west'
[28серп.2026 07:53:43.698] [Worker-Main-18/WARN] [net.minecraft.client.resources.model.BlockStateModelLoader/]: Exception loading blockstate definition: 'cbcmoreshells:blockstates/wide_military_slate_alloy_dual_cannon_sliding_breech.json' missing model for variant: 'cbcmoreshells:wide_military_slate_alloy_dual_cannon_sliding_breech#axis_along_first=false,facing=west'
[28серп.2026 07:53:43.698] [Worker-Main-18/WARN] [net.minecraft.client.resources.model.BlockStateModelLoader/]: Exception loading blockstate definition: 'cbcmoreshells:blockstates/wide_military_slate_alloy_dual_cannon_sliding_breech.json' missing model for variant: 'cbcmoreshells:wide_military_slate_alloy_dual_cannon_sliding_breech#axis_along_first=true,facing=north'
[28серп.2026 07:53:43.698] [Worker-Main-18/WARN] [net.minecraft.client.resources.model.BlockStateModelLoader/]: Exception loading blockstate definition: 'cbcmoreshells:blockstates/wide_military_slate_alloy_dual_cannon_sliding_breech.json' missing model for variant: 'cbcmoreshells:wide_military_slate_alloy_dual_cannon_sliding_breech#axis_along_first=true,facing=up'
[28серп.2026 07:53:43.698] [Worker-Main-18/WARN] [net.minecraft.client.resources.model.BlockStateModelLoader/]: Exception loading blockstate definition: 'cbcmoreshells:blockstates/wide_military_slate_alloy_dual_cannon_sliding_breech.json' missing model for variant: 'cbcmoreshells:wide_military_slate_alloy_dual_cannon_sliding_breech#axis_along_first=false,facing=north'
[28серп.2026 07:53:43.698] [Worker-Main-18/WARN] [net.minecraft.client.resources.model.BlockStateModelLoader/]: Exception loading blockstate definition: 'cbcmoreshells:blockstates/wide_military_slate_alloy_dual_cannon_sliding_breech.json' missing model for variant: 'cbcmoreshells:wide_military_slate_alloy_dual_cannon_sliding_breech#axis_along_first=true,facing=down'
[28серп.2026 07:53:43.698] [Worker-Main-18/WARN] [net.minecraft.client.resources.model.BlockStateModelLoader/]: Exception loading blockstate definition: 'cbcmoreshells:blockstates/wide_military_slate_alloy_dual_cannon_sliding_breech.json' missing model for variant: 'cbcmoreshells:wide_military_slate_alloy_dual_cannon_sliding_breech#axis_along_first=false,facing=south'
[28серп.2026 07:53:43.698] [Worker-Main-18/WARN] [net.minecraft.client.resources.model.BlockStateModelLoader/]: Exception loading blockstate definition: 'cbcmoreshells:blockstates/wide_military_slate_alloy_dual_cannon_sliding_breech.json' missing model for variant: 'cbcmoreshells:wide_military_slate_alloy_dual_cannon_sliding_breech#axis_along_first=true,facing=east'
[28серп.2026 07:53:43.698] [Worker-Main-18/WARN] [net.minecraft.client.resources.model.BlockStateModelLoader/]: Exception loading blockstate definition: 'cbcmoreshells:blockstates/wide_military_slate_alloy_dual_cannon_sliding_breech.json' missing model for variant: 'cbcmoreshells:wide_military_slate_alloy_dual_cannon_sliding_breech#axis_along_first=false,facing=east'
[28серп.2026 07:53:43.698] [Worker-Main-18/WARN] [net.minecraft.client.resources.model.BlockStateModelLoader/]: Exception loading blockstate definition: 'cbcmoreshells:blockstates/wide_military_slate_alloy_dual_cannon_sliding_breech.json' missing model for variant: 'cbcmoreshells:wide_military_slate_alloy_dual_cannon_sliding_breech#axis_along_first=false,facing=up'
[28серп.2026 07:53:43.698] [Worker-Main-18/WARN] [net.minecraft.client.resources.model.BlockStateModelLoader/]: Exception loading blockstate definition: 'cbcmoreshells:blockstates/wide_military_slate_alloy_dual_cannon_sliding_breech.json' missing model for variant: 'cbcmoreshells:wide_military_slate_alloy_dual_cannon_sliding_breech#axis_along_first=true,facing=south'
[28серп.2026 07:53:43.699] [Worker-Main-18/WARN] [net.minecraft.client.resources.model.BlockStateModelLoader/]: Exception loading blockstate definition: 'cbcmoreshells:blockstates/wide_military_slate_alloy_dual_cannon_sliding_breech.json' missing model for variant: 'cbcmoreshells:wide_military_slate_alloy_dual_cannon_sliding_breech#axis_along_first=true,facing=west'
[28серп.2026 07:53:43.699] [Worker-Main-18/WARN] [net.minecraft.client.resources.model.BlockStateModelLoader/]: Exception loading blockstate definition: 'cbcmoreshells:blockstates/wide_military_slate_alloy_dual_cannon_sliding_breech.json' missing model for variant: 'cbcmoreshells:wide_military_slate_alloy_dual_cannon_sliding_breech#axis_along_first=false,facing=down'
[28серп.2026 07:53:43.699] [Worker-Main-18/WARN] [net.minecraft.client.resources.model.BlockStateModelLoader/]: Exception loading blockstate definition: 'cbcmoreshells:blockstates/wide_military_slate_alloy_single_cannon_sliding_breech.json' missing model for variant: 'cbcmoreshells:wide_military_slate_alloy_single_cannon_sliding_breech#axis_along_first=false,facing=up'
[28серп.2026 07:53:43.699] [Worker-Main-18/WARN] [net.minecraft.client.resources.model.BlockStateModelLoader/]: Exception loading blockstate definition: 'cbcmoreshells:blockstates/wide_military_slate_alloy_single_cannon_sliding_breech.json' missing model for variant: 'cbcmoreshells:wide_military_slate_alloy_single_cannon_sliding_breech#axis_along_first=true,facing=down'
[28серп.2026 07:53:43.699] [Worker-Main-18/WARN] [net.minecraft.client.resources.model.BlockStateModelLoader/]: Exception loading blockstate definition: 'cbcmoreshells:blockstates/wide_military_slate_alloy_single_cannon_sliding_breech.json' missing model for variant: 'cbcmoreshells:wide_military_slate_alloy_single_cannon_sliding_breech#axis_along_first=false,facing=down'
[28серп.2026 07:53:43.699] [Worker-Main-18/WARN] [net.minecraft.client.resources.model.BlockStateModelLoader/]: Exception loading blockstate definition: 'cbcmoreshells:blockstates/wide_military_slate_alloy_single_cannon_sliding_breech.json' missing model for variant: 'cbcmoreshells:wide_military_slate_alloy_single_cannon_sliding_breech#axis_along_first=true,facing=east'
[28серп.2026 07:53:43.699] [Worker-Main-18/WARN] [net.minecraft.client.resources.model.BlockStateModelLoader/]: Exception loading blockstate definition: 'cbcmoreshells:blockstates/wide_military_slate_alloy_single_cannon_sliding_breech.json' missing model for variant: 'cbcmoreshells:wide_military_slate_alloy_single_cannon_sliding_breech#axis_along_first=false,facing=west'
[28серп.2026 07:53:43.699] [Worker-Main-18/WARN] [net.minecraft.client.resources.model.BlockStateModelLoader/]: Exception loading blockstate definition: 'cbcmoreshells:blockstates/wide_military_slate_alloy_single_cannon_sliding_breech.json' missing model for variant: 'cbcmoreshells:wide_military_slate_alloy_single_cannon_sliding_breech#axis_along_first=true,facing=south'
[28серп.2026 07:53:43.699] [Worker-Main-18/WARN] [net.minecraft.client.resources.model.BlockStateModelLoader/]: Exception loading blockstate definition: 'cbcmoreshells:blockstates/wide_military_slate_alloy_single_cannon_sliding_breech.json' missing model for variant: 'cbcmoreshells:wide_military_slate_alloy_single_cannon_sliding_breech#axis_along_first=false,facing=north'
[28серп.2026 07:53:43.699] [Worker-Main-18/WARN] [net.minecraft.client.resources.model.BlockStateModelLoader/]: Exception loading blockstate definition: 'cbcmoreshells:blockstates/wide_military_slate_alloy_single_cannon_sliding_breech.json' missing model for variant: 'cbcmoreshells:wide_military_slate_alloy_single_cannon_sliding_breech#axis_along_first=true,facing=north'
[28серп.2026 07:53:43.699] [Worker-Main-18/WARN] [net.minecraft.client.resources.model.BlockStateModelLoader/]: Exception loading blockstate definition: 'cbcmoreshells:blockstates/wide_military_slate_alloy_single_cannon_sliding_breech.json' missing model for variant: 'cbcmoreshells:wide_military_slate_alloy_single_cannon_sliding_breech#axis_along_first=true,facing=west'
[28серп.2026 07:53:43.699] [Worker-Main-18/WARN] [net.minecraft.client.resources.model.BlockStateModelLoader/]: Exception loading blockstate definition: 'cbcmoreshells:blockstates/wide_military_slate_alloy_single_cannon_sliding_breech.json' missing model for variant: 'cbcmoreshells:wide_military_slate_alloy_single_cannon_sliding_breech#axis_along_first=false,facing=south'
[28серп.2026 07:53:43.699] [Worker-Main-18/WARN] [net.minecraft.client.resources.model.BlockStateModelLoader/]: Exception loading blockstate definition: 'cbcmoreshells:blockstates/wide_military_slate_alloy_single_cannon_sliding_breech.json' missing model for variant: 'cbcmoreshells:wide_military_slate_alloy_single_cannon_sliding_breech#axis_along_first=false,facing=east'
[28серп.2026 07:53:43.699] [Worker-Main-18/WARN] [net.minecraft.client.resources.model.BlockStateModelLoader/]: Exception loading blockstate definition: 'cbcmoreshells:blockstates/wide_military_slate_alloy_single_cannon_sliding_breech.json' missing model for variant: 'cbcmoreshells:wide_military_slate_alloy_single_cannon_sliding_breech#axis_along_first=true,facing=up'
[28серп.2026 07:53:43.700] [Worker-Main-18/WARN] [net.minecraft.client.resources.model.BlockStateModelLoader/]: Exception loading blockstate definition: 'cbcmoreshells:blockstates/slate_alloy_dual_cannon_sliding_breech.json' missing model for variant: 'cbcmoreshells:slate_alloy_dual_cannon_sliding_breech#axis_along_first=false,facing=east'
[28серп.2026 07:53:43.700] [Worker-Main-18/WARN] [net.minecraft.client.resources.model.BlockStateModelLoader/]: Exception loading blockstate definition: 'cbcmoreshells:blockstates/slate_alloy_dual_cannon_sliding_breech.json' missing model for variant: 'cbcmoreshells:slate_alloy_dual_cannon_sliding_breech#axis_along_first=false,facing=south'
[28серп.2026 07:53:43.700] [Worker-Main-18/WARN] [net.minecraft.client.resources.model.BlockStateModelLoader/]: Exception loading blockstate definition: 'cbcmoreshells:blockstates/slate_alloy_dual_cannon_sliding_breech.json' missing model for variant: 'cbcmoreshells:slate_alloy_dual_cannon_sliding_breech#axis_along_first=true,facing=south'
[28серп.2026 07:53:43.700] [Worker-Main-18/WARN] [net.minecraft.client.resources.model.BlockStateModelLoader/]: Exception loading blockstate definition: 'cbcmoreshells:blockstates/slate_alloy_dual_cannon_sliding_breech.json' missing model for variant: 'cbcmoreshells:slate_alloy_dual_cannon_sliding_breech#axis_along_first=false,facing=up'
[28серп.2026 07:53:43.700] [Worker-Main-18/WARN] [net.minecraft.client.resources.model.BlockStateModelLoader/]: Exception loading blockstate definition: 'cbcmoreshells:blockstates/slate_alloy_dual_cannon_sliding_breech.json' missing model for variant: 'cbcmoreshells:slate_alloy_dual_cannon_sliding_breech#axis_along_first=true,facing=north'
[28серп.2026 07:53:43.700] [Worker-Main-18/WARN] [net.minecraft.client.resources.model.BlockStateModelLoader/]: Exception loading blockstate definition: 'cbcmoreshells:blockstates/slate_alloy_dual_cannon_sliding_breech.json' missing model for variant: 'cbcmoreshells:slate_alloy_dual_cannon_sliding_breech#axis_along_first=true,facing=east'
[28серп.2026 07:53:43.700] [Worker-Main-18/WARN] [net.minecraft.client.resources.model.BlockStateModelLoader/]: Exception loading blockstate definition: 'cbcmoreshells:blockstates/slate_alloy_dual_cannon_sliding_breech.json' missing model for variant: 'cbcmoreshells:slate_alloy_dual_cannon_sliding_breech#axis_along_first=false,facing=west'
[28серп.2026 07:53:43.700] [Worker-Main-18/WARN] [net.minecraft.client.resources.model.BlockStateModelLoader/]: Exception loading blockstate definition: 'cbcmoreshells:blockstates/slate_alloy_dual_cannon_sliding_breech.json' missing model for variant: 'cbcmoreshells:slate_alloy_dual_cannon_sliding_breech#axis_along_first=true,facing=down'
[28серп.2026 07:53:43.700] [Worker-Main-18/WARN] [net.minecraft.client.resources.model.BlockStateModelLoader/]: Exception loading blockstate definition: 'cbcmoreshells:blockstates/slate_alloy_dual_cannon_sliding_breech.json' missing model for variant: 'cbcmoreshells:slate_alloy_dual_cannon_sliding_breech#axis_along_first=false,facing=down'
[28серп.2026 07:53:43.700] [Worker-Main-18/WARN] [net.minecraft.client.resources.model.BlockStateModelLoader/]: Exception loading blockstate definition: 'cbcmoreshells:blockstates/slate_alloy_dual_cannon_sliding_breech.json' missing model for variant: 'cbcmoreshells:slate_alloy_dual_cannon_sliding_breech#axis_along_first=true,facing=west'
[28серп.2026 07:53:43.700] [Worker-Main-18/WARN] [net.minecraft.client.resources.model.BlockStateModelLoader/]: Exception loading blockstate definition: 'cbcmoreshells:blockstates/slate_alloy_dual_cannon_sliding_breech.json' missing model for variant: 'cbcmoreshells:slate_alloy_dual_cannon_sliding_breech#axis_along_first=false,facing=north'
[28серп.2026 07:53:43.700] [Worker-Main-18/WARN] [net.minecraft.client.resources.model.BlockStateModelLoader/]: Exception loading blockstate definition: 'cbcmoreshells:blockstates/slate_alloy_dual_cannon_sliding_breech.json' missing model for variant: 'cbcmoreshells:slate_alloy_dual_cannon_sliding_breech#axis_along_first=true,facing=up'
[28серп.2026 07:53:43.700] [Worker-Main-18/WARN] [net.minecraft.client.resources.model.BlockStateModelLoader/]: Exception loading blockstate definition: 'cbcmoreshells:blockstates/slate_alloy_single_cannon_sliding_breech.json' missing model for variant: 'cbcmoreshells:slate_alloy_single_cannon_sliding_breech#axis_along_first=true,facing=up'
[28серп.2026 07:53:43.700] [Worker-Main-18/WARN] [net.minecraft.client.resources.model.BlockStateModelLoader/]: Exception loading blockstate definition: 'cbcmoreshells:blockstates/slate_alloy_single_cannon_sliding_breech.json' missing model for variant: 'cbcmoreshells:slate_alloy_single_cannon_sliding_breech#axis_along_first=false,facing=down'
[28серп.2026 07:53:43.700] [Worker-Main-18/WARN] [net.minecraft.client.resources.model.BlockStateModelLoader/]: Exception loading blockstate definition: 'cbcmoreshells:blockstates/slate_alloy_single_cannon_sliding_breech.json' missing model for variant: 'cbcmoreshells:slate_alloy_single_cannon_sliding_breech#axis_along_first=true,facing=down'
[28серп.2026 07:53:43.700] [Worker-Main-18/WARN] [net.minecraft.client.resources.model.BlockStateModelLoader/]: Exception loading blockstate definition: 'cbcmoreshells:blockstates/slate_alloy_single_cannon_sliding_breech.json' missing model for variant: 'cbcmoreshells:slate_alloy_single_cannon_sliding_breech#axis_along_first=true,facing=north'
[28серп.2026 07:53:43.700] [Worker-Main-18/WARN] [net.minecraft.client.resources.model.BlockStateModelLoader/]: Exception loading blockstate definition: 'cbcmoreshells:blockstates/slate_alloy_single_cannon_sliding_breech.json' missing model for variant: 'cbcmoreshells:slate_alloy_single_cannon_sliding_breech#axis_along_first=false,facing=west'
[28серп.2026 07:53:43.700] [Worker-Main-18/WARN] [net.minecraft.client.resources.model.BlockStateModelLoader/]: Exception loading blockstate definition: 'cbcmoreshells:blockstates/slate_alloy_single_cannon_sliding_breech.json' missing model for variant: 'cbcmoreshells:slate_alloy_single_cannon_sliding_breech#axis_along_first=false,facing=up'
[28серп.2026 07:53:43.700] [Worker-Main-18/WARN] [net.minecraft.client.resources.model.BlockStateModelLoader/]: Exception loading blockstate definition: 'cbcmoreshells:blockstates/slate_alloy_single_cannon_sliding_breech.json' missing model for variant: 'cbcmoreshells:slate_alloy_single_cannon_sliding_breech#axis_along_first=true,facing=east'
[28серп.2026 07:53:43.700] [Worker-Main-18/WARN] [net.minecraft.client.resources.model.BlockStateModelLoader/]: Exception loading blockstate definition: 'cbcmoreshells:blockstates/slate_alloy_single_cannon_sliding_breech.json' missing model for variant: 'cbcmoreshells:slate_alloy_single_cannon_sliding_breech#axis_along_first=false,facing=south'
[28серп.2026 07:53:43.700] [Worker-Main-18/WARN] [net.minecraft.client.resources.model.BlockStateModelLoader/]: Exception loading blockstate definition: 'cbcmoreshells:blockstates/slate_alloy_single_cannon_sliding_breech.json' missing model for variant: 'cbcmoreshells:slate_alloy_single_cannon_sliding_breech#axis_along_first=true,facing=south'
[28серп.2026 07:53:43.700] [Worker-Main-18/WARN] [net.minecraft.client.resources.model.BlockStateModelLoader/]: Exception loading blockstate definition: 'cbcmoreshells:blockstates/slate_alloy_single_cannon_sliding_breech.json' missing model for variant: 'cbcmoreshells:slate_alloy_single_cannon_sliding_breech#axis_along_first=false,facing=north'
[28серп.2026 07:53:43.700] [Worker-Main-18/WARN] [net.minecraft.client.resources.model.BlockStateModelLoader/]: Exception loading blockstate definition: 'cbcmoreshells:blockstates/slate_alloy_single_cannon_sliding_breech.json' missing model for variant: 'cbcmoreshells:slate_alloy_single_cannon_sliding_breech#axis_along_first=false,facing=east'
[28серп.2026 07:53:43.700] [Worker-Main-18/WARN] [net.minecraft.client.resources.model.BlockStateModelLoader/]: Exception loading blockstate definition: 'cbcmoreshells:blockstates/slate_alloy_single_cannon_sliding_breech.json' missing model for variant: 'cbcmoreshells:slate_alloy_single_cannon_sliding_breech#axis_along_first=true,facing=west'
[28серп.2026 07:53:43.701] [Worker-Main-18/WARN] [net.minecraft.client.resources.model.BlockStateModelLoader/]: Exception loading blockstate definition: 'cbcmoreshells:blockstates/wide_slate_alloy_dual_cannon_sliding_breech.json' missing model for variant: 'cbcmoreshells:wide_slate_alloy_dual_cannon_sliding_breech#axis_along_first=true,facing=south'
[28серп.2026 07:53:43.701] [Worker-Main-18/WARN] [net.minecraft.client.resources.model.BlockStateModelLoader/]: Exception loading blockstate definition: 'cbcmoreshells:blockstates/wide_slate_alloy_dual_cannon_sliding_breech.json' missing model for variant: 'cbcmoreshells:wide_slate_alloy_dual_cannon_sliding_breech#axis_along_first=false,facing=south'
[28серп.2026 07:53:43.701] [Worker-Main-18/WARN] [net.minecraft.client.resources.model.BlockStateModelLoader/]: Exception loading blockstate definition: 'cbcmoreshells:blockstates/wide_slate_alloy_dual_cannon_sliding_breech.json' missing model for variant: 'cbcmoreshells:wide_slate_alloy_dual_cannon_sliding_breech#axis_along_first=true,facing=north'
[28серп.2026 07:53:43.701] [Worker-Main-18/WARN] [net.minecraft.client.resources.model.BlockStateModelLoader/]: Exception loading blockstate definition: 'cbcmoreshells:blockstates/wide_slate_alloy_dual_cannon_sliding_breech.json' missing model for variant: 'cbcmoreshells:wide_slate_alloy_dual_cannon_sliding_breech#axis_along_first=false,facing=north'
[28серп.2026 07:53:43.701] [Worker-Main-18/WARN] [net.minecraft.client.resources.model.BlockStateModelLoader/]: Exception loading blockstate definition: 'cbcmoreshells:blockstates/wide_slate_alloy_dual_cannon_sliding_breech.json' missing model for variant: 'cbcmoreshells:wide_slate_alloy_dual_cannon_sliding_breech#axis_along_first=false,facing=east'
[28серп.2026 07:53:43.701] [Worker-Main-18/WARN] [net.minecraft.client.resources.model.BlockStateModelLoader/]: Exception loading blockstate definition: 'cbcmoreshells:blockstates/wide_slate_alloy_dual_cannon_sliding_breech.json' missing model for variant: 'cbcmoreshells:wide_slate_alloy_dual_cannon_sliding_breech#axis_along_first=true,facing=west'
[28серп.2026 07:53:43.701] [Worker-Main-18/WARN] [net.minecraft.client.resources.model.BlockStateModelLoader/]: Exception loading blockstate definition: 'cbcmoreshells:blockstates/wide_slate_alloy_dual_cannon_sliding_breech.json' missing model for variant: 'cbcmoreshells:wide_slate_alloy_dual_cannon_sliding_breech#axis_along_first=false,facing=down'
[28серп.2026 07:53:43.701] [Worker-Main-18/WARN] [net.minecraft.client.resources.model.BlockStateModelLoader/]: Exception loading blockstate definition: 'cbcmoreshells:blockstates/wide_slate_alloy_dual_cannon_sliding_breech.json' missing model for variant: 'cbcmoreshells:wide_slate_alloy_dual_cannon_sliding_breech#axis_along_first=true,facing=down'
[28серп.2026 07:53:43.701] [Worker-Main-18/WARN] [net.minecraft.client.resources.model.BlockStateModelLoader/]: Exception loading blockstate definition: 'cbcmoreshells:blockstates/wide_slate_alloy_dual_cannon_sliding_breech.json' missing model for variant: 'cbcmoreshells:wide_slate_alloy_dual_cannon_sliding_breech#axis_along_first=true,facing=up'
[28серп.2026 07:53:43.701] [Worker-Main-18/WARN] [net.minecraft.client.resources.model.BlockStateModelLoader/]: Exception loading blockstate definition: 'cbcmoreshells:blockstates/wide_slate_alloy_dual_cannon_sliding_breech.json' missing model for variant: 'cbcmoreshells:wide_slate_alloy_dual_cannon_sliding_breech#axis_along_first=false,facing=up'
[28серп.2026 07:53:43.701] [Worker-Main-18/WARN] [net.minecraft.client.resources.model.BlockStateModelLoader/]: Exception loading blockstate definition: 'cbcmoreshells:blockstates/wide_slate_alloy_dual_cannon_sliding_breech.json' missing model for variant: 'cbcmoreshells:wide_slate_alloy_dual_cannon_sliding_breech#axis_along_first=true,facing=east'
[28серп.2026 07:53:43.701] [Worker-Main-18/WARN] [net.minecraft.client.resources.model.BlockStateModelLoader/]: Exception loading blockstate definition: 'cbcmoreshells:blockstates/wide_slate_alloy_dual_cannon_sliding_breech.json' missing model for variant: 'cbcmoreshells:wide_slate_alloy_dual_cannon_sliding_breech#axis_along_first=false,facing=west'
[28серп.2026 07:53:43.701] [Worker-Main-18/WARN] [net.minecraft.client.resources.model.BlockStateModelLoader/]: Exception loading blockstate definition: 'cbcmoreshells:blockstates/wide_slate_alloy_single_cannon_sliding_breech.json' missing model for variant: 'cbcmoreshells:wide_slate_alloy_single_cannon_sliding_breech#axis_along_first=false,facing=south'
[28серп.2026 07:53:43.701] [Worker-Main-18/WARN] [net.minecraft.client.resources.model.BlockStateModelLoader/]: Exception loading blockstate definition: 'cbcmoreshells:blockstates/wide_slate_alloy_single_cannon_sliding_breech.json' missing model for variant: 'cbcmoreshells:wide_slate_alloy_single_cannon_sliding_breech#axis_along_first=true,facing=south'
[28серп.2026 07:53:43.702] [Worker-Main-18/WARN] [net.minecraft.client.resources.model.BlockStateModelLoader/]: Exception loading blockstate definition: 'cbcmoreshells:blockstates/wide_slate_alloy_single_cannon_sliding_breech.json' missing model for variant: 'cbcmoreshells:wide_slate_alloy_single_cannon_sliding_breech#axis_along_first=true,facing=north'
[28серп.2026 07:53:43.702] [Worker-Main-18/WARN] [net.minecraft.client.resources.model.BlockStateModelLoader/]: Exception loading blockstate definition: 'cbcmoreshells:blockstates/wide_slate_alloy_single_cannon_sliding_breech.json' missing model for variant: 'cbcmoreshells:wide_slate_alloy_single_cannon_sliding_breech#axis_along_first=false,facing=north'
[28серп.2026 07:53:43.702] [Worker-Main-18/WARN] [net.minecraft.client.resources.model.BlockStateModelLoader/]: Exception loading blockstate definition: 'cbcmoreshells:blockstates/wide_slate_alloy_single_cannon_sliding_breech.json' missing model for variant: 'cbcmoreshells:wide_slate_alloy_single_cannon_sliding_breech#axis_along_first=false,facing=east'
[28серп.2026 07:53:43.702] [Worker-Main-18/WARN] [net.minecraft.client.resources.model.BlockStateModelLoader/]: Exception loading blockstate definition: 'cbcmoreshells:blockstates/wide_slate_alloy_single_cannon_sliding_breech.json' missing model for variant: 'cbcmoreshells:wide_slate_alloy_single_cannon_sliding_breech#axis_along_first=true,facing=east'
[28серп.2026 07:53:43.702] [Worker-Main-18/WARN] [net.minecraft.client.resources.model.BlockStateModelLoader/]: Exception loading blockstate definition: 'cbcmoreshells:blockstates/wide_slate_alloy_single_cannon_sliding_breech.json' missing model for variant: 'cbcmoreshells:wide_slate_alloy_single_cannon_sliding_breech#axis_along_first=false,facing=west'
[28серп.2026 07:53:43.702] [Worker-Main-18/WARN] [net.minecraft.client.resources.model.BlockStateModelLoader/]: Exception loading blockstate definition: 'cbcmoreshells:blockstates/wide_slate_alloy_single_cannon_sliding_breech.json' missing model for variant: 'cbcmoreshells:wide_slate_alloy_single_cannon_sliding_breech#axis_along_first=true,facing=up'
[28серп.2026 07:53:43.702] [Worker-Main-18/WARN] [net.minecraft.client.resources.model.BlockStateModelLoader/]: Exception loading blockstate definition: 'cbcmoreshells:blockstates/wide_slate_alloy_single_cannon_sliding_breech.json' missing model for variant: 'cbcmoreshells:wide_slate_alloy_single_cannon_sliding_breech#axis_along_first=true,facing=down'
[28серп.2026 07:53:43.702] [Worker-Main-18/WARN] [net.minecraft.client.resources.model.BlockStateModelLoader/]: Exception loading blockstate definition: 'cbcmoreshells:blockstates/wide_slate_alloy_single_cannon_sliding_breech.json' missing model for variant: 'cbcmoreshells:wide_slate_alloy_single_cannon_sliding_breech#axis_along_first=false,facing=down'
[28серп.2026 07:53:43.702] [Worker-Main-18/WARN] [net.minecraft.client.resources.model.BlockStateModelLoader/]: Exception loading blockstate definition: 'cbcmoreshells:blockstates/wide_slate_alloy_single_cannon_sliding_breech.json' missing model for variant: 'cbcmoreshells:wide_slate_alloy_single_cannon_sliding_breech#axis_along_first=false,facing=up'
[28серп.2026 07:53:43.702] [Worker-Main-18/WARN] [net.minecraft.client.resources.model.BlockStateModelLoader/]: Exception loading blockstate definition: 'cbcmoreshells:blockstates/wide_slate_alloy_single_cannon_sliding_breech.json' missing model for variant: 'cbcmoreshells:wide_slate_alloy_single_cannon_sliding_breech#axis_along_first=true,facing=west'
[28серп.2026 07:53:43.702] [Worker-Main-18/WARN] [net.minecraft.client.resources.model.BlockStateModelLoader/]: Exception loading blockstate definition: 'cbcmoreshells:blockstates/large_slate_alloy_single_cannon_chamber_shielded.json' missing model for variant: 'cbcmoreshells:large_slate_alloy_single_cannon_chamber_shielded#facing=east'
[28серп.2026 07:53:43.702] [Worker-Main-18/WARN] [net.minecraft.client.resources.model.BlockStateModelLoader/]: Exception loading blockstate definition: 'cbcmoreshells:blockstates/large_slate_alloy_single_cannon_chamber_shielded.json' missing model for variant: 'cbcmoreshells:large_slate_alloy_single_cannon_chamber_shielded#facing=south'
[28серп.2026 07:53:43.702] [Worker-Main-18/WARN] [net.minecraft.client.resources.model.BlockStateModelLoader/]: Exception loading blockstate definition: 'cbcmoreshells:blockstates/large_slate_alloy_single_cannon_chamber_shielded.json' missing model for variant: 'cbcmoreshells:large_slate_alloy_single_cannon_chamber_shielded#facing=north'
[28серп.2026 07:53:43.702] [Worker-Main-18/WARN] [net.minecraft.client.resources.model.BlockStateModelLoader/]: Exception loading blockstate definition: 'cbcmoreshells:blockstates/large_slate_alloy_single_cannon_chamber_shielded.json' missing model for variant: 'cbcmoreshells:large_slate_alloy_single_cannon_chamber_shielded#facing=down'
[28серп.2026 07:53:43.702] [Worker-Main-18/WARN] [net.minecraft.client.resources.model.BlockStateModelLoader/]: Exception loading blockstate definition: 'cbcmoreshells:blockstates/large_slate_alloy_single_cannon_chamber_shielded.json' missing model for variant: 'cbcmoreshells:large_slate_alloy_single_cannon_chamber_shielded#facing=up'
[28серп.2026 07:53:43.702] [Worker-Main-18/WARN] [net.minecraft.client.resources.model.BlockStateModelLoader/]: Exception loading blockstate definition: 'cbcmoreshells:blockstates/large_slate_alloy_single_cannon_chamber_shielded.json' missing model for variant: 'cbcmoreshells:large_slate_alloy_single_cannon_chamber_shielded#facing=west'
[28серп.2026 07:53:43.702] [Worker-Main-18/WARN] [net.minecraft.client.resources.model.BlockStateModelLoader/]: Exception loading blockstate definition: 'cbcmoreshells:blockstates/large_slate_alloy_single_cannon_sliding_breech.json' missing model for variant: 'cbcmoreshells:large_slate_alloy_single_cannon_sliding_breech#axis_along_first=false,facing=up'
[28серп.2026 07:53:43.702] [Worker-Main-18/WARN] [net.minecraft.client.resources.model.BlockStateModelLoader/]: Exception loading blockstate definition: 'cbcmoreshells:blockstates/large_slate_alloy_single_cannon_sliding_breech.json' missing model for variant: 'cbcmoreshells:large_slate_alloy_single_cannon_sliding_breech#axis_along_first=true,facing=up'
[28серп.2026 07:53:43.702] [Worker-Main-18/WARN] [net.minecraft.client.resources.model.BlockStateModelLoader/]: Exception loading blockstate definition: 'cbcmoreshells:blockstates/large_slate_alloy_single_cannon_sliding_breech.json' missing model for variant: 'cbcmoreshells:large_slate_alloy_single_cannon_sliding_breech#axis_along_first=true,facing=east'
[28серп.2026 07:53:43.702] [Worker-Main-18/WARN] [net.minecraft.client.resources.model.BlockStateModelLoader/]: Exception loading blockstate definition: 'cbcmoreshells:blockstates/large_slate_alloy_single_cannon_sliding_breech.json' missing model for variant: 'cbcmoreshells:large_slate_alloy_single_cannon_sliding_breech#axis_along_first=true,facing=west'
[28серп.2026 07:53:43.702] [Worker-Main-18/WARN] [net.minecraft.client.resources.model.BlockStateModelLoader/]: Exception loading blockstate definition: 'cbcmoreshells:blockstates/large_slate_alloy_single_cannon_sliding_breech.json' missing model for variant: 'cbcmoreshells:large_slate_alloy_single_cannon_sliding_breech#axis_along_first=false,facing=down'
[28серп.2026 07:53:43.702] [Worker-Main-18/WARN] [net.minecraft.client.resources.model.BlockStateModelLoader/]: Exception loading blockstate definition: 'cbcmoreshells:blockstates/large_slate_alloy_single_cannon_sliding_breech.json' missing model for variant: 'cbcmoreshells:large_slate_alloy_single_cannon_sliding_breech#axis_along_first=true,facing=south'
[28серп.2026 07:53:43.702] [Worker-Main-18/WARN] [net.minecraft.client.resources.model.BlockStateModelLoader/]: Exception loading blockstate definition: 'cbcmoreshells:blockstates/large_slate_alloy_single_cannon_sliding_breech.json' missing model for variant: 'cbcmoreshells:large_slate_alloy_single_cannon_sliding_breech#axis_along_first=true,facing=north'
[28серп.2026 07:53:43.702] [Worker-Main-18/WARN] [net.minecraft.client.resources.model.BlockStateModelLoader/]: Exception loading blockstate definition: 'cbcmoreshells:blockstates/large_slate_alloy_single_cannon_sliding_breech.json' missing model for variant: 'cbcmoreshells:large_slate_alloy_single_cannon_sliding_breech#axis_along_first=false,facing=north'
[28серп.2026 07:53:43.702] [Worker-Main-18/WARN] [net.minecraft.client.resources.model.BlockStateModelLoader/]: Exception loading blockstate definition: 'cbcmoreshells:blockstates/large_slate_alloy_single_cannon_sliding_breech.json' missing model for variant: 'cbcmoreshells:large_slate_alloy_single_cannon_sliding_breech#axis_along_first=false,facing=west'
[28серп.2026 07:53:43.702] [Worker-Main-18/WARN] [net.minecraft.client.resources.model.BlockStateModelLoader/]: Exception loading blockstate definition: 'cbcmoreshells:blockstates/large_slate_alloy_single_cannon_sliding_breech.json' missing model for variant: 'cbcmoreshells:large_slate_alloy_single_cannon_sliding_breech#axis_along_first=false,facing=east'
[28серп.2026 07:53:43.702] [Worker-Main-18/WARN] [net.minecraft.client.resources.model.BlockStateModelLoader/]: Exception loading blockstate definition: 'cbcmoreshells:blockstates/large_slate_alloy_single_cannon_sliding_breech.json' missing model for variant: 'cbcmoreshells:large_slate_alloy_single_cannon_sliding_breech#axis_along_first=true,facing=down'
[28серп.2026 07:53:43.702] [Worker-Main-18/WARN] [net.minecraft.client.resources.model.BlockStateModelLoader/]: Exception loading blockstate definition: 'cbcmoreshells:blockstates/large_slate_alloy_single_cannon_sliding_breech.json' missing model for variant: 'cbcmoreshells:large_slate_alloy_single_cannon_sliding_breech#axis_along_first=false,facing=south'
[28серп.2026 07:53:43.704] [Worker-Main-18/WARN] [net.minecraft.client.resources.model.ModelBakery/]: Unable to load model: 'cbcmoreshells:item/wide_steel_single_cannon_magazine' referenced from: cbcmoreshells:item/wide_steel_single_cannon_magazine: java.io.FileNotFoundException: cbcmoreshells:models/item/wide_steel_single_cannon_magazine.json
[28серп.2026 07:53:43.705] [Worker-Main-18/WARN] [net.minecraft.client.resources.model.ModelBakery/]: Unable to load model: 'cbcmoreshells:item/large_steel_single_cannon_chamber_shielded' referenced from: cbcmoreshells:item/large_steel_single_cannon_chamber_shielded: java.io.FileNotFoundException: cbcmoreshells:models/item/large_steel_single_cannon_chamber_shielded.json
[28серп.2026 07:53:43.705] [Worker-Main-18/WARN] [net.minecraft.client.resources.model.ModelBakery/]: Unable to load model: 'cbcmoreshells:item/steel_projectile_rack_stabilizer' referenced from: cbcmoreshells:item/steel_projectile_rack_stabilizer: java.io.FileNotFoundException: cbcmoreshells:models/item/steel_projectile_rack_stabilizer.json
[28серп.2026 07:53:43.707] [Worker-Main-18/WARN] [net.minecraft.client.resources.model.ModelBakery/]: Unable to load model: 'cbcmoreshells:item/assembled_reinforced_torpedo_head' referenced from: cbcmoreshells:item/assembled_reinforced_torpedo_head: java.io.FileNotFoundException: cbcmoreshells:models/item/assembled_reinforced_torpedo_head.json
[28серп.2026 07:53:43.707] [Worker-Main-18/WARN] [net.minecraft.client.resources.model.ModelBakery/]: Unable to load model: 'cbcmoreshells:item/base_combat_command' referenced from: cbcmoreshells:item/base_combat_command: java.io.FileNotFoundException: cbcmoreshells:models/item/base_combat_command.json
[28серп.2026 07:53:43.707] [Worker-Main-18/WARN] [net.minecraft.client.resources.model.ModelBakery/]: Unable to load model: 'cbcmoreshells:item/large_steel_dual_cannon_charger' referenced from: cbcmoreshells:item/large_steel_dual_cannon_charger: java.io.FileNotFoundException: cbcmoreshells:models/item/large_steel_dual_cannon_charger.json
[28серп.2026 07:53:43.708] [Worker-Main-18/WARN] [net.minecraft.client.resources.model.ModelBakery/]: Unable to load model: 'cbcmoreshells:item/steel_projectile_rack_barrel' referenced from: cbcmoreshells:item/steel_projectile_rack_barrel: java.io.FileNotFoundException: cbcmoreshells:models/item/steel_projectile_rack_barrel.json
[28серп.2026 07:53:43.708] [Worker-Main-18/WARN] [net.minecraft.client.resources.model.ModelBakery/]: Unable to load model: 'cbcmoreshells:item/loot_barrel' referenced from: cbcmoreshells:item/loot_barrel: java.io.FileNotFoundException: cbcmoreshells:models/item/loot_barrel.json
[28серп.2026 07:53:43.709] [Worker-Main-18/WARN] [net.minecraft.client.resources.model.ModelBakery/]: Unable to load model: 'cbcmoreshells:item/large_brass_single_cannon_chamber_shielded' referenced from: cbcmoreshells:item/large_brass_single_cannon_chamber_shielded: java.io.FileNotFoundException: cbcmoreshells:models/item/large_brass_single_cannon_chamber_shielded.json
[28серп.2026 07:53:43.709] [Worker-Main-18/WARN] [net.minecraft.client.resources.model.ModelBakery/]: Unable to load model: 'cbcmoreshells:item/large_slate_alloy_single_cannon_chamber_shielded' referenced from: cbcmoreshells:item/large_slate_alloy_single_cannon_chamber_shielded: java.io.FileNotFoundException: cbcmoreshells:models/item/large_slate_alloy_single_cannon_chamber_shielded.json
[28серп.2026 07:53:43.711] [Worker-Main-18/WARN] [net.minecraft.client.resources.model.ModelBakery/]: Unable to load model: 'cbcmoreshells:item/assembled_torpedo_head' referenced from: cbcmoreshells:item/assembled_torpedo_head: java.io.FileNotFoundException: cbcmoreshells:models/item/assembled_torpedo_head.json
[28серп.2026 07:53:43.711] [Worker-Main-18/WARN] [net.minecraft.client.resources.model.ModelBakery/]: Unable to load model: 'cbcmoreshells:item/large_brass_dual_cannon_charger' referenced from: cbcmoreshells:item/large_brass_dual_cannon_charger: java.io.FileNotFoundException: cbcmoreshells:models/item/large_brass_dual_cannon_charger.json
[28серп.2026 07:53:43.715] [Worker-Main-18/WARN] [net.minecraft.client.resources.model.ModelBakery/]: Unable to load model: 'cbc_at:block/heavy_autocannon/cast_iron_recoil_spring' referenced from: cbc_at:block/heavy_autocannon/cast_iron_recoil_spring: java.io.FileNotFoundException: cbc_at:models/block/heavy_autocannon/cast_iron_recoil_spring.json
[28серп.2026 07:53:43.715] [Worker-Main-18/WARN] [net.minecraft.client.resources.model.ModelBakery/]: Unable to load model: 'cbcmoreshells:item/bronze_sliding_breechblock' referenced from: cbcmoreshells:item/bronze_sliding_breechblock: java.io.FileNotFoundException: cbcmoreshells:models/item/bronze_sliding_breechblock.json
[28серп.2026 07:53:43.715] [Worker-Main-18/WARN] [net.minecraft.client.resources.model.ModelBakery/]: Unable to load model: 'cbc_at:block/heavy_autocannon/steel_recoil_spring' referenced from: cbc_at:block/heavy_autocannon/steel_recoil_spring: java.io.FileNotFoundException: cbc_at:models/block/heavy_autocannon/steel_recoil_spring.json
[28серп.2026 07:53:43.715] [Worker-Main-18/WARN] [net.minecraft.client.resources.model.ModelBakery/]: Unable to load model: 'cbc_at:block/heavy_autocannon/bronze_recoil_spring' referenced from: cbc_at:block/heavy_autocannon/bronze_recoil_spring: java.io.FileNotFoundException: cbc_at:models/block/heavy_autocannon/bronze_recoil_spring.json
[28серп.2026 07:53:43.715] [Worker-Main-18/WARN] [net.minecraft.client.resources.model.ModelBakery/]: Unable to load model: 'cbcmoreshells:item/cast_iron_sliding_breechblock' referenced from: cbcmoreshells:item/cast_iron_sliding_breechblock: java.io.FileNotFoundException: cbcmoreshells:models/item/cast_iron_sliding_breechblock.json
[28серп.2026 07:53:44.574] [Worker-Main-18/WARN] [net.minecraft.client.resources.model.ModelManager/]: Missing textures in model cbc_at:built_up_nethersteel_rifled_barrel#facing=up:
    minecraft:textures/atlas/blocks.png:cbc_at:block/built_up_nethersteel_barrel_side
[28серп.2026 07:53:44.574] [Worker-Main-18/WARN] [net.minecraft.client.resources.model.ModelManager/]: Missing textures in model cbc_at:unbored_cast_iron_rocket_pod_rail#assembled=false,facing=north,waterlogged=false:
    minecraft:textures/atlas/blocks.png:cbc_at:block/cast_iron_rocket_pod
[28серп.2026 07:53:44.574] [Worker-Main-18/WARN] [net.minecraft.client.resources.model.ModelManager/]: Missing textures in model cbc_at:unbored_bronze_rocket_pod_breech#facing=up,waterlogged=false:
    minecraft:textures/atlas/blocks.png:cbc_at:block/bronze_rocket_pod
[28серп.2026 07:53:44.574] [Worker-Main-18/WARN] [net.minecraft.client.resources.model.ModelManager/]: Missing textures in model cbc_at:block/twin_autocannon/bronze_recoil_spring#standalone:
    minecraft:textures/atlas/blocks.png:minecraft:0
[28серп.2026 07:53:44.574] [Worker-Main-18/WARN] [net.minecraft.client.resources.model.ModelManager/]: Missing textures in model cbc_at:cast_iron_rocket_pod_rail#assembled=false,facing=up,waterlogged=true:
    minecraft:textures/atlas/blocks.png:cbc_at:block/cast_iron_rocket_pod
[28серп.2026 07:53:44.574] [Worker-Main-18/WARN] [net.minecraft.client.resources.model.ModelManager/]: Missing textures in model cbc_at:bronze_rocket_pod_rail#assembled=false,facing=north,waterlogged=false:
    minecraft:textures/atlas/blocks.png:cbc_at:block/bronze_rocket_pod
[28серп.2026 07:53:44.574] [Worker-Main-18/WARN] [net.minecraft.client.resources.model.ModelManager/]: Missing textures in model cbc_at:unbored_cast_iron_rocket_pod_breech#facing=west,waterlogged=false:
    minecraft:textures/atlas/blocks.png:cbc_at:block/cast_iron_rocket_pod
[28серп.2026 07:53:44.574] [Worker-Main-18/WARN] [net.minecraft.client.resources.model.ModelManager/]: Missing textures in model cbc_at:unbored_cast_iron_rocket_pod_breech#facing=north,waterlogged=true:
    minecraft:textures/atlas/blocks.png:cbc_at:block/cast_iron_rocket_pod
[28серп.2026 07:53:44.574] [Worker-Main-18/WARN] [net.minecraft.client.resources.model.ModelManager/]: Missing textures in model cbc_at:cast_iron_rocket_pod_rail#assembled=false,facing=east,waterlogged=false:
    minecraft:textures/atlas/blocks.png:cbc_at:block/cast_iron_rocket_pod
[28серп.2026 07:53:44.575] [Worker-Main-18/WARN] [net.minecraft.client.resources.model.ModelManager/]: Missing textures in model cbc_at:steel_rocket_pod_rail#assembled=false,facing=west,waterlogged=true:
    minecraft:textures/atlas/blocks.png:cbc_at:block/bronze_rocket_pod
[28серп.2026 07:53:44.575] [Worker-Main-18/WARN] [net.minecraft.client.resources.model.ModelManager/]: Missing textures in model cbc_at:unbored_cast_iron_rocket_pod_breech#inventory:
    minecraft:textures/atlas/blocks.png:cbc_at:block/cast_iron_rocket_pod
[28серп.2026 07:53:44.575] [Worker-Main-18/WARN] [net.minecraft.client.resources.model.ModelManager/]: Missing textures in model cbc_at:steel_rocket_pod_rail#assembled=false,facing=north,waterlogged=false:
    minecraft:textures/atlas/blocks.png:cbc_at:block/bronze_rocket_pod
[28серп.2026 07:53:44.575] [Worker-Main-18/WARN] [net.minecraft.client.resources.model.ModelManager/]: Missing textures in model cbc_at:steel_rocket_pod_rail#inventory:
    minecraft:textures/atlas/blocks.png:cbc_at:block/bronze_rocket_pod
[28серп.2026 07:53:44.575] [Worker-Main-18/WARN] [net.minecraft.client.resources.model.ModelManager/]: Missing textures in model cbc_at:unbored_bronze_fume_extractor#facing=down:
    minecraft:textures/atlas/blocks.png:minecraft:bronze_cannon_barrel_side
[28серп.2026 07:53:44.575] [Worker-Main-18/WARN] [net.minecraft.client.resources.model.ModelManager/]: Missing textures in model cbc_at:bronze_rocket_pod_breech#inventory:
    minecraft:textures/atlas/blocks.png:cbc_at:block/bronze_rocket_pod
[28серп.2026 07:53:44.575] [Worker-Main-18/WARN] [net.minecraft.client.resources.model.ModelManager/]: Missing textures in model cbc_at:unbored_steel_rocket_pod_breech#facing=west,waterlogged=true:
    minecraft:textures/atlas/blocks.png:cbc_at:block/bronze_rocket_pod
[28серп.2026 07:53:44.575] [Worker-Main-18/WARN] [net.minecraft.client.resources.model.ModelManager/]: Missing textures in model cbc_at:unbored_cast_iron_rocket_pod_rail#assembled=false,facing=south,waterlogged=false:
    minecraft:textures/atlas/blocks.png:cbc_at:block/cast_iron_rocket_pod
[28серп.2026 07:53:44.575] [Worker-Main-18/WARN] [net.minecraft.client.resources.model.ModelManager/]: Missing textures in model cbc_at:steel_rocket_pod_rail#assembled=false,facing=south,waterlogged=true:
    minecraft:textures/atlas/blocks.png:cbc_at:block/bronze_rocket_pod
[28серп.2026 07:53:44.575] [Worker-Main-18/WARN] [net.minecraft.client.resources.model.ModelManager/]: Missing textures in model cbc_at:unbored_steel_rocket_pod_breech#facing=east,waterlogged=false:
    minecraft:textures/atlas/blocks.png:cbc_at:block/bronze_rocket_pod
[28серп.2026 07:53:44.575] [Worker-Main-18/WARN] [net.minecraft.client.resources.model.ModelManager/]: Missing textures in model cbc_at:unbored_steel_rocket_pod_rail#assembled=false,facing=east,waterlogged=false:
    minecraft:textures/atlas/blocks.png:cbc_at:block/bronze_rocket_pod
[28серп.2026 07:53:44.575] [Worker-Main-18/WARN] [net.minecraft.client.resources.model.ModelManager/]: Missing textures in model cbc_at:bronze_rocket_pod_rail#inventory:
    minecraft:textures/atlas/blocks.png:cbc_at:block/bronze_rocket_pod
[28серп.2026 07:53:44.575] [Worker-Main-18/WARN] [net.minecraft.client.resources.model.ModelManager/]: Missing textures in model cbc_at:cast_iron_rocket_pod_breech#facing=east,waterlogged=true:
    minecraft:textures/atlas/blocks.png:cbc_at:block/cast_iron_rocket_pod
[28серп.2026 07:53:44.575] [Worker-Main-18/WARN] [net.minecraft.client.resources.model.ModelManager/]: Missing textures in model cbc_at:bronze_rocket_pod_rail#assembled=false,facing=south,waterlogged=true:
    minecraft:textures/atlas/blocks.png:cbc_at:block/bronze_rocket_pod
[28серп.2026 07:53:44.575] [Worker-Main-18/WARN] [net.minecraft.client.resources.model.ModelManager/]: Missing textures in model cbcmoreshells:nethersteel_sliding_breech#inventory:
    minecraft:textures/atlas/blocks.png:cbcmoreshells:block/sliding_breech/nethersteel_sliding_breech_breechblock_side
[28серп.2026 07:53:44.575] [Worker-Main-18/WARN] [net.minecraft.client.resources.model.ModelManager/]: Missing textures in model cbc_at:unbored_bronze_fume_extractor#facing=west:
    minecraft:textures/atlas/blocks.png:minecraft:bronze_cannon_barrel_side
[28серп.2026 07:53:44.575] [Worker-Main-18/WARN] [net.minecraft.client.resources.model.ModelManager/]: Missing textures in model cbc_at:bronze_rocket_pod_rail#assembled=false,facing=down,waterlogged=true:
    minecraft:textures/atlas/blocks.png:cbc_at:block/bronze_rocket_pod
[28серп.2026 07:53:44.575] [Worker-Main-18/WARN] [net.minecraft.client.resources.model.ModelManager/]: Missing textures in model cbc_at:unbored_steel_rocket_pod_breech#facing=down,waterlogged=true:
    minecraft:textures/atlas/blocks.png:cbc_at:block/bronze_rocket_pod
[28серп.2026 07:53:44.575] [Worker-Main-18/WARN] [net.minecraft.client.resources.model.ModelManager/]: Missing textures in model cbc_at:unbored_bronze_fume_extractor#facing=north:
    minecraft:textures/atlas/blocks.png:minecraft:bronze_cannon_barrel_side
[28серп.2026 07:53:44.575] [Worker-Main-18/WARN] [net.minecraft.client.resources.model.ModelManager/]: Missing textures in model cbc_at:steel_rocket_pod_rail#assembled=false,facing=down,waterlogged=false:
    minecraft:textures/atlas/blocks.png:cbc_at:block/bronze_rocket_pod
[28серп.2026 07:53:44.575] [Worker-Main-18/WARN] [net.minecraft.client.resources.model.ModelManager/]: Missing textures in model cbc_at:unbored_cast_iron_rocket_pod_breech#facing=up,waterlogged=true:
    minecraft:textures/atlas/blocks.png:cbc_at:block/cast_iron_rocket_pod
[28серп.2026 07:53:44.575] [Worker-Main-18/WARN] [net.minecraft.client.resources.model.ModelManager/]: Missing textures in model cbcmoreshells:item/steel_single_cannon_sliding_breechblock#standalone:
    minecraft:textures/atlas/blocks.png:cbcmoreshells:block/dual_cannon/steel_dual_cannon_breechblock_fback
[28серп.2026 07:53:44.575] [Worker-Main-18/WARN] [net.minecraft.client.resources.model.ModelManager/]: Missing textures in model cbc_at:heavy_autocannon_qfbreech_mould#inventory:
    minecraft:textures/atlas/blocks.png:minecraft:cast_mould
[28серп.2026 07:53:44.575] [Worker-Main-18/WARN] [net.minecraft.client.resources.model.ModelManager/]: Missing textures in model cbc_at:steel_rocket_pod_breech#facing=south,waterlogged=false:
    minecraft:textures/atlas/blocks.png:cbc_at:block/bronze_rocket_pod
[28серп.2026 07:53:44.575] [Worker-Main-18/WARN] [net.minecraft.client.resources.model.ModelManager/]: Missing textures in model cbcmoreshells:nethersteel_quickfiring_breech#inventory:
    minecraft:textures/atlas/blocks.png:cbcmoreshells:block/sliding_breech/nethersteel_sliding_breech_breechblock_side
[28серп.2026 07:53:44.575] [Worker-Main-18/WARN] [net.minecraft.client.resources.model.ModelManager/]: Missing textures in model cbc_at:cast_iron_rocket_pod_rail#inventory:
    minecraft:textures/atlas/blocks.png:cbc_at:block/cast_iron_rocket_pod
[28серп.2026 07:53:44.575] [Worker-Main-18/WARN] [net.minecraft.client.resources.model.ModelManager/]: Missing textures in model cbc_at:unbored_bronze_fume_extractor#inventory:
    minecraft:textures/atlas/blocks.png:minecraft:bronze_cannon_barrel_side
[28серп.2026 07:53:44.575] [Worker-Main-18/WARN] [net.minecraft.client.resources.model.ModelManager/]: Missing textures in model cbc_at:bronze_rocket_pod_breech#facing=west,waterlogged=false:
    minecraft:textures/atlas/blocks.png:cbc_at:block/bronze_rocket_pod
[28серп.2026 07:53:44.575] [Worker-Main-18/WARN] [net.minecraft.client.resources.model.ModelManager/]: Missing textures in model cbc_at:steel_rocket_pod_rail#assembled=false,facing=up,waterlogged=false:
    minecraft:textures/atlas/blocks.png:cbc_at:block/bronze_rocket_pod
[28серп.2026 07:53:44.575] [Worker-Main-18/WARN] [net.minecraft.client.resources.model.ModelManager/]: Missing textures in model cbc_at:bronze_rocket_pod_breech#facing=north,waterlogged=false:
    minecraft:textures/atlas/blocks.png:cbc_at:block/bronze_rocket_pod
[28серп.2026 07:53:44.575] [Worker-Main-18/WARN] [net.minecraft.client.resources.model.ModelManager/]: Missing textures in model cbc_at:unbored_bronze_rocket_pod_breech#facing=west,waterlogged=false:
    minecraft:textures/atlas/blocks.png:cbc_at:block/bronze_rocket_pod
[28серп.2026 07:53:44.575] [Worker-Main-18/WARN] [net.minecraft.client.resources.model.ModelManager/]: Missing textures in model cbc_at:unbored_steel_rocket_pod_rail#inventory:
    minecraft:textures/atlas/blocks.png:cbc_at:block/bronze_rocket_pod
[28серп.2026 07:53:44.575] [Worker-Main-18/WARN] [net.minecraft.client.resources.model.ModelManager/]: Missing textures in model cbc_at:cast_iron_rocket_pod_rail#assembled=false,facing=down,waterlogged=true:
    minecraft:textures/atlas/blocks.png:cbc_at:block/cast_iron_rocket_pod
[28серп.2026 07:53:44.575] [Worker-Main-18/WARN] [net.minecraft.client.resources.model.ModelManager/]: Missing textures in model cbc_at:bronze_fume_extractor#inventory:
    minecraft:textures/atlas/blocks.png:minecraft:bronze_cannon_barrel_side
[28серп.2026 07:53:44.575] [Worker-Main-18/WARN] [net.minecraft.client.resources.model.ModelManager/]: Missing textures in model cbc_at:bronze_rocket_pod_breech#facing=down,waterlogged=true:
    minecraft:textures/atlas/blocks.png:cbc_at:block/bronze_rocket_pod
[28серп.2026 07:53:44.575] [Worker-Main-18/WARN] [net.minecraft.client.resources.model.ModelManager/]: Missing textures in model cbc_at:unbored_bronze_rocket_pod_rail#assembled=false,facing=south,waterlogged=true:
    minecraft:textures/atlas/blocks.png:cbc_at:block/bronze_rocket_pod
[28серп.2026 07:53:44.575] [Worker-Main-18/WARN] [net.minecraft.client.resources.model.ModelManager/]: Missing textures in model cbc_at:bronze_rocket_pod_breech#facing=south,waterlogged=true:
    minecraft:textures/atlas/blocks.png:cbc_at:block/bronze_rocket_pod
[28серп.2026 07:53:44.575] [Worker-Main-18/WARN] [net.minecraft.client.resources.model.ModelManager/]: Missing textures in model cbc_at:steel_rocket_pod_breech#facing=down,waterlogged=false:
    minecraft:textures/atlas/blocks.png:cbc_at:block/bronze_rocket_pod
[28серп.2026 07:53:44.575] [Worker-Main-18/WARN] [net.minecraft.client.resources.model.ModelManager/]: Missing textures in model cbc_at:cast_iron_rocket_pod_breech#facing=west,waterlogged=true:
    minecraft:textures/atlas/blocks.png:cbc_at:block/cast_iron_rocket_pod
[28серп.2026 07:53:44.575] [Worker-Main-18/WARN] [net.minecraft.client.resources.model.ModelManager/]: Missing textures in model cbc_at:cast_iron_rocket_pod_breech#inventory:
    minecraft:textures/atlas/blocks.png:cbc_at:block/cast_iron_rocket_pod
[28серп.2026 07:53:44.575] [Worker-Main-18/WARN] [net.minecraft.client.resources.model.ModelManager/]: Missing textures in model cbc_at:unbored_bronze_rocket_pod_breech#inventory:
    minecraft:textures/atlas/blocks.png:cbc_at:block/bronze_rocket_pod
[28серп.2026 07:53:44.575] [Worker-Main-18/WARN] [net.minecraft.client.resources.model.ModelManager/]: Missing textures in model cbc_at:unbored_cast_iron_rocket_pod_rail#assembled=false,facing=east,waterlogged=true:
    minecraft:textures/atlas/blocks.png:cbc_at:block/cast_iron_rocket_pod
[28серп.2026 07:53:44.575] [Worker-Main-18/WARN] [net.minecraft.client.resources.model.ModelManager/]: Missing textures in model cbc_at:unbored_bronze_fume_extractor#facing=east:
    minecraft:textures/atlas/blocks.png:minecraft:bronze_cannon_barrel_side
[28серп.2026 07:53:44.575] [Worker-Main-18/WARN] [net.minecraft.client.resources.model.ModelManager/]: Missing textures in model cbc_at:steel_rocket_pod_breech#facing=north,waterlogged=true:
    minecraft:textures/atlas/blocks.png:cbc_at:block/bronze_rocket_pod
[28серп.2026 07:53:44.575] [Worker-Main-18/WARN] [net.minecraft.client.resources.model.ModelManager/]: Missing textures in model cbc_at:unbored_bronze_rocket_pod_rail#assembled=false,facing=down,waterlogged=false:
    minecraft:textures/atlas/blocks.png:cbc_at:block/bronze_rocket_pod
[28серп.2026 07:53:44.575] [Worker-Main-18/WARN] [net.minecraft.client.resources.model.ModelManager/]: Missing textures in model cbc_at:unbored_bronze_rocket_pod_breech#facing=south,waterlogged=false:
    minecraft:textures/atlas/blocks.png:cbc_at:block/bronze_rocket_pod
[28серп.2026 07:53:44.575] [Worker-Main-18/WARN] [net.minecraft.client.resources.model.ModelManager/]: Missing textures in model cbc_at:cast_iron_rocket_pod_rail#assembled=false,facing=south,waterlogged=false:
    minecraft:textures/atlas/blocks.png:cbc_at:block/cast_iron_rocket_pod
[28серп.2026 07:53:44.575] [Worker-Main-18/WARN] [net.minecraft.client.resources.model.ModelManager/]: Missing textures in model cbc_at:unbored_steel_rocket_pod_breech#facing=south,waterlogged=true:
    minecraft:textures/atlas/blocks.png:cbc_at:block/bronze_rocket_pod
[28серп.2026 07:53:44.575] [Worker-Main-18/WARN] [net.minecraft.client.resources.model.ModelManager/]: Missing textures in model cbc_at:unbored_steel_rocket_pod_breech#inventory:
    minecraft:textures/atlas/blocks.png:cbc_at:block/bronze_rocket_pod
[28серп.2026 07:53:44.575] [Worker-Main-18/WARN] [net.minecraft.client.resources.model.ModelManager/]: Missing textures in model cbc_at:steel_rocket_pod_breech#facing=west,waterlogged=false:
    minecraft:textures/atlas/blocks.png:cbc_at:block/bronze_rocket_pod
[28серп.2026 07:53:44.575] [Worker-Main-18/WARN] [net.minecraft.client.resources.model.ModelManager/]: Missing textures in model cbcmoreshells:item/steel_dual_cannon_sliding_breechblock#standalone:
    minecraft:textures/atlas/blocks.png:cbcmoreshells:block/dual_cannon/steel_dual_cannon_breechblock_fback
[28серп.2026 07:53:44.575] [Worker-Main-18/WARN] [net.minecraft.client.resources.model.ModelManager/]: Missing textures in model cbc_at:wrought_iron_medium_rocket_rail_breech#inventory:
    minecraft:textures/atlas/blocks.png:cbc_at:block/bronze_medium_rocket_rail
[28серп.2026 07:53:44.575] [Worker-Main-18/WARN] [net.minecraft.client.resources.model.ModelManager/]: Missing textures in model cbc_at:heavy_autocannon_empty_cartridge#inventory:
    minecraft:textures/atlas/blocks.png:minecraft:cartridge_side
[28серп.2026 07:53:44.575] [Worker-Main-18/WARN] [net.minecraft.client.resources.model.ModelManager/]: Missing textures in model cbc_at:unbored_bronze_rocket_pod_rail#assembled=false,facing=up,waterlogged=true:
    minecraft:textures/atlas/blocks.png:cbc_at:block/bronze_rocket_pod
[28серп.2026 07:53:44.575] [Worker-Main-18/WARN] [net.minecraft.client.resources.model.ModelManager/]: Missing textures in model cbcmoreshells:item/large_steel_single_cannon_sliding_breechblock#standalone:
    minecraft:textures/atlas/blocks.png:cbcmoreshells:block/dual_cannon/steel_dual_cannon_breechblock_fback
[28серп.2026 07:53:44.575] [Worker-Main-18/WARN] [net.minecraft.client.resources.model.ModelManager/]: Missing textures in model cbc_at:unbored_steel_rocket_pod_rail#assembled=false,facing=west,waterlogged=false:
    minecraft:textures/atlas/blocks.png:cbc_at:block/bronze_rocket_pod
[28серп.2026 07:53:44.575] [Worker-Main-18/WARN] [net.minecraft.client.resources.model.ModelManager/]: Missing textures in model cbc_at:unbored_steel_rocket_pod_rail#assembled=false,facing=down,waterlogged=true:
    minecraft:textures/atlas/blocks.png:cbc_at:block/bronze_rocket_pod
[28серп.2026 07:53:44.575] [Worker-Main-18/WARN] [net.minecraft.client.resources.model.ModelManager/]: Missing textures in model cbcmoreshells:item/wide_steel_dual_cannon_sliding_breechblock#standalone:
    minecraft:textures/atlas/blocks.png:cbcmoreshells:block/dual_cannon/steel_dual_cannon_breechblock_fback
[28серп.2026 07:53:44.575] [Worker-Main-18/WARN] [net.minecraft.client.resources.model.ModelManager/]: Missing textures in model cbc_at:unbored_bronze_rocket_pod_rail#assembled=false,facing=east,waterlogged=true:
    minecraft:textures/atlas/blocks.png:cbc_at:block/bronze_rocket_pod
[28серп.2026 07:53:44.575] [Worker-Main-18/WARN] [net.minecraft.client.resources.model.ModelManager/]: Missing textures in model cbc_at:steel_rocket_pod_breech#inventory:
    minecraft:textures/atlas/blocks.png:cbc_at:block/bronze_rocket_pod
[28серп.2026 07:53:44.575] [Worker-Main-18/WARN] [net.minecraft.client.resources.model.ModelManager/]: Missing textures in model cbc_at:unbored_steel_rocket_pod_breech#facing=north,waterlogged=true:
    minecraft:textures/atlas/blocks.png:cbc_at:block/bronze_rocket_pod
[28серп.2026 07:53:44.575] [Worker-Main-18/WARN] [net.minecraft.client.resources.model.ModelManager/]: Missing textures in model cbc_at:unbored_steel_rocket_pod_rail#assembled=false,facing=north,waterlogged=true:
    minecraft:textures/atlas/blocks.png:cbc_at:block/bronze_rocket_pod
[28серп.2026 07:53:44.575] [Worker-Main-18/WARN] [net.minecraft.client.resources.model.ModelManager/]: Missing textures in model cbc_at:unbored_bronze_rocket_pod_breech#facing=east,waterlogged=true:
    minecraft:textures/atlas/blocks.png:cbc_at:block/bronze_rocket_pod
[28серп.2026 07:53:44.575] [Worker-Main-18/WARN] [net.minecraft.client.resources.model.ModelManager/]: Missing textures in model cbc_at:unbored_steel_rocket_pod_rail#assembled=false,facing=south,waterlogged=false:
    minecraft:textures/atlas/blocks.png:cbc_at:block/bronze_rocket_pod
[28серп.2026 07:53:44.575] [Worker-Main-18/WARN] [net.minecraft.client.resources.model.ModelManager/]: Missing textures in model cbc_at:unbored_bronze_fume_extractor#facing=south:
    minecraft:textures/atlas/blocks.png:minecraft:bronze_cannon_barrel_side
[28серп.2026 07:53:44.576] [Worker-Main-18/WARN] [net.minecraft.client.resources.model.ModelManager/]: Missing textures in model cbc_at:bronze_rocket_pod_rail#assembled=false,facing=east,waterlogged=true:
    minecraft:textures/atlas/blocks.png:cbc_at:block/bronze_rocket_pod
[28серп.2026 07:53:44.576] [Worker-Main-18/WARN] [net.minecraft.client.resources.model.ModelManager/]: Missing textures in model cbc_at:unbored_bronze_rocket_pod_breech#facing=north,waterlogged=true:
    minecraft:textures/atlas/blocks.png:cbc_at:block/bronze_rocket_pod
[28серп.2026 07:53:44.576] [Worker-Main-18/WARN] [net.minecraft.client.resources.model.ModelManager/]: Missing textures in model cbc_at:bronze_rocket_pod_breech#facing=east,waterlogged=false:
    minecraft:textures/atlas/blocks.png:cbc_at:block/bronze_rocket_pod
[28серп.2026 07:53:44.576] [Worker-Main-18/WARN] [net.minecraft.client.resources.model.ModelManager/]: Missing textures in model cbc_at:built_up_nethersteel_rifled_barrel#facing=east:
    minecraft:textures/atlas/blocks.png:cbc_at:block/built_up_nethersteel_barrel_side
[28серп.2026 07:53:44.576] [Worker-Main-18/WARN] [net.minecraft.client.resources.model.ModelManager/]: Missing textures in model cbc_at:block/twin_autocannon/cast_iron_vert_recoil_spring#standalone:
    minecraft:textures/atlas/blocks.png:minecraft:0
[28серп.2026 07:53:44.576] [Worker-Main-18/WARN] [net.minecraft.client.resources.model.ModelManager/]: Missing textures in model cbc_at:bronze_rocket_pod_rail#assembled=false,facing=up,waterlogged=true:
    minecraft:textures/atlas/blocks.png:cbc_at:block/bronze_rocket_pod
[28серп.2026 07:53:44.576] [Worker-Main-18/WARN] [net.minecraft.client.resources.model.ModelManager/]: Missing textures in model cbc_at:unbored_bronze_fume_extractor#facing=up:
    minecraft:textures/atlas/blocks.png:minecraft:bronze_cannon_barrel_side
[28серп.2026 07:53:44.576] [Worker-Main-18/WARN] [net.minecraft.client.resources.model.ModelManager/]: Missing textures in model cbc_at:unbored_cast_iron_rocket_pod_rail#assembled=false,facing=down,waterlogged=false:
    minecraft:textures/atlas/blocks.png:cbc_at:block/cast_iron_rocket_pod
[28серп.2026 07:53:44.576] [Worker-Main-18/WARN] [net.minecraft.client.resources.model.ModelManager/]: Missing textures in model cbc_at:unbored_cast_iron_rocket_pod_rail#assembled=false,facing=up,waterlogged=true:
    minecraft:textures/atlas/blocks.png:cbc_at:block/cast_iron_rocket_pod
[28серп.2026 07:53:44.576] [Worker-Main-18/WARN] [net.minecraft.client.resources.model.ModelManager/]: Missing textures in model cbc_at:bronze_rocket_pod_breech#facing=up,waterlogged=true:
    minecraft:textures/atlas/blocks.png:cbc_at:block/bronze_rocket_pod
[28серп.2026 07:53:44.576] [Worker-Main-18/WARN] [net.minecraft.client.resources.model.ModelManager/]: Missing textures in model cbcmoreshells:item/large_steel_dual_cannon_sliding_breechblock#standalone:
    minecraft:textures/atlas/blocks.png:cbcmoreshells:block/dual_cannon/steel_dual_cannon_breechblock_fback
[28серп.2026 07:53:44.576] [Worker-Main-18/WARN] [net.minecraft.client.resources.model.ModelManager/]: Missing textures in model cbc_at:steel_rocket_pod_breech#facing=up,waterlogged=false:
    minecraft:textures/atlas/blocks.png:cbc_at:block/bronze_rocket_pod
[28серп.2026 07:53:44.576] [Worker-Main-18/WARN] [net.minecraft.client.resources.model.ModelManager/]: Missing textures in model cbc_at:unbored_cast_iron_rocket_pod_breech#facing=down,waterlogged=true:
    minecraft:textures/atlas/blocks.png:cbc_at:block/cast_iron_rocket_pod
[28серп.2026 07:53:44.576] [Worker-Main-18/WARN] [net.minecraft.client.resources.model.ModelManager/]: Missing textures in model cbc_at:unbored_cast_iron_rocket_pod_breech#facing=south,waterlogged=false:
    minecraft:textures/atlas/blocks.png:cbc_at:block/cast_iron_rocket_pod
[28серп.2026 07:53:44.576] [Worker-Main-18/WARN] [net.minecraft.client.resources.model.ModelManager/]: Missing textures in model cbcmoreshells:item/wide_steel_single_cannon_sliding_breechblock#standalone:
    minecraft:textures/atlas/blocks.png:cbcmoreshells:block/dual_cannon/steel_dual_cannon_breechblock_fback
[28серп.2026 07:53:44.576] [Worker-Main-18/WARN] [net.minecraft.client.resources.model.ModelManager/]: Missing textures in model cbc_at:wrought_iron_medium_rocket_rail#inventory:
    minecraft:textures/atlas/blocks.png:cbc_at:block/bronze_medium_rocket_rail
[28серп.2026 07:53:44.576] [Worker-Main-18/WARN] [net.minecraft.client.resources.model.ModelManager/]: Missing textures in model cbc_at:cast_iron_rocket_pod_breech#facing=south,waterlogged=true:
    minecraft:textures/atlas/blocks.png:cbc_at:block/cast_iron_rocket_pod
[28серп.2026 07:53:44.576] [Worker-Main-18/WARN] [net.minecraft.client.resources.model.ModelManager/]: Missing textures in model cbc_at:unbored_bronze_rocket_pod_rail#assembled=false,facing=west,waterlogged=true:
    minecraft:textures/atlas/blocks.png:cbc_at:block/bronze_rocket_pod
[28серп.2026 07:53:44.576] [Worker-Main-18/WARN] [net.minecraft.client.resources.model.ModelManager/]: Missing textures in model cbc_at:built_up_nethersteel_rifled_barrel#facing=down:
    minecraft:textures/atlas/blocks.png:cbc_at:block/built_up_nethersteel_barrel_side
[28серп.2026 07:53:44.576] [Worker-Main-18/WARN] [net.minecraft.client.resources.model.ModelManager/]: Missing textures in model cbc_at:cast_iron_rocket_pod_breech#facing=up,waterlogged=false:
    minecraft:textures/atlas/blocks.png:cbc_at:block/cast_iron_rocket_pod
[28серп.2026 07:53:44.576] [Worker-Main-18/WARN] [net.minecraft.client.resources.model.ModelManager/]: Missing textures in model cbc_at:cast_iron_rocket_pod_breech#facing=down,waterlogged=false:
    minecraft:textures/atlas/blocks.png:cbc_at:block/cast_iron_rocket_pod
[28серп.2026 07:53:44.576] [Worker-Main-18/WARN] [net.minecraft.client.resources.model.ModelManager/]: Missing textures in model cbc_at:unbored_bronze_rocket_pod_rail#inventory:
    minecraft:textures/atlas/blocks.png:cbc_at:block/bronze_rocket_pod
[28серп.2026 07:53:44.576] [Worker-Main-18/WARN] [net.minecraft.client.resources.model.ModelManager/]: Missing textures in model cbc_at:bronze_rocket_pod_rail#assembled=false,facing=west,waterlogged=true:
    minecraft:textures/atlas/blocks.png:cbc_at:block/bronze_rocket_pod
[28серп.2026 07:53:44.576] [Worker-Main-18/WARN] [net.minecraft.client.resources.model.ModelManager/]: Missing textures in model cbc_at:unbored_bronze_rocket_pod_breech#facing=down,waterlogged=false:
    minecraft:textures/atlas/blocks.png:cbc_at:block/bronze_rocket_pod
[28серп.2026 07:53:44.576] [Worker-Main-18/WARN] [net.minecraft.client.resources.model.ModelManager/]: Missing textures in model cbc_at:unbored_steel_rocket_pod_breech#facing=up,waterlogged=true:
    minecraft:textures/atlas/blocks.png:cbc_at:block/bronze_rocket_pod
[28серп.2026 07:53:44.576] [Worker-Main-18/WARN] [net.minecraft.client.resources.model.ModelManager/]: Missing textures in model cbc_at:unbored_cast_iron_rocket_pod_rail#inventory:
    minecraft:textures/atlas/blocks.png:cbc_at:block/cast_iron_rocket_pod
[28серп.2026 07:53:44.576] [Worker-Main-18/WARN] [net.minecraft.client.resources.model.ModelManager/]: Missing textures in model cbc_at:unbored_steel_rocket_pod_rail#assembled=false,facing=up,waterlogged=false:
    minecraft:textures/atlas/blocks.png:cbc_at:block/bronze_rocket_pod
[28серп.2026 07:53:44.576] [Worker-Main-18/WARN] [net.minecraft.client.resources.model.ModelManager/]: Missing textures in model cbc_at:built_up_nethersteel_rifled_barrel#inventory:
    minecraft:textures/atlas/blocks.png:cbc_at:block/built_up_nethersteel_barrel_side
[28серп.2026 07:53:44.576] [Worker-Main-18/WARN] [net.minecraft.client.resources.model.ModelManager/]: Missing textures in model cbc_at:block/twin_autocannon/bronze_vert_recoil_spring#standalone:
    minecraft:textures/atlas/blocks.png:minecraft:0
[28серп.2026 07:53:44.576] [Worker-Main-18/WARN] [net.minecraft.client.resources.model.ModelManager/]: Missing textures in model cbc_at:cast_iron_rocket_pod_breech#facing=north,waterlogged=false:
    minecraft:textures/atlas/blocks.png:cbc_at:block/cast_iron_rocket_pod
[28серп.2026 07:53:44.576] [Worker-Main-18/WARN] [net.minecraft.client.resources.model.ModelManager/]: Missing textures in model cbc_at:unbored_cast_iron_rocket_pod_breech#facing=east,waterlogged=false:
    minecraft:textures/atlas/blocks.png:cbc_at:block/cast_iron_rocket_pod
[28серп.2026 07:53:44.576] [Worker-Main-18/WARN] [net.minecraft.client.resources.model.ModelManager/]: Missing textures in model cbc_at:built_up_nethersteel_rifled_barrel#facing=south:
    minecraft:textures/atlas/blocks.png:cbc_at:block/built_up_nethersteel_barrel_side
[28серп.2026 07:53:44.576] [Worker-Main-18/WARN] [net.minecraft.client.resources.model.ModelManager/]: Missing textures in model cbc_at:steel_rocket_pod_rail#assembled=false,facing=east,waterlogged=true:
    minecraft:textures/atlas/blocks.png:cbc_at:block/bronze_rocket_pod
[28серп.2026 07:53:44.576] [Worker-Main-18/WARN] [net.minecraft.client.resources.model.ModelManager/]: Missing textures in model cbc_at:unbored_bronze_rocket_pod_rail#assembled=false,facing=north,waterlogged=false:
    minecraft:textures/atlas/blocks.png:cbc_at:block/bronze_rocket_pod
[28серп.2026 07:53:44.576] [Worker-Main-18/WARN] [net.minecraft.client.resources.model.ModelManager/]: Missing textures in model cbc_at:cast_iron_rocket_pod_rail#assembled=false,facing=west,waterlogged=true:
    minecraft:textures/atlas/blocks.png:cbc_at:block/cast_iron_rocket_pod
[28серп.2026 07:53:44.576] [Worker-Main-18/WARN] [net.minecraft.client.resources.model.ModelManager/]: Missing textures in model cbc_at:steel_rocket_pod_breech#facing=east,waterlogged=true:
    minecraft:textures/atlas/blocks.png:cbc_at:block/bronze_rocket_pod
[28серп.2026 07:53:44.576] [Worker-Main-18/WARN] [net.minecraft.client.resources.model.ModelManager/]: Missing textures in model cbc_at:cast_iron_rocket_pod_rail#assembled=false,facing=north,waterlogged=false:
    minecraft:textures/atlas/blocks.png:cbc_at:block/cast_iron_rocket_pod
[28серп.2026 07:53:44.576] [Worker-Main-18/WARN] [net.minecraft.client.resources.model.ModelManager/]: Missing textures in model cbc_at:built_up_nethersteel_rifled_barrel#facing=west:
    minecraft:textures/atlas/blocks.png:cbc_at:block/built_up_nethersteel_barrel_side
[28серп.2026 07:53:44.576] [Worker-Main-18/WARN] [net.minecraft.client.resources.model.ModelManager/]: Missing textures in model cbc_at:block/twin_autocannon/cast_iron_recoil_spring#standalone:
    minecraft:textures/atlas/blocks.png:minecraft:0
[28серп.2026 07:53:44.576] [Worker-Main-18/WARN] [net.minecraft.client.resources.model.ModelManager/]: Missing textures in model cbc_at:built_up_nethersteel_rifled_barrel#facing=north:
    minecraft:textures/atlas/blocks.png:cbc_at:block/built_up_nethersteel_barrel_side
[28серп.2026 07:53:44.576] [Worker-Main-18/WARN] [net.minecraft.client.resources.model.ModelManager/]: Missing textures in model cbc_at:unbored_cast_iron_rocket_pod_rail#assembled=false,facing=west,waterlogged=false:
    minecraft:textures/atlas/blocks.png:cbc_at:block/cast_iron_rocket_pod
[28серп.2026 07:53:44.636] [Render thread/INFO] [Veil/]: Loaded 0 shader modifications
[28серп.2026 07:53:44.734] [Render thread/INFO] [Veil/]: Loaded 29 shaders from: pinwheel/shaders/program
[28серп.2026 07:53:44.788] [Worker-Main-14/INFO] [mixin/]: Mixing ponder.TickingInstructionAccessor from aeronautics.mixins.json into net.createmod.ponder.foundation.instruction.TickingInstruction
[28серп.2026 07:53:44.788] [Worker-Main-14/INFO] [mixin/]: Mixing ponder.TickingInstructionMixin from aeronautics.mixins.json into net.createmod.ponder.foundation.instruction.TickingInstruction
[28серп.2026 07:53:44.803] [Worker-Main-14/INFO] [mixin/]: Mixing ponder.DisplayWorldSectionInstructionMixin from aeronautics.mixins.json into net.createmod.ponder.foundation.instruction.DisplayWorldSectionInstruction
[28серп.2026 07:53:44.803] [Worker-Main-14/INFO] [mixin/]: Renaming synthetic method lambda$firstTick$0(Ljava/util/function/Supplier;)V to md504d38$aeronautics$lambda$firstTick$0$0 in aeronautics.mixins.json:ponder.DisplayWorldSectionInstructionMixin from mod aeronautics
[28серп.2026 07:53:44.808] [Worker-Main-14/INFO] [com.happysg.radar.CreateRadar/]: Registering Ponder!
[28серп.2026 07:53:44.829] [Worker-Main-14/INFO] [PonderIndex/]: Registering Ponder Scenes took 73.72 ms
[28серп.2026 07:53:44.832] [Worker-Main-14/INFO] [PonderIndex/]: Registering Ponder Tags took 3.579 ms
[28серп.2026 07:53:44.909] [Render thread/ERROR] [net.minecraft.client.sounds.SoundManager/]: Missing subtitle translation{key='cbcmoreshells.subtitle.rocket_launch', args=[]} for sound event: cbcmoreshells:rocket_launch
[28серп.2026 07:53:44.910] [Render thread/ERROR] [net.minecraft.client.sounds.SoundManager/]: Missing subtitle translation{key='subtitles.cbcatfix.missile_launch', args=[]} for sound event: cbcatfix:missile_launch
[28серп.2026 07:53:44.910] [Render thread/ERROR] [net.minecraft.client.sounds.SoundManager/]: Missing subtitle translation{key='cbcmoreshells.subtitle.sonar_pulse', args=[]} for sound event: cbcmoreshells:sonar_pulse
[28серп.2026 07:53:44.910] [Render thread/ERROR] [net.minecraft.client.sounds.SoundManager/]: Missing subtitle translation{key='cbcmoreshells.subtitle.dual_cannon_3', args=[]} for sound event: cbcmoreshells:dual_cannon_3
[28серп.2026 07:53:44.910] [Render thread/ERROR] [net.minecraft.client.sounds.SoundManager/]: Missing subtitle translation{key='cbcmoreshells.subtitle.dual_cannon_2', args=[]} for sound event: cbcmoreshells:dual_cannon_2
[28серп.2026 07:53:44.910] [Render thread/ERROR] [net.minecraft.client.sounds.SoundManager/]: Missing subtitle translation{key='cbcmoreshells.subtitle.dual_cannon_1', args=[]} for sound event: cbcmoreshells:dual_cannon_1
[28серп.2026 07:53:44.910] [Render thread/ERROR] [net.minecraft.client.sounds.SoundManager/]: Missing subtitle translation{key='cbcmoreshells.subtitle.servicebell', args=[]} for sound event: cbcmoreshells:servicebell
[28серп.2026 07:53:44.911] [Render thread/WARN] [net.minecraft.client.sounds.SoundEngine/]: Missing sound for event: minecraft:item.goat_horn.play
[28серп.2026 07:53:44.911] [Render thread/WARN] [net.minecraft.client.sounds.SoundEngine/]: Missing sound for event: minecraft:entity.goat.screaming.horn_break
[28серп.2026 07:53:44.947] [Render thread/INFO] [com.mojang.blaze3d.audio.Library/]: OpenAL initialized on device OpenAL Soft on Lautsprecher (Steam Streaming Speakers)
[28серп.2026 07:53:44.948] [Render thread/INFO] [net.minecraft.client.sounds.SoundEngine/SOUNDS]: Sound engine started
[28серп.2026 07:53:45.036] [Render thread/INFO] [net.minecraft.client.renderer.texture.TextureAtlas/]: Created: 2048x2048x4 minecraft:textures/atlas/blocks.png-atlas
[28серп.2026 07:53:45.037] [Render thread/INFO] [mixin/]: Mixing creative_tab_sections.SpriteContentsTickerMixin from simulated.mixins.json into net.minecraft.client.renderer.texture.SpriteContents$Ticker
[28серп.2026 07:53:45.048] [Render thread/INFO] [net.minecraft.client.renderer.texture.TextureAtlas/]: Created: 256x256x4 minecraft:textures/atlas/signs.png-atlas
[28серп.2026 07:53:45.048] [Render thread/INFO] [net.minecraft.client.renderer.texture.TextureAtlas/]: Created: 512x512x4 minecraft:textures/atlas/shield_patterns.png-atlas
[28серп.2026 07:53:45.048] [Render thread/INFO] [net.minecraft.client.renderer.texture.TextureAtlas/]: Created: 512x512x4 minecraft:textures/atlas/banner_patterns.png-atlas
[28серп.2026 07:53:45.049] [Render thread/INFO] [net.minecraft.client.renderer.texture.TextureAtlas/]: Created: 2048x1024x4 minecraft:textures/atlas/armor_trims.png-atlas
[28серп.2026 07:53:45.052] [Render thread/INFO] [net.minecraft.client.renderer.texture.TextureAtlas/]: Created: 256x256x4 minecraft:textures/atlas/chest.png-atlas
[28серп.2026 07:53:45.052] [Render thread/INFO] [net.minecraft.client.renderer.texture.TextureAtlas/]: Created: 128x64x4 minecraft:textures/atlas/decorated_pot.png-atlas
[28серп.2026 07:53:45.052] [Render thread/INFO] [net.minecraft.client.renderer.texture.TextureAtlas/]: Created: 512x256x4 minecraft:textures/atlas/beds.png-atlas
[28серп.2026 07:53:45.053] [Render thread/INFO] [net.minecraft.client.renderer.texture.TextureAtlas/]: Created: 512x256x4 minecraft:textures/atlas/shulker_boxes.png-atlas
[28серп.2026 07:53:45.089] [Render thread/INFO] [net.minecraft.client.renderer.texture.TextureAtlas/]: Created: 512x512x0 minecraft:textures/atlas/particles.png-atlas
[28серп.2026 07:53:45.091] [Render thread/INFO] [net.minecraft.client.renderer.texture.TextureAtlas/]: Created: 512x256x0 minecraft:textures/atlas/paintings.png-atlas
[28серп.2026 07:53:45.091] [Render thread/INFO] [net.minecraft.client.renderer.texture.TextureAtlas/]: Created: 256x128x0 minecraft:textures/atlas/mob_effects.png-atlas
[28серп.2026 07:53:45.091] [Render thread/INFO] [net.minecraft.client.renderer.texture.TextureAtlas/]: Created: 64x64x0 minecraft:textures/atlas/map_decorations.png-atlas
[28серп.2026 07:53:45.091] [Render thread/INFO] [net.minecraft.client.renderer.texture.TextureAtlas/]: Created: 1024x512x0 minecraft:textures/atlas/gui.png-atlas
[28серп.2026 07:53:45.106] [Render thread/WARN] [net.minecraft.client.renderer.ShaderInstance/]: Shader rendertype_entity_translucent_emissive could not find sampler named Sampler2 in the specified shader program.
[28серп.2026 07:53:45.122] [Render thread/INFO] [mixin/]: Mixing accessor.DebugPostChainAccessor from veil.debug.mixins.json into net.minecraft.client.renderer.PostChain
[28серп.2026 07:53:45.126] [Render thread/INFO] [mixin/]: Mixing client.ShaderEffectInstanceMixin from veil.shader.mixins.json into net.minecraft.client.renderer.EffectInstance
[28серп.2026 07:53:45.146] [Render thread/INFO] [Veil/]: Loaded 3 framebuffers
[28серп.2026 07:53:45.223] [Render thread/INFO] [Veil/]: Loaded 6 post pipelines
[28серп.2026 07:53:45.234] [Render thread/INFO] [Veil/]: Loaded 4 render types
[28серп.2026 07:53:45.235] [Render thread/INFO] [Veil/]: Enabled bloom pipeline
[28серп.2026 07:53:45.235] [Render thread/INFO] [Veil/]: Loaded 0 quasar particles
[28серп.2026 07:53:45.236] [Render thread/INFO] [Veil/]: Loaded 0 templates
[28серп.2026 07:53:45.236] [Render thread/INFO] [Veil/]: Loaded 0 modules
[28серп.2026 07:53:45.246] [Render thread/INFO] [Veil/]: Compiled 60 vanilla shaders in 107.6 ms
[28серп.2026 07:53:45.247] [Render thread/INFO] [net.minecraft.client.renderer.texture.TextureAtlas/]: Created: 256x256x0 jei:textures/atlas/gui.png-atlas
[28серп.2026 07:53:45.250] [Render thread/INFO] [mixin/]: Mixing compatibility.flywheel.ShaderSourcesMixin from sable-neoforge.mixins.json into dev.engine_room.flywheel.backend.glsl.ShaderSources
[28серп.2026 07:53:45.269] [Render thread/INFO] [flywheel/backend/shaders/]: Loaded 77 shader sources in 15,286 ms
[28серп.2026 07:53:45.301] [Render thread/INFO] [com.simibubi.create.Create/]: Loaded 58 train hat configurations.
[28серп.2026 07:53:45.302] [Render thread/INFO] [net.neoforged.neoforge.client.entity.animation.json.AnimationLoader/]: Loaded 0 entity animations
[28серп.2026 07:53:45.320] [Render thread/INFO] [mixin/]: Mixing diagram.VisualizationManagerImplMixin from simulated-neoforge.mixins.json into dev.engine_room.flywheel.impl.visualization.VisualizationManagerImpl
[28серп.2026 07:53:45.323] [Render thread/INFO] [mixin/]: Mixing compatibility.flywheel.BlockEntityStorageMixin from sable-neoforge.mixins.json into dev.engine_room.flywheel.impl.visualization.storage.BlockEntityStorage
[28серп.2026 07:53:45.357] [Render thread/INFO] [mixin/]: Mixing linked_typewriter.PonderTooltipHandlerMixin from simulated.mixins.json into net.createmod.ponder.foundation.PonderTooltipHandler
[28серп.2026 07:53:45.357] [Render thread/INFO] [mixin/]: Mixing new_ponder.PonderTooltipHandlerAccessor from simulated.mixins.json into net.createmod.ponder.foundation.PonderTooltipHandler
[28серп.2026 07:53:45.357] [Render thread/INFO] [mixin/]: Renaming @Accessor method getTrackingStack()Lnet/minecraft/world/item/ItemStack; to getTrackingStack$simulated_$md$504d38$0 in simulated.mixins.json:new_ponder.PonderTooltipHandlerAccessor from mod simulated
[28серп.2026 07:53:45.357] [Render thread/INFO] [mixin/]: Mixing new_ponder.PonderTooltipHandlerMixin from simulated.mixins.json into net.createmod.ponder.foundation.PonderTooltipHandler
[28серп.2026 07:53:45.361] [Render thread/INFO] [mixin/]: Mixing new_ponder.PonderUIMixin from simulated.mixins.json into net.createmod.ponder.foundation.ui.PonderUI
[28серп.2026 07:53:45.362] [Render thread/INFO] [mixin/]: Mixing ponder.PonderUIMixin from simulated.mixins.json into net.createmod.ponder.foundation.ui.PonderUI
[28серп.2026 07:53:45.362] [Render thread/WARN] [mixin/]: @Shadow target simulated.mixins.json:ponder.PonderUIMixin from mod simulated::scenes is final but shadow is not decorated with @Final
[28серп.2026 07:53:45.362] [Render thread/INFO] [mixin/]: Mixing levitite.PonderUIMixin from aeronautics.mixins.json into net.createmod.ponder.foundation.ui.PonderUI
[28серп.2026 07:53:46.304] [Render thread/INFO] [Veil/]: Finished uploading vanilla shaders
[28серп.2026 07:53:47.090] [Render thread/INFO] [mixin/]: Mixing sublevel_sounds.AbstractSoundInstanceMixin from sable.mixins.json into net.minecraft.client.resources.sounds.AbstractSoundInstance
