[10вер.2026 18:55:54.730] [main/INFO] [cpw.mods.modlauncher.Launcher/MODLAUNCHER]: ModLauncher running: args [--launchTarget, forgeclientdev, --version, 21.1.228, --assetIndex, 17, --assetsDir, C:\\Users\\andrt\\.gradle\\caches\\neoformruntime\\assets, --gameDir, ., --fml.fmlVersion, 4.0.42, --fml.mcVersion, 1.21.1, --fml.neoForgeVersion, 21.1.228, --fml.neoFormVersion, 20240808.144430]
[10вер.2026 18:55:54.732] [main/INFO] [cpw.mods.modlauncher.Launcher/MODLAUNCHER]: JVM identified as Microsoft OpenJDK 64-Bit Server VM 21.0.12+8-LTS
[10вер.2026 18:55:54.733] [main/INFO] [cpw.mods.modlauncher.Launcher/MODLAUNCHER]: ModLauncher 11.0.5+main.901c6ea8 starting: java version 21.0.12 by Microsoft; OS Windows 11 arch amd64 version 10.0
[10вер.2026 18:55:54.806] [main/INFO] [net.neoforged.fml.loading.ImmediateWindowHandler/]: Loading ImmediateWindowProvider fmlearlywindow
[10вер.2026 18:55:54.878] [main/INFO] [EARLYDISPLAY/]: Trying GL version 4.6
[10вер.2026 18:55:55.069] [main/INFO] [EARLYDISPLAY/]: Requested GL version 4.6 got version 4.6
[10вер.2026 18:55:55.139] [main/INFO] [mixin/]: SpongePowered MIXIN Subsystem Version=0.8.7 Source=union:/C:/Users/andrt/.gradle/caches/modules-2/files-2.1/net.fabricmc/sponge-mixin/0.15.2+mixin.0.8.7/2af2f021d8e02a0220dc27a7a72b4666d66d44ca/sponge-mixin-0.15.2+mixin.0.8.7.jar%23138!/ Service=ModLauncher Env=CLIENT
[10вер.2026 18:55:55.235] [pool-2-thread-1/INFO] [EARLYDISPLAY/]: GL info: NVIDIA GeForce RTX 4060/PCIe/SSE2 GL version 4.6.0 NVIDIA 616.64, NVIDIA Corporation
[10вер.2026 18:55:55.925] [main/WARN] [net.neoforged.jarjar.selection.JarSelector/]: Attempted to select a dependency jar for JarJar which was passed in as source: ponder. Using Mod File: C:\Users\andrt\.gradle\caches\modules-2\files-2.1\net.createmod.ponder\ponder-neoforge\1.0.82+mc1.21.1\b10a04f40b9d6d33c346fb38df33f10f7e51b713\ponder-neoforge-1.0.82+mc1.21.1.jar
[10вер.2026 18:55:55.926] [main/WARN] [net.neoforged.jarjar.selection.JarSelector/]: Attempted to select a dependency jar for JarJar which was passed in as source: library:Registrate.MC1._21._67. Using Mod File: C:\Users\andrt\IdeaProjects\CBCAT\libs\Registrate-MC1.21-1.3.0+67.jar
[10вер.2026 18:55:55.926] [main/WARN] [net.neoforged.jarjar.selection.JarSelector/]: Attempted to select a dependency jar for JarJar which was passed in as source: flywheel. Using Mod File: C:\Users\andrt\.gradle\caches\modules-2\files-2.1\dev.engine-room.flywheel\flywheel-neoforge-1.21.1\1.0.6\a943872ad0bdd4458d818d8d7dc123fb250eb744\flywheel-neoforge-1.21.1-1.0.6.jar
[10вер.2026 18:55:55.926] [main/INFO] [net.neoforged.fml.loading.moddiscovery.locators.JarInJarDependencyLocator/]: Found 11 dependencies adding them to mods collection
[10вер.2026 18:55:55.927] [main/INFO] [net.neoforged.fml.loading.moddiscovery.ModDiscoverer/]: 
     Mod List:
		Name Version (Mod Id)

		CBC Advanced Technology 0.1.4c-1.21.1 (cbc_at)
		CBCAT Fix 1.0.0 (cbcatfix)
		Create 6.0.10 (create)
		Create Aeronautics 1.3.0 (aeronautics)
		Create Aeronautics 1.3.0 (aeronautics_bundled)
		Create Big Cannons 5.11.7 (createbigcannons)
		Create Offroad 1.3.0 (offroad)
		Create Simulated 1.3.0 (simulated)
		Create: Radars 0.4.4-1.21.1 (create_radar)
		Flywheel 1.0.6 (flywheel)
		Jade 15.10.6+neoforge (jade)
		Just Enough Items 19.27.0.340 (jei)
		Minecraft 1.21.1 (minecraft)
		NeoForge 21.1.228 (neoforge)
		Ponder 1.0.82+mc1.21.1 (ponder)
		Ritchie's Projectile Library 2.1.2 (ritchiesprojectilelib)
		Sable 2.0.3 (sable)
		Sable Companion 1.6.0 (sablecompanion)
		Veil 4.1.4 (veil)
[10вер.2026 18:55:56.709] [main/WARN] [mixin/]: Compatibility level JAVA_17 specified by create_radar.mixins.json is higher than the maximum level supported by this version of mixin (JAVA_13).
[10вер.2026 18:55:56.710] [main/INFO] [mixin/]: Compatibility level set to JAVA_17
[10вер.2026 18:55:56.711] [main/WARN] [mixin/]: Compatibility level JAVA_21 specified by veil.command.mixins.json is higher than the maximum level supported by this version of mixin (JAVA_13).
[10вер.2026 18:55:56.712] [main/INFO] [mixin/]: Compatibility level set to JAVA_21
[10вер.2026 18:55:56.723] [main/WARN] [mixin/]: Compatibility level JAVA_16 specified by jade.mixins.json is higher than the maximum level supported by this version of mixin (JAVA_13).
[10вер.2026 18:55:56.724] [main/WARN] [mixin/]: Compatibility level JAVA_18 specified by aeronautics.mixins.json is higher than the maximum level supported by this version of mixin (JAVA_13).
[10вер.2026 18:55:56.726] [main/WARN] [mixin/]: Compatibility level JAVA_17 specified by flywheel.impl.neoforge.mixins.json is higher than the maximum level supported by this version of mixin (JAVA_13).
[10вер.2026 18:55:56.727] [main/WARN] [mixin/]: Compatibility level JAVA_17 specified by ponder.mixins.json is higher than the maximum level supported by this version of mixin (JAVA_13).
[10вер.2026 18:55:56.728] [main/WARN] [mixin/]: Compatibility level JAVA_17 specified by ponder-common.mixins.json is higher than the maximum level supported by this version of mixin (JAVA_13).
[10вер.2026 18:55:56.731] [main/WARN] [mixin/]: Compatibility level JAVA_17 specified by createbigcannons.mixins.json is higher than the maximum level supported by this version of mixin (JAVA_13).
[10вер.2026 18:55:56.733] [main/WARN] [mixin/]: Compatibility level JAVA_18 specified by offroad.mixins.json is higher than the maximum level supported by this version of mixin (JAVA_13).
[10вер.2026 18:55:56.737] [main/INFO] [cpw.mods.modlauncher.LaunchServiceHandler/MODLAUNCHER]: Launching target 'forgeclientdev' with arguments [--version, 21.1.228, --gameDir, ., --assetsDir, C:\Users\andrt\.gradle\caches\neoformruntime\assets, --assetIndex, 17]
[10вер.2026 18:55:56.775] [main/INFO] [mixin/]: Attempting to load Fernflower decompiler (Threaded mode)
[10вер.2026 18:55:56.776] [main/INFO] [mixin/]: Fernflower could not be loaded, exported classes will not be decompiled. NoClassDefFoundError: org/jetbrains/java/decompiler/main/extern/IResultSaver
[10вер.2026 18:55:57.023] [main/INFO] [mixin/]: Preparing mixins for MixinEnvironment[DEFAULT]
[10вер.2026 18:55:57.024] [main/INFO] [mixin/]: Selecting config create_radar.mixins.json
[10вер.2026 18:55:57.029] [main/WARN] [mixin/]: Reference map 'createradar.refmap.json' for create_radar.mixins.json could not be read. If this is a development environment you can ignore this message
[10вер.2026 18:55:57.029] [main/INFO] [mixin/]: Selecting config veil.command.mixins.json
[10вер.2026 18:55:57.047] [main/INFO] [mixin/]: Selecting config veil.debug.mixins.json
[10вер.2026 18:55:57.049] [main/INFO] [mixin/]: Selecting config veil.dynamicbuffer.mixins.json
[10вер.2026 18:55:57.049] [main/INFO] [mixin/]: Selecting config veil.fix.mixins.json
[10вер.2026 18:55:57.050] [main/INFO] [mixin/]: Selecting config veil.framebuffer.mixins.json
[10вер.2026 18:55:57.051] [main/INFO] [mixin/]: Selecting config veil.necromancer.mixins.json
[10вер.2026 18:55:57.051] [main/INFO] [mixin/]: Selecting config veil.network.mixins.json
[10вер.2026 18:55:57.051] [main/INFO] [mixin/]: Selecting config veil.performance.mixins.json
[10вер.2026 18:55:57.051] [main/INFO] [mixin/]: Selecting config veil.perspective.mixins.json
[10вер.2026 18:55:57.052] [main/INFO] [mixin/]: Selecting config veil.pipeline.mixins.json
[10вер.2026 18:55:57.052] [main/INFO] [mixin/]: Selecting config veil.quasar.mixins.json
[10вер.2026 18:55:57.053] [main/INFO] [mixin/]: Selecting config veil.registry.mixins.json
[10вер.2026 18:55:57.053] [main/INFO] [mixin/]: Selecting config veil.rendertype.mixins.json
[10вер.2026 18:55:57.054] [main/INFO] [mixin/]: Selecting config veil.resource.mixins.json
[10вер.2026 18:55:57.054] [main/INFO] [mixin/]: Selecting config veil.scheduler.mixins.json
[10вер.2026 18:55:57.054] [main/INFO] [mixin/]: Selecting config veil.shader.mixins.json
[10вер.2026 18:55:57.054] [main/INFO] [mixin/]: Selecting config veil.neoforge.mixins.json
[10вер.2026 18:55:57.055] [main/INFO] [mixin/]: Selecting config simulated.mixins.json
[10вер.2026 18:55:57.055] [main/WARN] [mixin/]: Reference map 'simulated.refmap.json' for simulated.mixins.json could not be read. If this is a development environment you can ignore this message
[10вер.2026 18:55:57.055] [main/INFO] [mixin/]: Selecting config simulated-neoforge.mixins.json
[10вер.2026 18:55:57.056] [main/INFO] [mixin/]: Selecting config jade.mixins.json
[10вер.2026 18:55:57.056] [main/INFO] [mixin/]: Selecting config cbc_at.mixins.json
[10вер.2026 18:55:57.056] [main/INFO] [mixin/]: Selecting config aeronautics.mixins.json
[10вер.2026 18:55:57.060] [main/WARN] [mixin/]: Reference map 'aeronautics.refmap.json' for aeronautics.mixins.json could not be read. If this is a development environment you can ignore this message
[10вер.2026 18:55:57.060] [main/INFO] [mixin/]: Selecting config aeronautics.neoforge.mixins.json
[10вер.2026 18:55:57.061] [main/INFO] [mixin/]: Selecting config flywheel.backend.mixins.json
[10вер.2026 18:55:57.068] [main/INFO] [mixin/]: Selecting config flywheel.impl.mixins.json
[10вер.2026 18:55:57.070] [main/INFO] [mixin/]: Selecting config flywheel.impl.neoforge.mixins.json
[10вер.2026 18:55:57.071] [main/INFO] [mixin/]: Selecting config ponder.mixins.json
[10вер.2026 18:55:57.072] [main/INFO] [mixin/]: Selecting config ponder-common.mixins.json
[10вер.2026 18:55:57.072] [main/WARN] [mixin/]: Reference map 'ponder.refmap.json' for ponder-common.mixins.json could not be read. If this is a development environment you can ignore this message
[10вер.2026 18:55:57.073] [main/INFO] [mixin/]: Selecting config create.mixins.json
[10вер.2026 18:55:57.074] [main/INFO] [mixin/]: Selecting config sable.mixins.json
[10вер.2026 18:55:57.088] [main/INFO] [dev.ryanhcode.sable.mixin.AbstractSableMixinPlugin/]: Using Vanilla renderer mixins
[10вер.2026 18:55:57.089] [main/INFO] [mixin/]: Selecting config sable-neoforge.mixins.json
[10вер.2026 18:55:57.090] [main/INFO] [dev.ryanhcode.sable.mixin.AbstractSableMixinPlugin/]: Using Vanilla renderer mixins
[10вер.2026 18:55:57.090] [main/INFO] [mixin/]: Selecting config cbcatfix.mixins.json
[10вер.2026 18:55:57.090] [main/WARN] [mixin/]: Reference map 'cbcatfix.refmap.json' for cbcatfix.mixins.json could not be read. If this is a development environment you can ignore this message
[10вер.2026 18:55:57.091] [main/INFO] [mixin/]: Selecting config createbigcannons.mixins.json
[10вер.2026 18:55:57.092] [main/INFO] [mixin/]: Selecting config offroad.mixins.json
[10вер.2026 18:55:57.092] [main/WARN] [mixin/]: Reference map 'offroad.refmap.json' for offroad.mixins.json could not be read. If this is a development environment you can ignore this message
[10вер.2026 18:55:57.092] [main/INFO] [mixin/]: Selecting config offroad.neoforge.mixins.json
[10вер.2026 18:55:57.093] [main/INFO] [mixin/]: Selecting config neoforge.mixins.json
[10вер.2026 18:55:57.093] [main/INFO] [mixin/]: Selecting config mixinextras.init.mixins.json
[10вер.2026 18:55:57.173] [main/INFO] [mixin/]: Preparing create_radar.mixins.json (3)
[10вер.2026 18:55:57.200] [main/INFO] [mixin/]: Preparing veil.command.mixins.json (1)
[10вер.2026 18:55:57.215] [main/INFO] [mixin/]: Preparing veil.debug.mixins.json (15)
[10вер.2026 18:55:57.257] [main/INFO] [mixin/]: Preparing veil.dynamicbuffer.mixins.json (5)
[10вер.2026 18:55:57.260] [main/INFO] [mixin/]: Preparing veil.fix.mixins.json (3)
[10вер.2026 18:55:57.270] [main/INFO] [mixin/]: Preparing veil.framebuffer.mixins.json (1)
[10вер.2026 18:55:57.272] [main/INFO] [mixin/]: Preparing veil.necromancer.mixins.json (2)
[10вер.2026 18:55:57.275] [main/INFO] [mixin/]: Preparing veil.network.mixins.json (3)
[10вер.2026 18:55:57.293] [main/INFO] [mixin/]: Preparing veil.performance.mixins.json (4)
[10вер.2026 18:55:57.296] [main/INFO] [mixin/]: Preparing veil.perspective.mixins.json (3)
[10вер.2026 18:55:57.297] [main/INFO] [mixin/]: Preparing veil.pipeline.mixins.json (19)
[10вер.2026 18:55:57.315] [main/INFO] [mixin/]: Preparing veil.quasar.mixins.json (2)
[10вер.2026 18:55:57.335] [main/INFO] [mixin/]: Preparing veil.registry.mixins.json (1)
[10вер.2026 18:55:57.336] [main/INFO] [mixin/]: Preparing veil.rendertype.mixins.json (6)
[10вер.2026 18:55:57.345] [main/INFO] [mixin/]: Preparing veil.resource.mixins.json (6)
[10вер.2026 18:55:57.352] [main/INFO] [mixin/]: Preparing veil.scheduler.mixins.json (1)
[10вер.2026 18:55:57.352] [main/INFO] [mixin/]: Preparing veil.shader.mixins.json (4)
[10вер.2026 18:55:57.356] [main/INFO] [mixin/]: Preparing veil.neoforge.mixins.json (34)
[10вер.2026 18:55:57.364] [main/WARN] [mixin/]: Error loading class: net/irisshaders/iris/pipeline/PipelineManager (java.lang.ClassNotFoundException: net.irisshaders.iris.pipeline.PipelineManager)
[10вер.2026 18:55:57.365] [main/WARN] [mixin/]: @Mixin target net.irisshaders.iris.pipeline.PipelineManager was not found veil.neoforge.mixins.json:client.perspective.iris.PipelineManagerMixin from mod veil
[10вер.2026 18:55:57.365] [main/INFO] [mixin/]: Preparing simulated.mixins.json (86)
[10вер.2026 18:55:57.438] [main/WARN] [mixin/]: @Mixin target net.minecraft.client.renderer.texture.SpriteContents$Ticker is public in simulated.mixins.json:creative_tab_sections.SpriteContentsTickerMixin from mod simulated and should be specified in value
[10вер.2026 18:55:57.464] [main/INFO] [mixin/]: Preparing simulated-neoforge.mixins.json (12)
[10вер.2026 18:55:57.469] [main/INFO] [mixin/]: Preparing jade.mixins.json (6)
[10вер.2026 18:55:57.473] [main/INFO] [mixin/]: Preparing cbc_at.mixins.json (6)
[10вер.2026 18:55:57.477] [main/INFO] [mixin/]: Preparing aeronautics.mixins.json (29)
[10вер.2026 18:55:57.490] [main/INFO] [mixin/]: Preparing aeronautics.neoforge.mixins.json (1)
[10вер.2026 18:55:57.492] [main/INFO] [mixin/]: Preparing flywheel.backend.mixins.json (9)
[10вер.2026 18:55:57.503] [main/INFO] [mixin/]: Preparing flywheel.impl.mixins.json (14)
[10вер.2026 18:55:57.524] [main/INFO] [mixin/]: Preparing flywheel.impl.neoforge.mixins.json (1)
[10вер.2026 18:55:57.527] [main/INFO] [mixin/]: Preparing ponder.mixins.json (1)
[10вер.2026 18:55:57.527] [main/INFO] [mixin/]: Preparing ponder-common.mixins.json (12)
[10вер.2026 18:55:57.537] [main/INFO] [mixin/]: Preparing create.mixins.json (64)
[10вер.2026 18:55:57.585] [main/INFO] [mixin/]: Preparing sable.mixins.json (215)
[10вер.2026 18:55:57.693] [main/INFO] [mixin/]: Preparing sable-neoforge.mixins.json (158)
[10вер.2026 18:55:57.804] [main/INFO] [mixin/]: Preparing cbcatfix.mixins.json (58)
[10вер.2026 18:55:57.820] [main/WARN] [mixin/]: @Mixin target com.dsvv.cbcat.cannon.autocannon.munitions.he.AutocannonHEProjectile is public in cbcatfix.mixins.json:ShellExplosionRedirectMixin from mod cbcatfix and should be specified in value
[10вер.2026 18:55:57.820] [main/WARN] [mixin/]: @Mixin target com.dsvv.cbcat.cannon.autocannon.munitions.hei.AutocannonHEIProjectile is public in cbcatfix.mixins.json:ShellExplosionRedirectMixin from mod cbcatfix and should be specified in value
[10вер.2026 18:55:57.821] [main/WARN] [mixin/]: @Mixin target com.dsvv.cbcat.cannon.heavy_autocannon.munitions.heat_shell.HA_HEATProjectile is public in cbcatfix.mixins.json:ShellExplosionRedirectMixin from mod cbcatfix and should be specified in value
[10вер.2026 18:55:57.821] [main/WARN] [mixin/]: @Mixin target com.dsvv.cbcat.cannon.heavy_autocannon.munitions.he_shell.HA_HEProjectile is public in cbcatfix.mixins.json:ShellExplosionRedirectMixin from mod cbcatfix and should be specified in value
[10вер.2026 18:55:57.821] [main/WARN] [mixin/]: @Mixin target com.dsvv.cbcat.cannon.heavy_autocannon.munitions.hef_shell.HA_HEFProjectile is public in cbcatfix.mixins.json:FlakExplosionRedirectMixin from mod cbcatfix and should be specified in value
[10вер.2026 18:55:57.822] [main/WARN] [mixin/]: Error loading class: com/dsvv/cbcat/cannon/autocannon/munitions/flak/AutocannonFlakProjectile (java.lang.ClassNotFoundException: com.dsvv.cbcat.cannon.autocannon.munitions.flak.AutocannonFlakProjectile)
[10вер.2026 18:55:57.822] [main/WARN] [mixin/]: @Mixin target com.dsvv.cbcat.cannon.autocannon.munitions.flak.AutocannonFlakProjectile was not found cbcatfix.mixins.json:FlakExplosionRedirectMixin from mod cbcatfix
[10вер.2026 18:55:57.822] [main/WARN] [mixin/]: @Mixin target com.dsvv.cbcat.cannon.heavy_autocannon.munitions.smoke_shell.HA_SmokeProjectile is public in cbcatfix.mixins.json:SmokeExplosionRedirectMixin from mod cbcatfix and should be specified in value
[10вер.2026 18:55:57.823] [main/WARN] [mixin/]: @Mixin target com.dsvv.cbcat.cluster_munition.FuzedClusterProjectile is public in cbcatfix.mixins.json:ClusterSubmunitionConfigMixin from mod cbcatfix and should be specified in value
[10вер.2026 18:55:57.823] [main/WARN] [mixin/]: @Mixin target com.dsvv.cbcat.cannon.autocannon.munitions.apds.AutocannonAPDSProjectile is public in cbcatfix.mixins.json:CbcatMunitionPropertiesMixin from mod cbcatfix and should be specified in value
[10вер.2026 18:55:57.823] [main/WARN] [mixin/]: @Mixin target com.dsvv.cbcat.cannon.autocannon.munitions.apdsfs.AutocannonAPDSFSProjectile is public in cbcatfix.mixins.json:CbcatMunitionPropertiesMixin from mod cbcatfix and should be specified in value
[10вер.2026 18:55:57.823] [main/WARN] [mixin/]: @Mixin target com.dsvv.cbcat.cannon.autocannon.munitions.he.AutocannonHEProjectile is public in cbcatfix.mixins.json:CbcatMunitionPropertiesMixin from mod cbcatfix and should be specified in value
[10вер.2026 18:55:57.823] [main/WARN] [mixin/]: @Mixin target com.dsvv.cbcat.cannon.autocannon.munitions.hei.AutocannonHEIProjectile is public in cbcatfix.mixins.json:CbcatMunitionPropertiesMixin from mod cbcatfix and should be specified in value
[10вер.2026 18:55:57.824] [main/WARN] [mixin/]: @Mixin target com.dsvv.cbcat.cannon.heavy_autocannon.munitions.ap_shot.HA_APProjectile is public in cbcatfix.mixins.json:CbcatMunitionPropertiesMixin from mod cbcatfix and should be specified in value
[10вер.2026 18:55:57.824] [main/WARN] [mixin/]: @Mixin target com.dsvv.cbcat.cannon.heavy_autocannon.munitions.apds_shot.HA_APDSProjectile is public in cbcatfix.mixins.json:CbcatMunitionPropertiesMixin from mod cbcatfix and should be specified in value
[10вер.2026 18:55:57.824] [main/WARN] [mixin/]: @Mixin target com.dsvv.cbcat.cannon.heavy_autocannon.munitions.apdsfs.HA_APDSFSProjectile is public in cbcatfix.mixins.json:CbcatMunitionPropertiesMixin from mod cbcatfix and should be specified in value
[10вер.2026 18:55:57.824] [main/WARN] [mixin/]: @Mixin target com.dsvv.cbcat.cannon.heavy_autocannon.munitions.he_shell.HA_HEProjectile is public in cbcatfix.mixins.json:CbcatMunitionPropertiesMixin from mod cbcatfix and should be specified in value
[10вер.2026 18:55:57.824] [main/WARN] [mixin/]: @Mixin target com.dsvv.cbcat.cannon.heavy_autocannon.munitions.hef_shell.HA_HEFProjectile is public in cbcatfix.mixins.json:CbcatMunitionPropertiesMixin from mod cbcatfix and should be specified in value
[10вер.2026 18:55:57.824] [main/WARN] [mixin/]: @Mixin target com.dsvv.cbcat.cannon.heavy_autocannon.munitions.heat_shell.HA_HEATProjectile is public in cbcatfix.mixins.json:CbcatMunitionPropertiesMixin from mod cbcatfix and should be specified in value
[10вер.2026 18:55:57.824] [main/WARN] [mixin/]: @Mixin target com.dsvv.cbcat.cannon.heavy_autocannon.munitions.smoke_shell.HA_SmokeProjectile is public in cbcatfix.mixins.json:CbcatMunitionPropertiesMixin from mod cbcatfix and should be specified in value
[10вер.2026 18:55:57.824] [main/WARN] [mixin/]: @Mixin target com.dsvv.cbcat.cluster_munition.FuzedClusterProjectile is public in cbcatfix.mixins.json:CbcatMunitionPropertiesMixin from mod cbcatfix and should be specified in value
[10вер.2026 18:55:57.825] [main/WARN] [mixin/]: @Mixin target com.dsvv.cbcat.cannon.autocannon.munitions.he.AutocannonHEProjectile is public in cbcatfix.mixins.json:CbcatSpecialMunitionEffectsMixin from mod cbcatfix and should be specified in value
[10вер.2026 18:55:57.825] [main/WARN] [mixin/]: @Mixin target com.dsvv.cbcat.cannon.autocannon.munitions.hei.AutocannonHEIProjectile is public in cbcatfix.mixins.json:CbcatSpecialMunitionEffectsMixin from mod cbcatfix and should be specified in value
[10вер.2026 18:55:57.825] [main/WARN] [mixin/]: @Mixin target com.dsvv.cbcat.cannon.heavy_autocannon.munitions.he_shell.HA_HEProjectile is public in cbcatfix.mixins.json:CbcatSpecialMunitionEffectsMixin from mod cbcatfix and should be specified in value
[10вер.2026 18:55:57.825] [main/WARN] [mixin/]: @Mixin target com.dsvv.cbcat.cannon.heavy_autocannon.munitions.hef_shell.HA_HEFProjectile is public in cbcatfix.mixins.json:CbcatSpecialMunitionEffectsMixin from mod cbcatfix and should be specified in value
[10вер.2026 18:55:57.826] [main/WARN] [mixin/]: @Mixin target com.dsvv.cbcat.cannon.rocketpod.breech.RocketPodBreechBlockEntity is public in cbcatfix.mixins.json:RocketMountLengthMixin from mod cbcatfix and should be specified in value
[10вер.2026 18:55:57.828] [main/WARN] [mixin/]: @Mixin target com.dsvv.cbcat.cannon.medium_rocketpod.breech.MediumRocketPodBreechBlockEntity is public in cbcatfix.mixins.json:RocketMountLengthMixin from mod cbcatfix and should be specified in value
[10вер.2026 18:55:57.829] [main/WARN] [mixin/]: @Mixin target com.dsvv.cbcat.cannon.rocketpod.contraption.MountedRocketPodContraption is public in cbcatfix.mixins.json:RocketMountLaunchMixin from mod cbcatfix and should be specified in value
[10вер.2026 18:55:57.831] [main/WARN] [mixin/]: @Mixin target com.dsvv.cbcat.cannon.medium_rocketpod.contraption.MountedMediumRocketRailContraption is public in cbcatfix.mixins.json:RocketMountLaunchMixin from mod cbcatfix and should be specified in value
[10вер.2026 18:55:57.831] [main/WARN] [mixin/]: @Mixin target com.dsvv.cbcat.cannon.rocketpod.contraption.MountedRocketPodContraption is public in cbcatfix.mixins.json:RocketLauncherAssemblyMixin from mod cbcatfix and should be specified in value
[10вер.2026 18:55:57.831] [main/WARN] [mixin/]: @Mixin target com.dsvv.cbcat.cannon.medium_rocketpod.contraption.MountedMediumRocketRailContraption is public in cbcatfix.mixins.json:RocketLauncherAssemblyMixin from mod cbcatfix and should be specified in value
[10вер.2026 18:55:57.831] [main/WARN] [mixin/]: @Mixin target com.dsvv.cbcat.cannon.rocketpod.RocketPodBarrelBlock is public in cbcatfix.mixins.json:RocketLauncherShapeMixin from mod cbcatfix and should be specified in value
[10вер.2026 18:55:57.832] [main/WARN] [mixin/]: @Mixin target com.dsvv.cbcat.cannon.rocketpod.breech.RocketPodBreechBlock is public in cbcatfix.mixins.json:RocketLauncherShapeMixin from mod cbcatfix and should be specified in value
[10вер.2026 18:55:57.832] [main/WARN] [mixin/]: @Mixin target com.dsvv.cbcat.cannon.medium_rocketpod.MediumRocketPodBarrelBlock is public in cbcatfix.mixins.json:RocketLauncherShapeMixin from mod cbcatfix and should be specified in value
[10вер.2026 18:55:57.833] [main/WARN] [mixin/]: @Mixin target com.dsvv.cbcat.cannon.medium_rocketpod.breech.MediumRocketPodBreechBlock is public in cbcatfix.mixins.json:RocketLauncherShapeMixin from mod cbcatfix and should be specified in value
[10вер.2026 18:55:57.834] [main/WARN] [mixin/]: @Mixin target com.dsvv.cbcat.cannon.rocketpod.munitions.AbstractFuzedRocket is public in cbcatfix.mixins.json:AbstractFuzedRocketMixin from mod cbcatfix and should be specified in value
[10вер.2026 18:55:57.834] [main/WARN] [mixin/]: @Mixin target com.dsvv.cbcat.cannon.medium_rocketpod.munitions.AbstractMediumFuzedRocket is public in cbcatfix.mixins.json:AbstractMediumFuzedRocketMixin from mod cbcatfix and should be specified in value
[10вер.2026 18:55:57.834] [main/WARN] [mixin/]: @Mixin target com.dsvv.cbcat.cannon.heavy_autocannon.munitions.heat_shell.HA_HEATProjectile is public in cbcatfix.mixins.json:HeavyAutocannonHeatMixin from mod cbcatfix and should be specified in value
[10вер.2026 18:55:57.835] [main/WARN] [mixin/]: @Mixin target com.dsvv.cbcat.cannon.medium_rocketpod.munitions.AbstractMediumRocket is public in cbcatfix.mixins.json:AbstractMediumRocketMixin from mod cbcatfix and should be specified in value
[10вер.2026 18:55:57.837] [main/WARN] [mixin/]: @Mixin target com.dsvv.cbcat.cannon.rocketpod.contraption.MountedRocketPodContraption is public in cbcatfix.mixins.json:RocketIgnitionSoundMixin from mod cbcatfix and should be specified in value
[10вер.2026 18:55:57.838] [main/WARN] [mixin/]: @Mixin target com.dsvv.cbcat.cannon.medium_rocketpod.contraption.MountedMediumRocketRailContraption is public in cbcatfix.mixins.json:RocketIgnitionSoundMixin from mod cbcatfix and should be specified in value
[10вер.2026 18:55:57.838] [main/WARN] [mixin/]: @Mixin target com.dsvv.cbcat.cannon.rocketpod.munitions.ap_rocket.AP_RocketItem is public in cbcatfix.mixins.json:SmallRocketPayloadMixin from mod cbcatfix and should be specified in value
[10вер.2026 18:55:57.838] [main/WARN] [mixin/]: @Mixin target com.dsvv.cbcat.cannon.rocketpod.munitions.flak_rocket.Flak_RocketItem is public in cbcatfix.mixins.json:SmallRocketPayloadMixin from mod cbcatfix and should be specified in value
[10вер.2026 18:55:57.838] [main/WARN] [mixin/]: @Mixin target com.dsvv.cbcat.cannon.rocketpod.munitions.he_rocket.HE_RocketItem is public in cbcatfix.mixins.json:SmallRocketPayloadMixin from mod cbcatfix and should be specified in value
[10вер.2026 18:55:57.838] [main/WARN] [mixin/]: @Mixin target com.dsvv.cbcat.cannon.rocketpod.munitions.hei_rocket.HEI_RocketItem is public in cbcatfix.mixins.json:SmallRocketPayloadMixin from mod cbcatfix and should be specified in value
[10вер.2026 18:55:57.838] [main/WARN] [mixin/]: @Mixin target com.dsvv.cbcat.cannon.medium_rocketpod.munitions.medium_ap_rocket.APMediumRocketItem is public in cbcatfix.mixins.json:MediumRocketPayloadMixin from mod cbcatfix and should be specified in value
[10вер.2026 18:55:57.838] [main/WARN] [mixin/]: @Mixin target com.dsvv.cbcat.cannon.medium_rocketpod.munitions.medium_he_rocket.HEMediumRocketItem is public in cbcatfix.mixins.json:MediumRocketPayloadMixin from mod cbcatfix and should be specified in value
[10вер.2026 18:55:57.838] [main/WARN] [mixin/]: @Mixin target com.dsvv.cbcat.cannon.medium_rocketpod.munitions.medium_hef_rocket.HEFMediumRocketItem is public in cbcatfix.mixins.json:MediumRocketPayloadMixin from mod cbcatfix and should be specified in value
[10вер.2026 18:55:57.839] [main/WARN] [mixin/]: @Mixin target com.dsvv.cbcat.cannon.medium_rocketpod.munitions.medium_heat_rocket.HEATMediumRocketItem is public in cbcatfix.mixins.json:MediumRocketPayloadMixin from mod cbcatfix and should be specified in value
[10вер.2026 18:55:57.839] [main/WARN] [mixin/]: @Mixin target com.cbcatfix.munitions.BigAPRocketItem is public in cbcatfix.mixins.json:BigRocketPayloadMixin from mod cbcatfix and should be specified in value
[10вер.2026 18:55:57.839] [main/WARN] [mixin/]: @Mixin target com.cbcatfix.munitions.BigHERocketItem is public in cbcatfix.mixins.json:BigRocketPayloadMixin from mod cbcatfix and should be specified in value
[10вер.2026 18:55:57.840] [main/WARN] [mixin/]: @Mixin target com.cbcatfix.munitions.BigHEATRocketItem is public in cbcatfix.mixins.json:BigRocketPayloadMixin from mod cbcatfix and should be specified in value
[10вер.2026 18:55:57.840] [main/WARN] [mixin/]: @Mixin target com.happysg.radar.item.GuidedFuzeItem is public in cbcatfix.mixins.json:GuidedFuzeItemMixin from mod cbcatfix and should be specified in value
[10вер.2026 18:55:57.840] [main/WARN] [mixin/]: @Mixin target com.dsvv.cbcat.cannon.rocketpod.munitions.AbstractFuzedRocket is public in cbcatfix.mixins.json:RocketDetonationInvoker from mod cbcatfix and should be specified in value
[10вер.2026 18:55:57.840] [main/WARN] [mixin/]: @Mixin target com.dsvv.cbcat.cannon.medium_rocketpod.munitions.AbstractMediumFuzedRocket is public in cbcatfix.mixins.json:RocketDetonationInvoker from mod cbcatfix and should be specified in value
[10вер.2026 18:55:57.843] [main/WARN] [mixin/]: @Mixin target com.dsvv.cbcat.crafting.jei.CBCATJEI is public in cbcatfix.mixins.json:CBCATJEIMixin from mod cbcatfix and should be specified in value
[10вер.2026 18:55:57.844] [main/INFO] [mixin/]: Preparing createbigcannons.mixins.json (47)
[10вер.2026 18:55:57.852] [main/WARN] [mixin/]: Error loading class: xfacthd/framedblocks/common/blockentity/doubled/slab/FramedAdjustableDoubleBlockEntity (java.lang.ClassNotFoundException: xfacthd.framedblocks.common.blockentity.doubled.slab.FramedAdjustableDoubleBlockEntity)
[10вер.2026 18:55:57.853] [main/WARN] [mixin/]: @Mixin target xfacthd.framedblocks.common.blockentity.doubled.slab.FramedAdjustableDoubleBlockEntity was not found createbigcannons.mixins.json:compat.framedblocks.FramedAdjustableDoubleBlockEntityAccessor from mod createbigcannons
[10вер.2026 18:55:57.856] [main/INFO] [mixin/]: Preparing offroad.mixins.json (5)
[10вер.2026 18:55:57.857] [main/INFO] [mixin/]: Preparing offroad.neoforge.mixins.json (1)
[10вер.2026 18:55:57.857] [main/INFO] [mixin/]: Preparing neoforge.mixins.json (2)
[10вер.2026 18:55:57.858] [main/INFO] [mixin/]: Preparing mixinextras.init.mixins.json (0)
[10вер.2026 18:55:57.895] [main/WARN] [mixin/]: Error loading class: org/jetbrains/annotations/ApiStatus$ScheduledForRemoval (java.lang.ClassNotFoundException: org.jetbrains.annotations.ApiStatus$ScheduledForRemoval)
[10вер.2026 18:55:57.926] [main/WARN] [mixin/]: Error loading class: com/dsvv/cbcat/cannon/autocannon/munitions/flak/AutocannonFlakProjectile (java.lang.ClassNotFoundException: com.dsvv.cbcat.cannon.autocannon.munitions.flak.AutocannonFlakProjectile)
[10вер.2026 18:55:57.927] [main/WARN] [mixin/]: Error loading class: com/dsvv/cbcat/cannon/autocannon/munitions/flak/AutocannonFlakProjectile (java.lang.ClassNotFoundException: com.dsvv.cbcat.cannon.autocannon.munitions.flak.AutocannonFlakProjectile)
[10вер.2026 18:55:57.945] [main/INFO] [mixin/]: Prepared 792 mixins in 0,919 sec (1,2ms avg) (0ms load, 0ms transform, 0ms plugin)
[10вер.2026 18:55:57.949] [main/INFO] [MixinExtras|Service/]: Initializing MixinExtras via com.llamalad7.mixinextras.service.MixinExtrasServiceImpl(version=0.5.3).
[10вер.2026 18:55:57.959] [main/INFO] [mixin/]: Mixing client.PerformanceAbstractTextureMixin from veil.performance.mixins.json into net.minecraft.client.renderer.texture.AbstractTexture
[10вер.2026 18:55:57.971] [main/INFO] [mixin/]: Mixing client.PipelineAbstractTextureMixin from veil.pipeline.mixins.json into net.minecraft.client.renderer.texture.AbstractTexture
[10вер.2026 18:55:58.006] [main/INFO] [mixin/]: Mixing physics_staff.GuiGraphicsMixin from simulated.mixins.json into net.minecraft.client.gui.GuiGraphics
[10вер.2026 18:55:58.057] [main/INFO] [mixin/]: Mixing client.DebugMinecraftMixin from veil.debug.mixins.json into net.minecraft.client.Minecraft
[10вер.2026 18:55:58.075] [main/INFO] [mixin/]: Mixing client.PipelineMinecraftMixin from veil.pipeline.mixins.json into net.minecraft.client.Minecraft
[10вер.2026 18:55:58.077] [main/INFO] [mixin/]: Mixing client.MinecraftMixin from veil.neoforge.mixins.json into net.minecraft.client.Minecraft
[10вер.2026 18:55:58.080] [main/INFO] [mixin/]: Mixing handle.MinecraftMixin from simulated.mixins.json into net.minecraft.client.Minecraft
[10вер.2026 18:55:58.081] [main/INFO] [mixin/]: Mixing custom_situational_music.MinecraftMixin from aeronautics.mixins.json into net.minecraft.client.Minecraft
[10вер.2026 18:55:58.082] [main/WARN] [mixin/]: aeronautics.mixins.json:custom_situational_music.MinecraftMixin from mod aeronautics: Class version 65 required is higher than the class version supported by the current version of Mixin (JAVA_18 supports class version 62)
[10вер.2026 18:55:58.085] [main/INFO] [mixin/]: Mixing MinecraftMixin from flywheel.impl.mixins.json into net.minecraft.client.Minecraft
[10вер.2026 18:55:58.087] [main/INFO] [mixin/]: Mixing client.WindowResizeMixin from ponder-common.mixins.json into net.minecraft.client.Minecraft
[10вер.2026 18:55:58.088] [main/WARN] [mixin/]: ponder-common.mixins.json:client.WindowResizeMixin from mod ponder: Class version 65 required is higher than the class version supported by the current version of Mixin (JAVA_17 supports class version 61)
[10вер.2026 18:55:58.089] [main/INFO] [mixin/]: Mixing accessor.MinecraftAccessor from create.mixins.json into net.minecraft.client.Minecraft
[10вер.2026 18:55:58.093] [main/INFO] [mixin/]: Mixing camera.new_camera_types.MinecraftMixin from sable.mixins.json into net.minecraft.client.Minecraft
[10вер.2026 18:55:58.103] [main/INFO] [mixin/]: Mixing plot.MinecraftMixin from sable.mixins.json into net.minecraft.client.Minecraft
[10вер.2026 18:55:58.107] [main/INFO] [mixin/]: Mixing punching.MinecraftMixin from sable.mixins.json into net.minecraft.client.Minecraft
[10вер.2026 18:55:58.213] [main/INFO] [mixin/]: Mixing client.DebugMainMixin from veil.debug.mixins.json into net.minecraft.client.main.Main
[10вер.2026 18:55:58.214] [main/INFO] [mixin/]: Renaming synthetic method lambda$preMain$0(Ljava/util/concurrent/atomic/AtomicBoolean;)V to md9d2632$veil$lambda$preMain$0$0 in veil.debug.mixins.json:client.DebugMainMixin from mod veil
[10вер.2026 18:55:58.366] [main/INFO] [mixin/]: Mixing accessor.NbtAccounterAccessor from create.mixins.json into net.minecraft.nbt.NbtAccounter
[10вер.2026 18:55:58.426] [main/INFO] [mixin/]: Mixing datafixer.BlockPosFormatAndRenamesFixMixin from create.mixins.json into net.minecraft.util.datafix.fixes.BlockPosFormatAndRenamesFix
[10вер.2026 18:55:58.426] [main/INFO] [mixin/]: Renaming synthetic method lambda$create$addFixers$2(Lcom/mojang/datafixers/OpticFinder;Lcom/simibubi/create/foundation/utility/DataFixerHelper$BlockPosFixer;Lcom/mojang/datafixers/Typed;)Lcom/mojang/datafixers/Typed; to md9d2632$create$lambda$create$addFixers$2$0 in create.mixins.json:datafixer.BlockPosFormatAndRenamesFixMixin from mod create
[10вер.2026 18:55:58.426] [main/INFO] [mixin/]: Renaming synthetic method lambda$create$addFixers$1(Lcom/simibubi/create/foundation/utility/DataFixerHelper$BlockPosFixer;Lcom/mojang/datafixers/Typed;)Lcom/mojang/datafixers/Typed; to md9d2632$create$lambda$create$addFixers$1$1 in create.mixins.json:datafixer.BlockPosFormatAndRenamesFixMixin from mod create
[10вер.2026 18:55:58.426] [main/INFO] [mixin/]: Renaming synthetic method lambda$create$addFixers$0(Lcom/simibubi/create/foundation/utility/DataFixerHelper$BlockPosFixer;Lcom/mojang/serialization/Dynamic;)Lcom/mojang/serialization/Dynamic; to md9d2632$create$lambda$create$addFixers$0$2 in create.mixins.json:datafixer.BlockPosFormatAndRenamesFixMixin from mod create
[10вер.2026 18:55:58.439] [main/INFO] [mixin/]: Mixing datafixer.ItemStackComponentizationFixMixin from create.mixins.json into net.minecraft.util.datafix.fixes.ItemStackComponentizationFix
[10вер.2026 18:55:58.440] [main/INFO] [mixin/]: Renaming synthetic method lambda$create$moveItemStackHandlerToItemContainerContents$4(Lcom/mojang/serialization/Dynamic;Lnet/minecraft/util/datafix/fixes/ItemStackComponentizationFix$ItemStackData;Ljava/lang/String;Lcom/mojang/serialization/Dynamic;)V to md9d2632$create$lambda$create$moveItemStackHandlerToItemContainerContents$4$0 in create.mixins.json:datafixer.ItemStackComponentizationFixMixin from mod create
[10вер.2026 18:55:58.440] [main/INFO] [mixin/]: Renaming synthetic method lambda$create$moveItemStackHandlerToItemContainerContents$3(Lcom/mojang/serialization/Dynamic;Ljava/util/List;Lcom/mojang/serialization/Dynamic;)V to md9d2632$create$lambda$create$moveItemStackHandlerToItemContainerContents$3$1 in create.mixins.json:datafixer.ItemStackComponentizationFixMixin from mod create
[10вер.2026 18:55:58.440] [main/INFO] [mixin/]: Renaming synthetic method lambda$create$moveTagToEnumComponent$2([Ljava/lang/Enum;Lnet/minecraft/util/datafix/fixes/ItemStackComponentizationFix$ItemStackData;Ljava/lang/String;Lcom/mojang/serialization/Dynamic;)V to md9d2632$create$lambda$create$moveTagToEnumComponent$2$2 in create.mixins.json:datafixer.ItemStackComponentizationFixMixin from mod create
[10вер.2026 18:55:58.440] [main/INFO] [mixin/]: Renaming synthetic method lambda$create$fixItemsAndTranslateNBTIntoComponents$1(Lnet/minecraft/util/datafix/fixes/ItemStackComponentizationFix$ItemStackData;Lcom/mojang/serialization/Dynamic;)V to md9d2632$create$lambda$create$fixItemsAndTranslateNBTIntoComponents$1$3 in create.mixins.json:datafixer.ItemStackComponentizationFixMixin from mod create
[10вер.2026 18:55:58.440] [main/INFO] [mixin/]: Renaming synthetic method lambda$create$fixItemsAndTranslateNBTIntoComponents$0(Lcom/mojang/serialization/Dynamic;Lnet/minecraft/util/datafix/fixes/ItemStackComponentizationFix$ItemStackData;Lcom/mojang/serialization/Dynamic;)V to md9d2632$create$lambda$create$fixItemsAndTranslateNBTIntoComponents$0$4 in create.mixins.json:datafixer.ItemStackComponentizationFixMixin from mod create
[10вер.2026 18:55:58.692] [main/INFO] [mixin/]: Mixing datafixer.V1460Mixin from create.mixins.json into net.minecraft.util.datafix.schemas.V1460
[10вер.2026 18:55:58.888] [main/INFO] [mixin/]: Mixing accessor.SystemReportAccessor from create.mixins.json into net.minecraft.SystemReport
[10вер.2026 18:55:58.889] [main/INFO] [mixin/]: Renaming @Accessor method getOPERATING_SYSTEM()Ljava/lang/String; to getOPERATING_SYSTEM$create_$md$9d2632$0 in create.mixins.json:accessor.SystemReportAccessor from mod create
[10вер.2026 18:55:58.890] [main/INFO] [mixin/]: Renaming @Accessor method getJAVA_VERSION()Ljava/lang/String; to getJAVA_VERSION$create_$md$9d2632$1 in create.mixins.json:accessor.SystemReportAccessor from mod create
[10вер.2026 18:55:59.012] [Datafixer Bootstrap/INFO] [com.mojang.datafixers.DataFixerBuilder/]: 229 Datafixer optimizations took 140 milliseconds
[10вер.2026 18:55:59.187] [pool-23-thread-1/INFO] [mixin/]: Mixing BuiltInRegistriesMixin from create.mixins.json into net.minecraft.core.registries.BuiltInRegistries
[10вер.2026 18:55:59.188] [pool-23-thread-1/INFO] [mixin/]: Renaming synthetic method lambda$create$ourRegistriesAreNotEmpty$0(Ljava/util/function/Consumer;Lnet/minecraft/core/Registry;)V to md9d2632$create$lambda$create$ourRegistriesAreNotEmpty$0$0 in create.mixins.json:BuiltInRegistriesMixin from mod create
[10вер.2026 18:55:59.196] [pool-23-thread-1/INFO] [mixin/]: Mixing accessor.MappedRegistryAccessor from create.mixins.json into net.minecraft.core.MappedRegistry
[10вер.2026 18:55:59.196] [pool-23-thread-1/INFO] [mixin/]: Mixing MappedRegistryAccessor from neoforge.mixins.json into net.minecraft.core.MappedRegistry
[10вер.2026 18:55:59.205] [pool-23-thread-1/INFO] [mixin/]: Mixing RegistriesMixin from veil.neoforge.mixins.json into net.minecraft.core.registries.Registries
[10вер.2026 18:55:59.228] [pool-23-thread-1/INFO] [mixin/]: Mixing command.ArgumentTypeInfosMixin from sable.mixins.json into net.minecraft.commands.synchronization.ArgumentTypeInfos
[10вер.2026 18:55:59.244] [pool-23-thread-1/INFO] [mixin/]: Mixing creative_tab_sections.CreativeModeTabMixin from simulated.mixins.json into net.minecraft.world.item.CreativeModeTab
[10вер.2026 18:55:59.264] [pool-23-thread-1/INFO] [mixin/]: Mixing accessor.CreateBlockEntityBuilderAccessor from simulated.mixins.json into com.simibubi.create.foundation.data.CreateBlockEntityBuilder
[10вер.2026 18:55:59.286] [pool-23-thread-1/INFO] [mixin/]: Mixing levitite.BlockMixin from aeronautics.mixins.json into net.minecraft.world.level.block.Block
[10вер.2026 18:55:59.287] [pool-23-thread-1/INFO] [mixin/]: Mixing BlockMixin from create.mixins.json into net.minecraft.world.level.block.Block
[10вер.2026 18:55:59.287] [pool-23-thread-1/INFO] [mixin/]: Mixing entity.entity_kicking.BlockMixin from sable.mixins.json into net.minecraft.world.level.block.Block
[10вер.2026 18:55:59.288] [pool-23-thread-1/INFO] [mixin/]: Renaming synthetic method lambda$sable$popResourceFromFace$0(Lnet/minecraft/world/level/Level;DDDLnet/minecraft/world/item/ItemStack;Ldev/ryanhcode/sable/sublevel/SubLevel;)Lnet/minecraft/world/entity/item/ItemEntity; to md9d2632$sable$lambda$sable$popResourceFromFace$0$0 in sable.mixins.json:entity.entity_kicking.BlockMixin from mod sable
[10вер.2026 18:55:59.289] [pool-23-thread-1/INFO] [mixin/]: Mixing entity.entity_rotations_and_riding.BlockMixin from sable.mixins.json into net.minecraft.world.level.block.Block
[10вер.2026 18:55:59.318] [pool-23-thread-1/INFO] [mixin/]: Mixing accessor.BlockBehaviourAccessor from simulated.mixins.json into net.minecraft.world.level.block.state.BlockBehaviour
[10вер.2026 18:55:59.318] [pool-23-thread-1/INFO] [mixin/]: Mixing accessor.BlockBehaviourAccessor from create.mixins.json into net.minecraft.world.level.block.state.BlockBehaviour
[10вер.2026 18:55:59.318] [pool-23-thread-1/INFO] [mixin/]: Mixing BlockMixin from cbcatfix.mixins.json into net.minecraft.world.level.block.state.BlockBehaviour
[10вер.2026 18:55:59.329] [pool-23-thread-1/INFO] [mixin/]: Mixing EntityTypeMixin from flywheel.impl.mixins.json into net.minecraft.world.entity.EntityType
[10вер.2026 18:55:59.329] [pool-23-thread-1/INFO] [mixin/]: Mixing entity.entity_rotations_and_riding.EntityTypeMixin from sable.mixins.json into net.minecraft.world.entity.EntityType
[10вер.2026 18:55:59.340] [pool-23-thread-1/INFO] [mixin/]: Mixing punching.ItemInvoker from sable.mixins.json into net.minecraft.world.item.Item
[10вер.2026 18:55:59.340] [pool-23-thread-1/INFO] [mixin/]: Renaming @Invoker method sable$getPlayerPOVHitResult(Lnet/minecraft/world/level/Level;Lnet/minecraft/world/entity/player/Player;Lnet/minecraft/world/level/ClipContext$Fluid;)Lnet/minecraft/world/phys/BlockHitResult; to getPlayerPOVHitResult$sable_$md$9d2632$0 in sable.mixins.json:punching.ItemInvoker from mod sable
[10вер.2026 18:55:59.340] [pool-23-thread-1/INFO] [mixin/]: Mixing RocketGroundPlacementMixin from cbcatfix.mixins.json into net.minecraft.world.item.Item
[10вер.2026 18:55:59.347] [pool-23-thread-1/INFO] [mixin/]: Mixing player.PlayerMixin from simulated.mixins.json into net.minecraft.world.entity.player.Player
[10вер.2026 18:55:59.348] [pool-23-thread-1/INFO] [mixin/]: Mixing entity.entity_rotations_and_riding.PlayerMixin from sable.mixins.json into net.minecraft.world.entity.player.Player
[10вер.2026 18:55:59.349] [pool-23-thread-1/INFO] [mixin/]: Mixing entity.entity_sublevel_collision.PlayerMixin from sable.mixins.json into net.minecraft.world.entity.player.Player
[10вер.2026 18:55:59.354] [pool-23-thread-1/INFO] [mixin/]: Mixing interaction_distance.PlayerMixin from sable.mixins.json into net.minecraft.world.entity.player.Player
[10вер.2026 18:55:59.355] [pool-23-thread-1/INFO] [mixin/]: Mixing player_freezing.PlayerMixin from sable.mixins.json into net.minecraft.world.entity.player.Player
[10вер.2026 18:55:59.356] [pool-23-thread-1/INFO] [mixin/]: Mixing player_standup.PlayerMixin from sable.mixins.json into net.minecraft.world.entity.player.Player
[10вер.2026 18:55:59.356] [pool-23-thread-1/INFO] [mixin/]: Mixing PlayerMiningMixin from cbcatfix.mixins.json into net.minecraft.world.entity.player.Player
[10вер.2026 18:55:59.356] [pool-23-thread-1/INFO] [mixin/]: Renaming synthetic method lambda$cbcatfix$hasSilkTouch$0(Lit/unimi/dsi/fastutil/objects/Object2IntMap$Entry;)Z to md9d2632$cbcatfix$lambda$cbcatfix$hasSilkTouch$0$0 in cbcatfix.mixins.json:PlayerMiningMixin from mod cbcatfix
[10вер.2026 18:55:59.358] [pool-23-thread-1/INFO] [mixin/]: Mixing PlayerMixin from createbigcannons.mixins.json into net.minecraft.world.entity.player.Player
[10вер.2026 18:55:59.358] [pool-23-thread-1/WARN] [mixin/]: createbigcannons.mixins.json:PlayerMixin from mod createbigcannons: Class version 65 required is higher than the class version supported by the current version of Mixin (JAVA_17 supports class version 61)
[10вер.2026 18:55:59.358] [pool-23-thread-1/INFO] [mixin/]: Mixing PlayerMixin from create.mixins.json into net.minecraft.world.entity.player.Player
[10вер.2026 18:55:59.386] [pool-23-thread-1/INFO] [mixin/]: Mixing CustomItemUseEffectsMixin from create.mixins.json into net.minecraft.world.entity.LivingEntity
[10вер.2026 18:55:59.387] [pool-23-thread-1/INFO] [mixin/]: Mixing LavaSwimmingMixin from create.mixins.json into net.minecraft.world.entity.LivingEntity
[10вер.2026 18:55:59.388] [pool-23-thread-1/INFO] [mixin/]: Mixing accessor.LivingEntityAccessor from create.mixins.json into net.minecraft.world.entity.LivingEntity
[10вер.2026 18:55:59.389] [pool-23-thread-1/INFO] [mixin/]: Mixing climbing_sub_levels.LivingEntityMixin from sable.mixins.json into net.minecraft.world.entity.LivingEntity
[10вер.2026 18:55:59.390] [pool-23-thread-1/INFO] [mixin/]: Mixing entity.entities_stick_sublevels.LivingEntityMixin from sable.mixins.json into net.minecraft.world.entity.LivingEntity
[10вер.2026 18:55:59.394] [pool-23-thread-1/INFO] [mixin/]: Mixing entity.entities_stick_sublevels.effects.LivingEntityMixin from sable.mixins.json into net.minecraft.world.entity.LivingEntity
[10вер.2026 18:55:59.395] [pool-23-thread-1/INFO] [mixin/]: Mixing entity.entity_rotations_and_riding.LivingEntityMixin from sable.mixins.json into net.minecraft.world.entity.LivingEntity
[10вер.2026 18:55:59.397] [pool-23-thread-1/INFO] [mixin/]: Mixing entity.entity_sublevel_collision.LivingEntityMixin from sable.mixins.json into net.minecraft.world.entity.LivingEntity
[10вер.2026 18:55:59.400] [pool-23-thread-1/INFO] [mixin/]: Mixing respawn_point.sleeping.LivingEntityMixin from sable.mixins.json into net.minecraft.world.entity.LivingEntity
[10вер.2026 18:55:59.402] [pool-23-thread-1/INFO] [mixin/]: Mixing entities_stick_sublevels.effects.LivingEntityMixin from sable-neoforge.mixins.json into net.minecraft.world.entity.LivingEntity
[10вер.2026 18:55:59.440] [pool-23-thread-1/INFO] [mixin/]: Mixing entity.entity_swimming.EntityMixin from sable-neoforge.mixins.json into net.minecraft.world.entity.Entity
[10вер.2026 18:55:59.440] [pool-23-thread-1/INFO] [mixin/]: Renaming synthetic method lambda$updateFluidHeightAndDoFluidPushing$2(Lnet/neoforged/neoforge/fluids/FluidType;Ldev/ryanhcode/sable/neoforge/mixinhelper/entity/SableInterimCalculation;)V to md9d2632$sable$lambda$updateFluidHeightAndDoFluidPushing$2$0 in sable-neoforge.mixins.json:entity.entity_swimming.EntityMixin from mod sable
[10вер.2026 18:55:59.440] [pool-23-thread-1/INFO] [mixin/]: Renaming synthetic method lambda$updateFluidHeightAndDoFluidPushing$1(Ljava/lang/Object;)Ldev/ryanhcode/sable/neoforge/mixinhelper/entity/SableInterimCalculation; to md9d2632$sable$lambda$updateFluidHeightAndDoFluidPushing$1$1 in sable-neoforge.mixins.json:entity.entity_swimming.EntityMixin from mod sable
[10вер.2026 18:55:59.440] [pool-23-thread-1/INFO] [mixin/]: Renaming synthetic method lambda$updateFluidHeightAndDoFluidPushing$0(Ljava/lang/Object;)Ldev/ryanhcode/sable/neoforge/mixinhelper/entity/SableInterimCalculation; to md9d2632$sable$lambda$updateFluidHeightAndDoFluidPushing$0$2 in sable-neoforge.mixins.json:entity.entity_swimming.EntityMixin from mod sable
[10вер.2026 18:55:59.446] [pool-23-thread-1/INFO] [mixin/]: Mixing client.QuasarEntityMixin from veil.quasar.mixins.json into net.minecraft.world.entity.Entity
[10вер.2026 18:55:59.447] [pool-23-thread-1/INFO] [mixin/]: Mixing spring_item_bounce.EntityMixin from simulated.mixins.json into net.minecraft.world.entity.Entity
[10вер.2026 18:55:59.448] [pool-23-thread-1/INFO] [mixin/]: Mixing EntityAccess from jade.mixins.json into net.minecraft.world.entity.Entity
[10вер.2026 18:55:59.448] [pool-23-thread-1/WARN] [mixin/]: jade.mixins.json:EntityAccess from mod jade: Class version 65 required is higher than the class version supported by the current version of Mixin (JAVA_16 supports class version 60)
[10вер.2026 18:55:59.448] [pool-23-thread-1/INFO] [mixin/]: Mixing accessor.EntityAccessor from ponder-common.mixins.json into net.minecraft.world.entity.Entity
[10вер.2026 18:55:59.448] [pool-23-thread-1/INFO] [mixin/]: Mixing client.EntityContraptionInteractionMixin from create.mixins.json into net.minecraft.world.entity.Entity
[10вер.2026 18:55:59.448] [pool-23-thread-1/INFO] [mixin/]: Renaming synthetic method lambda$create$onSpawnSprintParticle$4(Lnet/minecraft/world/entity/Entity;Lnet/minecraft/core/BlockPos;Lcom/simibubi/create/content/contraptions/Contraption;Lnet/minecraft/world/level/block/state/BlockState;Lnet/minecraft/core/BlockPos;)V to md9d2632$create$lambda$create$onSpawnSprintParticle$4$3 in create.mixins.json:client.EntityContraptionInteractionMixin from mod create
[10вер.2026 18:55:59.448] [pool-23-thread-1/INFO] [mixin/]: Renaming synthetic method lambda$create$onMove$3(Lnet/minecraft/world/phys/Vec3;Lnet/minecraft/world/entity/Entity;Lcom/simibubi/create/content/contraptions/AbstractContraptionEntity;)Z to md9d2632$create$lambda$create$onMove$3$4 in create.mixins.json:client.EntityContraptionInteractionMixin from mod create
[10вер.2026 18:55:59.448] [pool-23-thread-1/INFO] [mixin/]: Renaming synthetic method lambda$create$contraptionStepSounds$2(Lorg/apache/commons/lang3/mutable/MutableBoolean;Lcom/simibubi/create/content/contraptions/Contraption;Lnet/minecraft/world/level/block/state/BlockState;Lnet/minecraft/core/BlockPos;)V to md9d2632$create$lambda$create$contraptionStepSounds$2$5 in create.mixins.json:client.EntityContraptionInteractionMixin from mod create
[10вер.2026 18:55:59.448] [pool-23-thread-1/INFO] [mixin/]: Renaming synthetic method lambda$create$forCollision$1(Lnet/minecraft/world/phys/Vec3;Lorg/apache/logging/log4j/util/TriConsumer;Lcom/simibubi/create/content/contraptions/AbstractContraptionEntity;)V to md9d2632$create$lambda$create$forCollision$1$6 in create.mixins.json:client.EntityContraptionInteractionMixin from mod create
[10вер.2026 18:55:59.448] [pool-23-thread-1/INFO] [mixin/]: Renaming synthetic method lambda$create$getIntersectionContraptionsStream$0(Lcom/simibubi/create/content/contraptions/AbstractContraptionEntity;)Z to md9d2632$create$lambda$create$getIntersectionContraptionsStream$0$7 in create.mixins.json:client.EntityContraptionInteractionMixin from mod create
[10вер.2026 18:55:59.451] [pool-23-thread-1/INFO] [mixin/]: Mixing clip_overwrite.EntityMixin from sable.mixins.json into net.minecraft.world.entity.Entity
[10вер.2026 18:55:59.451] [pool-23-thread-1/INFO] [mixin/]: Mixing death_message.EntityMixin from sable.mixins.json into net.minecraft.world.entity.Entity
[10вер.2026 18:55:59.452] [pool-23-thread-1/INFO] [mixin/]: Mixing entity.entities_in_blocks.EntityMixin from sable.mixins.json into net.minecraft.world.entity.Entity
[10вер.2026 18:55:59.453] [pool-23-thread-1/INFO] [mixin/]: Mixing entity.entities_stick_sublevels.EntityMixin from sable.mixins.json into net.minecraft.world.entity.Entity
[10вер.2026 18:55:59.454] [pool-23-thread-1/INFO] [mixin/]: Mixing entity.entities_stick_sublevels.effects.EntityMixin from sable.mixins.json into net.minecraft.world.entity.Entity
[10вер.2026 18:55:59.455] [pool-23-thread-1/INFO] [mixin/]: Mixing entity.entity_collision.EntityMixin from sable.mixins.json into net.minecraft.world.entity.Entity
[10вер.2026 18:55:59.455] [pool-23-thread-1/INFO] [mixin/]: Mixing entity.entity_rotations_and_riding.EntityMixin from sable.mixins.json into net.minecraft.world.entity.Entity
[10вер.2026 18:55:59.457] [pool-23-thread-1/INFO] [mixin/]: Mixing extension.EntityMixin from sable.mixins.json into net.minecraft.world.entity.Entity
[10вер.2026 18:55:59.457] [pool-23-thread-1/INFO] [mixin/]: Mixing interaction_distance.EntityMixin from sable.mixins.json into net.minecraft.world.entity.Entity
[10вер.2026 18:55:59.457] [pool-23-thread-1/INFO] [mixin/]: Mixing portal.EntityMixin from sable.mixins.json into net.minecraft.world.entity.Entity
[10вер.2026 18:55:59.458] [pool-23-thread-1/INFO] [mixin/]: Mixing tracking_points.EntityMixin from sable.mixins.json into net.minecraft.world.entity.Entity
[10вер.2026 18:55:59.458] [pool-23-thread-1/INFO] [mixin/]: Mixing water_occlusion.EntityMixin from sable.mixins.json into net.minecraft.world.entity.Entity
[10вер.2026 18:55:59.459] [pool-23-thread-1/INFO] [mixin/]: Mixing camera.camera_rotation.EntityMixin from sable.mixins.json into net.minecraft.world.entity.Entity
[10вер.2026 18:55:59.459] [pool-23-thread-1/INFO] [mixin/]: Mixing EntityMixin from createbigcannons.mixins.json into net.minecraft.world.entity.Entity
[10вер.2026 18:55:59.460] [pool-23-thread-1/INFO] [mixin/]: Mixing client.EntityClientMixin from createbigcannons.mixins.json into net.minecraft.world.entity.Entity
[10вер.2026 18:55:59.460] [pool-23-thread-1/INFO] [mixin/]: Renaming @Unique field selfLnet/minecraft/world/entity/Entity; to fd9d2632$createbigcannons$self$0 in createbigcannons.mixins.json:client.EntityClientMixin from mod createbigcannons
[10вер.2026 18:55:59.461] [pool-23-thread-1/INFO] [mixin/]: Mixing entity.entity_sublevel_collision.EntityMixin from sable.mixins.json into net.minecraft.world.entity.Entity
[10вер.2026 18:55:59.464] [pool-23-thread-1/INFO] [mixin/]: Mixing EntityMixin from create.mixins.json into net.minecraft.world.entity.Entity
[10вер.2026 18:55:59.502] [pool-23-thread-1/INFO] [mixin/]: Mixing NetworkServerPlayerMixin from veil.network.mixins.json into net.minecraft.server.level.ServerPlayer
[10вер.2026 18:55:59.503] [pool-23-thread-1/INFO] [mixin/]: Mixing entity.entities_stick_sublevels.player.ServerPlayerMixin from sable.mixins.json into net.minecraft.server.level.ServerPlayer
[10вер.2026 18:55:59.504] [pool-23-thread-1/INFO] [mixin/]: Mixing entity.entity_rotations_and_riding.ServerPlayerMixin from sable.mixins.json into net.minecraft.server.level.ServerPlayer
[10вер.2026 18:55:59.505] [pool-23-thread-1/INFO] [mixin/]: Mixing entity.teleport_players.ServerPlayerMixin from sable.mixins.json into net.minecraft.server.level.ServerPlayer
[10вер.2026 18:55:59.506] [pool-23-thread-1/INFO] [mixin/]: Mixing player_freezing.ServerPlayerMixin from sable.mixins.json into net.minecraft.server.level.ServerPlayer
[10вер.2026 18:55:59.506] [pool-23-thread-1/INFO] [mixin/]: Mixing respawn_point.ServerPlayerMixin from sable.mixins.json into net.minecraft.server.level.ServerPlayer
[10вер.2026 18:55:59.508] [pool-23-thread-1/INFO] [mixin/]: Mixing respawn_point.sleeping.ServerPlayerMixin from sable.mixins.json into net.minecraft.server.level.ServerPlayer
[10вер.2026 18:55:59.508] [pool-23-thread-1/INFO] [mixin/]: Mixing tracking_points.ServerPlayerMixin from sable.mixins.json into net.minecraft.server.level.ServerPlayer
[10вер.2026 18:55:59.540] [pool-23-thread-1/INFO] [mixin/]: Mixing compatibility.create.redstone_links.RedstoneLinkNetworkHandlerMixin from sable-neoforge.mixins.json into com.simibubi.create.content.redstone.link.RedstoneLinkNetworkHandler
[10вер.2026 18:55:59.561] [pool-23-thread-1/INFO] [mixin/]: Mixing clip_overwrite.BlockGetterMixin from sable.mixins.json into net.minecraft.world.level.BlockGetter
[10вер.2026 18:55:59.562] [pool-23-thread-1/INFO] [mixin/]: Renaming synthetic method lambda$originalClip$1(Lnet/minecraft/world/level/ClipContext;)Lnet/minecraft/world/phys/BlockHitResult; to md9d2632$sable$lambda$originalClip$1$0 in sable.mixins.json:clip_overwrite.BlockGetterMixin from mod sable
[10вер.2026 18:55:59.562] [pool-23-thread-1/INFO] [mixin/]: Renaming synthetic method lambda$originalClip$0(Lnet/minecraft/world/level/BlockGetter;Lnet/minecraft/world/level/ClipContext;Lnet/minecraft/core/BlockPos;)Lnet/minecraft/world/phys/BlockHitResult; to md9d2632$sable$lambda$originalClip$0$1 in sable.mixins.json:clip_overwrite.BlockGetterMixin from mod sable
[10вер.2026 18:55:59.571] [pool-23-thread-1/INFO] [mixin/]: Mixing BlockStateBaseMixin from cbcatfix.mixins.json into net.minecraft.world.level.block.state.BlockBehaviour$BlockStateBase
[10вер.2026 18:55:59.574] [pool-23-thread-1/INFO] [mixin/]: Mixing accessor.StateHolderAccessor from create.mixins.json into net.minecraft.world.level.block.state.StateHolder
[10вер.2026 18:55:59.578] [pool-23-thread-1/INFO] [mixin/]: Mixing block_properties.BlockStateMixin from sable.mixins.json into net.minecraft.world.level.block.state.BlockState
[10вер.2026 18:55:59.584] [pool-23-thread-1/INFO] [mixin/]: Mixing block_placement.EntityGetterMixin from sable.mixins.json into net.minecraft.world.level.EntityGetter
[10вер.2026 18:55:59.589] [pool-23-thread-1/INFO] [mixin/]: Mixing plot.lighting.BlockAndTintGetterMixin from sable.mixins.json into net.minecraft.world.level.BlockAndTintGetter
[10вер.2026 18:55:59.597] [pool-23-thread-1/INFO] [mixin/]: Mixing LevelMixin from flywheel.impl.mixins.json into net.minecraft.world.level.Level
[10вер.2026 18:55:59.598] [pool-23-thread-1/INFO] [mixin/]: Mixing entity.entity_sublevel_collision.LevelMixin from sable.mixins.json into net.minecraft.world.level.Level
[10вер.2026 18:55:59.598] [pool-23-thread-1/INFO] [mixin/]: Mixing world_border.LevelMixin from sable.mixins.json into net.minecraft.world.level.Level
[10вер.2026 18:55:59.599] [pool-23-thread-1/INFO] [mixin/]: Mixing compatibility.create.super_glue.LevelAccessor from sable-neoforge.mixins.json into net.minecraft.world.level.Level
[10вер.2026 18:55:59.607] [pool-23-thread-1/INFO] [mixin/]: Mixing NetworkServerLevelMixin from veil.network.mixins.json into net.minecraft.server.level.ServerLevel
[10вер.2026 18:55:59.607] [pool-23-thread-1/INFO] [mixin/]: Mixing accessor.ServerLevelAccessor from create.mixins.json into net.minecraft.server.level.ServerLevel
[10вер.2026 18:55:59.608] [pool-23-thread-1/INFO] [mixin/]: Mixing block_decal_render.ServerLevelMixin from sable.mixins.json into net.minecraft.server.level.ServerLevel
[10вер.2026 18:55:59.608] [pool-23-thread-1/INFO] [mixin/]: Mixing entity.entity_aabb_lookup.LevelsMixin from sable.mixins.json into net.minecraft.server.level.ServerLevel
[10вер.2026 18:55:59.608] [pool-23-thread-1/INFO] [mixin/]: Mixing entity.entity_kicking.ServerLevelMixin from sable.mixins.json into net.minecraft.server.level.ServerLevel
[10вер.2026 18:55:59.608] [pool-23-thread-1/INFO] [mixin/]: Mixing entity.server_entities_tick.ServerLevelMixin from sable.mixins.json into net.minecraft.server.level.ServerLevel
[10вер.2026 18:55:59.609] [pool-23-thread-1/INFO] [mixin/]: Mixing explosion.ServerLevelMixin from sable.mixins.json into net.minecraft.server.level.ServerLevel
[10вер.2026 18:55:59.610] [pool-23-thread-1/INFO] [mixin/]: Mixing particle.ServerLevelMixin from sable.mixins.json into net.minecraft.server.level.ServerLevel
[10вер.2026 18:55:59.611] [pool-23-thread-1/INFO] [mixin/]: Mixing physics.ServerLevelMixin from sable.mixins.json into net.minecraft.server.level.ServerLevel
[10вер.2026 18:55:59.611] [pool-23-thread-1/INFO] [mixin/]: Mixing plot.LevelsMixin from sable.mixins.json into net.minecraft.server.level.ServerLevel
[10вер.2026 18:55:59.612] [pool-23-thread-1/INFO] [mixin/]: Mixing plot.ServerLevelMixin from sable.mixins.json into net.minecraft.server.level.ServerLevel
[10вер.2026 18:55:59.615] [pool-23-thread-1/INFO] [mixin/]: Mixing water_occlusion.LevelsMixin from sable.mixins.json into net.minecraft.server.level.ServerLevel
[10вер.2026 18:55:59.616] [pool-23-thread-1/INFO] [mixin/]: Mixing ServerLevelMixin from createbigcannons.mixins.json into net.minecraft.server.level.ServerLevel
[10вер.2026 18:55:59.636] [pool-23-thread-1/INFO] [mixin/]: Mixing item_converter.ItemEntityMixin from aeronautics.mixins.json into net.minecraft.world.entity.item.ItemEntity
[10вер.2026 18:55:59.638] [pool-23-thread-1/INFO] [mixin/]: Mixing levitite.ItemEntityMixin from aeronautics.mixins.json into net.minecraft.world.entity.item.ItemEntity
[10вер.2026 18:55:59.639] [pool-23-thread-1/INFO] [mixin/]: Mixing entity.entity_sublevel_collision.ItemEntityMixin from sable.mixins.json into net.minecraft.world.entity.item.ItemEntity
[10вер.2026 18:55:59.657] [pool-23-thread-1/INFO] [mixin/]: Mixing voxel_shape_iteration.DiscreteVoxelShapeAccessor from sable.mixins.json into net.minecraft.world.phys.shapes.DiscreteVoxelShape
[10вер.2026 18:55:59.660] [pool-23-thread-1/INFO] [mixin/]: Mixing voxel_shape_iteration.BitSetDiscreteVoxelShapeAccessor from sable.mixins.json into net.minecraft.world.phys.shapes.BitSetDiscreteVoxelShape
[10вер.2026 18:55:59.661] [pool-23-thread-1/INFO] [mixin/]: Mixing voxel_shape_iteration.VoxelShapeMixin from sable.mixins.json into net.minecraft.world.phys.shapes.VoxelShape
[10вер.2026 18:55:59.739] [pool-23-thread-1/INFO] [mixin/]: Mixing accessor.DispenserBlockAccessor from create.mixins.json into net.minecraft.world.level.block.DispenserBlock
[10вер.2026 18:55:59.749] [pool-23-thread-1/INFO] [mixin/]: Mixing impact.TntBlockMixin from sable.mixins.json into net.minecraft.world.level.block.TntBlock
[10вер.2026 18:55:59.756] [pool-23-thread-1/INFO] [mixin/]: Mixing accessor.CropBlockAccessor from create.mixins.json into net.minecraft.world.level.block.CropBlock
[10вер.2026 18:55:59.769] [pool-23-thread-1/INFO] [mixin/]: Mixing portal.NetherPortalBlockMixin from sable.mixins.json into net.minecraft.world.level.block.NetherPortalBlock
[10вер.2026 18:55:59.779] [pool-23-thread-1/INFO] [mixin/]: Mixing prevent_overgrowth.VineBlockMixin from sable.mixins.json into net.minecraft.world.level.block.VineBlock
[10вер.2026 18:55:59.798] [pool-23-thread-1/INFO] [mixin/]: Mixing torsion_spring.ComparatorBlockMixin from simulated.mixins.json into net.minecraft.world.level.block.ComparatorBlock
[10вер.2026 18:55:59.812] [pool-23-thread-1/INFO] [mixin/]: Mixing accessor.ConcretePowderBlockAccessor from create.mixins.json into net.minecraft.world.level.block.ConcretePowderBlock
[10вер.2026 18:55:59.826] [pool-23-thread-1/INFO] [mixin/]: Mixing impact.BellBlockMixin from sable.mixins.json into net.minecraft.world.level.block.BellBlock
[10вер.2026 18:55:59.833] [pool-23-thread-1/INFO] [mixin/]: Mixing BeehiveBlockMixin from create.mixins.json into net.minecraft.world.level.block.BeehiveBlock
[10вер.2026 18:55:59.834] [pool-23-thread-1/INFO] [mixin/]: Mixing impact.BeehiveBlockMixin from sable.mixins.json into net.minecraft.world.level.block.BeehiveBlock
[10вер.2026 18:55:59.881] [pool-23-thread-1/INFO] [mixin/]: Mixing water_occlusion.WaterFluidMixin from sable.mixins.json into net.minecraft.world.level.material.WaterFluid
[10вер.2026 18:55:59.884] [pool-23-thread-1/INFO] [mixin/]: Mixing WaterWheelFluidSpreadMixin from create.mixins.json into net.minecraft.world.level.material.FlowingFluid
[10вер.2026 18:55:59.888] [pool-23-thread-1/INFO] [mixin/]: Mixing accessor.FlowingFluidAccessor from create.mixins.json into net.minecraft.world.level.material.FlowingFluid
[10вер.2026 18:55:59.888] [pool-23-thread-1/INFO] [mixin/]: Mixing fluids_on_sub_levels.FlowingFluidMixin from sable.mixins.json into net.minecraft.world.level.material.FlowingFluid
[10вер.2026 18:55:59.919] [pool-23-thread-1/INFO] [mixin/]: Mixing visualmanage.BlockEntityMixin from flywheel.impl.mixins.json into net.minecraft.world.level.block.entity.BlockEntity
[10вер.2026 18:55:59.923] [pool-23-thread-1/INFO] [mixin/]: Mixing accessor.FallingBlockEntityAccessor from create.mixins.json into net.minecraft.world.entity.item.FallingBlockEntity
[10вер.2026 18:55:59.923] [pool-23-thread-1/INFO] [mixin/]: Renaming @Invoker method create$callInit(Lnet/minecraft/world/level/Level;DDDLnet/minecraft/world/level/block/state/BlockState;)Lnet/minecraft/world/entity/item/FallingBlockEntity; to callInit$create_$md$9d2632$0 in create.mixins.json:accessor.FallingBlockEntityAccessor from mod create
[10вер.2026 18:55:59.923] [pool-23-thread-1/INFO] [mixin/]: Mixing entity.falling_block.FallingBlockEntityMixin from sable.mixins.json into net.minecraft.world.entity.item.FallingBlockEntity
[10вер.2026 18:56:00.035] [pool-23-thread-1/INFO] [mixin/]: Mixing accessor.MobEffectInstanceAccessor from create.mixins.json into net.minecraft.world.effect.MobEffectInstance
[10вер.2026 18:56:00.049] [pool-23-thread-1/INFO] [mixin/]: Mixing MobMixin from create.mixins.json into net.minecraft.world.entity.Mob
[10вер.2026 18:56:00.049] [pool-23-thread-1/INFO] [mixin/]: Mixing entity.sublevels_block_sky.SubLevelsBlockSkyMixin from sable.mixins.json into net.minecraft.world.entity.Mob
[10вер.2026 18:56:00.055] [pool-23-thread-1/INFO] [mixin/]: Mixing entity.entity_leashing.LeashableMixin from sable.mixins.json into net.minecraft.world.entity.Leashable
[10вер.2026 18:56:00.061] [pool-23-thread-1/INFO] [mixin/]: Mixing entity.tnt_jumps.PrimedTntMixin from sable.mixins.json into net.minecraft.world.entity.item.PrimedTnt
[10вер.2026 18:56:00.086] [pool-23-thread-1/INFO] [mixin/]: Mixing BlockEntityTypeMixin from flywheel.impl.mixins.json into net.minecraft.world.level.block.entity.BlockEntityType
[10вер.2026 18:56:00.087] [pool-23-thread-1/INFO] [mixin/]: Mixing BlockEntityTypeMixin from cbcatfix.mixins.json into net.minecraft.world.level.block.entity.BlockEntityType
[10вер.2026 18:56:00.088] [pool-23-thread-1/INFO] [mixin/]: Mixing BlockEntityTypeAccessor from neoforge.mixins.json into net.minecraft.world.level.block.entity.BlockEntityType
[10вер.2026 18:56:00.137] [pool-23-thread-1/INFO] [mixin/]: Mixing AbstractFurnaceBlockEntityAccess from jade.mixins.json into net.minecraft.world.level.block.entity.AbstractFurnaceBlockEntity
[10вер.2026 18:56:00.137] [pool-23-thread-1/INFO] [mixin/]: Mixing assembly.AbstractFurnaceBlockEntityMixin from sable.mixins.json into net.minecraft.world.level.block.entity.AbstractFurnaceBlockEntity
[10вер.2026 18:56:00.148] [pool-23-thread-1/INFO] [mixin/]: Mixing sign_interaction.SignBlockEntityMixin from sable.mixins.json into net.minecraft.world.level.block.entity.SignBlockEntity
[10вер.2026 18:56:00.184] [pool-23-thread-1/INFO] [mixin/]: Mixing aabb.AABBMixin from simulated.mixins.json into net.minecraft.world.phys.AABB
[10вер.2026 18:56:00.184] [pool-23-thread-1/INFO] [mixin/]: Renaming @Invoker method invokeGetDirection(Lnet/minecraft/world/phys/AABB;Lnet/minecraft/world/phys/Vec3;[DLnet/minecraft/core/Direction;DDD)Lnet/minecraft/core/Direction; to invokeGetDirection$simulated_$md$9d2632$0 in simulated.mixins.json:aabb.AABBMixin from mod simulated
[10вер.2026 18:56:00.195] [pool-23-thread-1/INFO] [mixin/]: Mixing entity.arrows_hit_blocks.AbstractArrowMixin from sable.mixins.json into net.minecraft.world.entity.projectile.AbstractArrow
[10вер.2026 18:56:00.209] [pool-23-thread-1/INFO] [mixin/]: Mixing entity.projectile.ProjectileMixin from sable.mixins.json into net.minecraft.world.entity.projectile.Projectile
[10вер.2026 18:56:00.287] [pool-23-thread-1/INFO] [mixin/]: Mixing enchanting_table.EnchantingTableBlockEntityMixin from sable.mixins.json into net.minecraft.world.level.block.entity.EnchantingTableBlockEntity
[10вер.2026 18:56:00.303] [pool-23-thread-1/INFO] [mixin/]: Mixing ItemStackMixin from create.mixins.json into net.minecraft.world.item.ItemStack
[10вер.2026 18:56:00.304] [pool-23-thread-1/INFO] [mixin/]: Renaming synthetic method lambda$create$migrateOldClipboardComponents$0(Lcom/simibubi/create/content/equipment/clipboard/ClipboardContent;Lnet/minecraft/util/Unit;)Lcom/simibubi/create/content/equipment/clipboard/ClipboardContent; to md9d2632$create$lambda$create$migrateOldClipboardComponents$0$0 in create.mixins.json:ItemStackMixin from mod create
[10вер.2026 18:56:00.305] [pool-23-thread-1/INFO] [mixin/]: Mixing RocketItemStackSizeMixin from cbcatfix.mixins.json into net.minecraft.world.item.ItemStack
[10вер.2026 18:56:00.315] [pool-23-thread-1/INFO] [mixin/]: Mixing prevent_freezing.BiomeMixin from sable.mixins.json into net.minecraft.world.level.biome.Biome
[10вер.2026 18:56:00.316] [pool-23-thread-1/INFO] [mixin/]: Renaming synthetic method lambda$sable$preventFreezing$0(Lnet/minecraft/world/level/Level;Lnet/minecraft/core/BlockPos;)Z to md9d2632$sable$lambda$sable$preventFreezing$0$0 in sable.mixins.json:prevent_freezing.BiomeMixin from mod sable
[10вер.2026 18:56:00.460] [pool-23-thread-1/INFO] [mixin/]: Mixing SmithingMenuMixin from create.mixins.json into net.minecraft.world.inventory.SmithingMenu
[10вер.2026 18:56:00.462] [pool-23-thread-1/INFO] [mixin/]: Renaming synthetic method lambda$create$preventUnbreakingOnBacktanks$0(Lnet/minecraft/world/item/ItemStack;Lnet/minecraft/core/Holder;)Z to md9d2632$create$lambda$create$preventUnbreakingOnBacktanks$0$0 in create.mixins.json:SmithingMenuMixin from mod create
[10вер.2026 18:56:00.612] [pool-23-thread-1/INFO] [mixin/]: Mixing entity.entity_collision.CollisionContextMixin from sable.mixins.json into net.minecraft.world.phys.shapes.CollisionContext
[10вер.2026 18:56:00.913] [pool-23-thread-1/INFO] [mixin/]: Mixing BlockItemMixin from create.mixins.json into net.minecraft.world.item.BlockItem
[10вер.2026 18:56:00.923] [pool-23-thread-1/INFO] [mixin/]: Mixing lodestone_compat.CompassItemMixin from simulated.mixins.json into net.minecraft.world.item.CompassItem
[10вер.2026 18:56:00.928] [pool-23-thread-1/INFO] [mixin/]: Mixing shears_break_envelopes.ShearsItemMixin from aeronautics.mixins.json into net.minecraft.world.item.ShearsItem
[10вер.2026 18:56:00.933] [pool-23-thread-1/INFO] [mixin/]: Mixing honey_glue.ArmorStandItemMixin from simulated.mixins.json into net.minecraft.world.item.ArmorStandItem
[10вер.2026 18:56:00.933] [pool-23-thread-1/INFO] [mixin/]: Renaming synthetic method lambda$ignoreGlues$0(Lnet/minecraft/world/entity/Entity;)Z to md9d2632$simulated$lambda$ignoreGlues$0$0 in simulated.mixins.json:honey_glue.ArmorStandItemMixin from mod simulated
[10вер.2026 18:56:00.996] [pool-23-thread-1/INFO] [mixin/]: Mixing ArmorTrimMixin from create.mixins.json into net.minecraft.world.item.armortrim.ArmorTrim
[10вер.2026 18:56:00.996] [pool-23-thread-1/INFO] [mixin/]: Renaming synthetic method lambda$new$0(Ljava/lang/Boolean;Lnet/minecraft/core/Holder;)Lnet/minecraft/resources/ResourceLocation; to md9d2632$create$lambda$new$0$0 in create.mixins.json:ArmorTrimMixin from mod create
[10вер.2026 18:56:01.012] [pool-23-thread-1/INFO] [mixin/]: Mixing world_border.WorldBorderMixin from sable.mixins.json into net.minecraft.world.level.border.WorldBorder
[10вер.2026 18:56:01.017] [pool-23-thread-1/INFO] [mixin/]: Mixing balloon.LevelChunkMixin from aeronautics.mixins.json into net.minecraft.world.level.chunk.LevelChunk
[10вер.2026 18:56:01.018] [pool-23-thread-1/INFO] [mixin/]: Mixing visualmanage.LevelChunkMixin from flywheel.impl.mixins.json into net.minecraft.world.level.chunk.LevelChunk
[10вер.2026 18:56:01.018] [pool-23-thread-1/INFO] [mixin/]: Mixing plot.LevelChunkMixin from sable.mixins.json into net.minecraft.world.level.chunk.LevelChunk
[10вер.2026 18:56:01.019] [pool-23-thread-1/INFO] [mixin/]: Mixing plot.lighting.LevelChunkMixin from sable.mixins.json into net.minecraft.world.level.chunk.LevelChunk
[10вер.2026 18:56:01.020] [pool-23-thread-1/INFO] [mixin/]: Mixing loaded_chunk_debug.LevelChunkMixin from sable.mixins.json into net.minecraft.world.level.chunk.LevelChunk
[10вер.2026 18:56:01.046] [pool-23-thread-1/INFO] [mixin/]: Mixing explosion.ExplosionMixin from sable.mixins.json into net.minecraft.world.level.Explosion
[10вер.2026 18:56:01.048] [pool-23-thread-1/INFO] [mixin/]: Mixing ExplosionMixin from createbigcannons.mixins.json into net.minecraft.world.level.Explosion
[10вер.2026 18:56:01.055] [pool-23-thread-1/INFO] [mixin/]: Mixing clip_overwrite.HitResultMixin from sable.mixins.json into net.minecraft.world.phys.HitResult
[10вер.2026 18:56:01.056] [pool-23-thread-1/INFO] [mixin/]: Mixing block_placement.BlockPlaceContextMixin from sable.mixins.json into net.minecraft.world.item.context.BlockPlaceContext
[10вер.2026 18:56:01.062] [pool-23-thread-1/INFO] [mixin/]: Mixing accessor.UseOnContextAccessor from create.mixins.json into net.minecraft.world.item.context.UseOnContext
[10вер.2026 18:56:01.063] [pool-23-thread-1/INFO] [mixin/]: Mixing block_placement.UseOnContextMixin from sable.mixins.json into net.minecraft.world.item.context.UseOnContext
[10вер.2026 18:56:01.079] [pool-23-thread-1/INFO] [mixin/]: Mixing entity.entity_sublevel_collision.AbstractMinecartMixin from sable.mixins.json into net.minecraft.world.entity.vehicle.AbstractMinecart
[10вер.2026 18:56:01.094] [pool-23-thread-1/INFO] [mixin/]: Mixing entity.entity_pathfinding.PathNavigationMixin from sable.mixins.json into net.minecraft.world.entity.ai.navigation.PathNavigation
[10вер.2026 18:56:01.098] [pool-23-thread-1/INFO] [mixin/]: Mixing entity.entity_pathfinding.GroundPathNavigationMixin from sable.mixins.json into net.minecraft.world.entity.ai.navigation.GroundPathNavigation
[10вер.2026 18:56:01.098] [pool-23-thread-1/INFO] [mixin/]: Mixing entity.sublevels_block_sky.SubLevelsBlockSkyMixin from sable.mixins.json into net.minecraft.world.entity.ai.navigation.GroundPathNavigation
[10вер.2026 18:56:01.121] [pool-23-thread-1/INFO] [mixin/]: Mixing entity.sublevels_block_sky.SubLevelsBlockSkyMixin from sable.mixins.json into net.minecraft.world.entity.ai.goal.FleeSunGoal
[10вер.2026 18:56:01.132] [pool-23-thread-1/INFO] [mixin/]: Mixing entity.tamed_teleport.TamableAnimalMixin from sable.mixins.json into net.minecraft.world.entity.TamableAnimal
[10вер.2026 18:56:01.143] [pool-23-thread-1/INFO] [mixin/]: Mixing accessor.MinecartFurnaceAccessor from create.mixins.json into net.minecraft.world.entity.vehicle.MinecartFurnace
[10вер.2026 18:56:01.159] [pool-23-thread-1/INFO] [mixin/]: Mixing entity.trident.ThrownTridentMixin from sable.mixins.json into net.minecraft.world.entity.projectile.ThrownTrident
[10вер.2026 18:56:01.184] [pool-23-thread-1/INFO] [mixin/]: Mixing accessor.ItemFrameAccessor from create.mixins.json into net.minecraft.world.entity.decoration.ItemFrame
[10вер.2026 18:56:01.208] [pool-23-thread-1/INFO] [mixin/]: Mixing entity.parrot.ParrotMixin from sable.mixins.json into net.minecraft.world.entity.animal.Parrot
[10вер.2026 18:56:01.226] [pool-23-thread-1/INFO] [mixin/]: Mixing entity.entity_ai.EatBlockGoalMixin from sable.mixins.json into net.minecraft.world.entity.ai.goal.EatBlockGoal
[10вер.2026 18:56:01.496] [pool-23-thread-1/INFO] [mixin/]: Mixing accessor.ProjectileDispenseBehaviorAccessor from create.mixins.json into net.minecraft.core.dispenser.ProjectileDispenseBehavior
[10вер.2026 18:56:01.497] [pool-23-thread-1/INFO] [mixin/]: Mixing recoil.ProjectileDispenseBehaviorMixin from sable.mixins.json into net.minecraft.core.dispenser.ProjectileDispenseBehavior
[10вер.2026 18:56:01.537] [pool-23-thread-1/INFO] [mixin/]: Mixing accessor.ShapedRecipeAccessor from create.mixins.json into net.minecraft.world.item.crafting.ShapedRecipe
[10вер.2026 18:56:01.601] [pool-23-thread-1/INFO] [mixin/]: Mixing EnchantedCountIncreaseFunctionMixin from create.mixins.json into net.minecraft.world.level.storage.loot.functions.EnchantedCountIncreaseFunction
[10вер.2026 18:56:01.994] [pool-23-thread-1/INFO] [mixin/]: Mixing compatibility.create.airflow.FanProcessingTypeMixin from sable-neoforge.mixins.json into com.simibubi.create.content.kinetics.fan.processing.FanProcessingType
[10вер.2026 18:56:01.994] [pool-23-thread-1/INFO] [mixin/]: Renaming synthetic method lambda$getAt$0(Lcom/llamalad7/mixinextras/injector/wrapoperation/Operation;Lnet/minecraft/world/level/Level;Ldev/ryanhcode/sable/sublevel/SubLevel;Lnet/minecraft/core/BlockPos;)Lcom/simibubi/create/content/kinetics/fan/processing/FanProcessingType; to md9d2632$sable$lambda$getAt$0$0 in sable-neoforge.mixins.json:compatibility.create.airflow.FanProcessingTypeMixin from mod sable
[10вер.2026 18:56:02.033] [main/INFO] [mixin/]: Mixing NetworkMinecraftServerMixin from veil.network.mixins.json into net.minecraft.server.MinecraftServer
[10вер.2026 18:56:02.033] [main/INFO] [mixin/]: Mixing MinecraftServerMixin from veil.scheduler.mixins.json into net.minecraft.server.MinecraftServer
[10вер.2026 18:56:02.034] [main/INFO] [mixin/]: Mixing accessor.MinecraftServerAccessor from ponder-common.mixins.json into net.minecraft.server.MinecraftServer
[10вер.2026 18:56:02.034] [main/INFO] [mixin/]: Mixing udp.MinecraftServerMixin from sable.mixins.json into net.minecraft.server.MinecraftServer
[10вер.2026 18:56:02.061] [main/INFO] [mixin/]: Mixing MapItemSavedDataMixin from create.mixins.json into net.minecraft.world.level.saveddata.maps.MapItemSavedData
[10вер.2026 18:56:02.070] [main/INFO] [mixin/]: Mixing rope.ClientSubLevelContainerMixin from simulated.mixins.json into dev.ryanhcode.sable.api.sublevel.ClientSubLevelContainer
[10вер.2026 18:56:02.072] [main/INFO] [mixin/]: Mixing level_accelerator.ServerChunkCacheAccessor from sable.mixins.json into net.minecraft.server.level.ServerChunkCache
[10вер.2026 18:56:02.073] [main/INFO] [mixin/]: Mixing plot.ServerChunkCacheMixin from sable.mixins.json into net.minecraft.server.level.ServerChunkCache
[10вер.2026 18:56:02.223] [main/INFO] [mixin/]: Mixing command.ExecuteCommandMixin from sable.mixins.json into net.minecraft.server.commands.ExecuteCommand
[10вер.2026 18:56:02.223] [main/INFO] [mixin/]: Renaming synthetic method lambda$sable$then$2(Lcom/mojang/brigadier/context/CommandContext;)Ljava/util/Collection; to md9d2632$sable$lambda$sable$then$2$0 in sable.mixins.json:command.ExecuteCommandMixin from mod sable
[10вер.2026 18:56:02.223] [main/INFO] [mixin/]: Renaming synthetic method lambda$sable$then$1(Lcom/mojang/brigadier/context/CommandContext;)Ljava/util/Collection; to md9d2632$sable$lambda$sable$then$1$1 in sable.mixins.json:command.ExecuteCommandMixin from mod sable
[10вер.2026 18:56:02.223] [main/INFO] [mixin/]: Renaming synthetic method lambda$sable$then$0(Lcom/mojang/brigadier/context/CommandContext;)Ljava/util/Collection; to md9d2632$sable$lambda$sable$then$0$2 in sable.mixins.json:command.ExecuteCommandMixin from mod sable
[10вер.2026 18:56:02.243] [main/INFO] [mixin/]: Mixing command.DataCommandsMixin from sable.mixins.json into net.minecraft.server.commands.data.DataCommands
[10вер.2026 18:56:02.333] [main/INFO] [mixin/]: Mixing game_test.TestCommandMixin from sable.mixins.json into net.minecraft.gametest.framework.TestCommand
[10вер.2026 18:56:02.366] [main/WARN] [net.minecraft.commands.Commands/]: Ambiguity between arguments [teleport, location] and [teleport, destination] with inputs: [0.1 -0.5 .9, 0 0 0]
[10вер.2026 18:56:02.367] [main/WARN] [net.minecraft.commands.Commands/]: Ambiguity between arguments [teleport, location] and [teleport, targets] with inputs: [0.1 -0.5 .9, 0 0 0]
[10вер.2026 18:56:02.369] [main/WARN] [net.minecraft.commands.Commands/]: Ambiguity between arguments [teleport, destination] and [teleport, targets] with inputs: [Player, 0123, @e, dd12be42-52a9-4a91-a8a1-11c01849e498]
[10вер.2026 18:56:02.369] [main/WARN] [net.minecraft.commands.Commands/]: Ambiguity between arguments [teleport, targets] and [teleport, destination] with inputs: [Player, 0123, dd12be42-52a9-4a91-a8a1-11c01849e498]
[10вер.2026 18:56:02.370] [main/WARN] [net.minecraft.commands.Commands/]: Ambiguity between arguments [teleport, targets, location] and [teleport, targets, destination] with inputs: [0.1 -0.5 .9, 0 0 0]
[10вер.2026 18:56:02.376] [Render thread/INFO] [mixin/]: Mixing client.PipelineRenderSystemMixin from veil.pipeline.mixins.json into com.mojang.blaze3d.systems.RenderSystem
[10вер.2026 18:56:02.376] [Render thread/INFO] [mixin/]: Mixing RenderSystemMixin from flywheel.backend.mixins.json into com.mojang.blaze3d.systems.RenderSystem
[10вер.2026 18:56:02.377] [Render thread/INFO] [mixin/]: Mixing client.accessor.RenderSystemAccessor from ponder-common.mixins.json into com.mojang.blaze3d.systems.RenderSystem
[10вер.2026 18:56:02.377] [Render thread/INFO] [mixin/]: Renaming @Accessor method catnip$getShaderLightDirections()[Lorg/joml/Vector3f; to catnip$getShaderLightDirections$ponder_$md$9d2632$0 in ponder-common.mixins.json:client.accessor.RenderSystemAccessor from mod ponder
[10вер.2026 18:56:02.386] [Render thread/INFO] [mixin/]: Mixing client.DebugAutoStorageIndexBufferMixin from veil.debug.mixins.json into com.mojang.blaze3d.systems.RenderSystem$AutoStorageIndexBuffer
[10вер.2026 18:56:02.386] [Render thread/INFO] [mixin/]: Mixing client.PipelineAutoStorageIndexBufferMixin from veil.pipeline.mixins.json into com.mojang.blaze3d.systems.RenderSystem$AutoStorageIndexBuffer
[10вер.2026 18:56:02.391] [Render thread/INFO] [mixin/]: Mixing accessor.FramebufferRenderTargetAccessor from veil.framebuffer.mixins.json into com.mojang.blaze3d.pipeline.RenderTarget
[10вер.2026 18:56:02.391] [Render thread/INFO] [mixin/]: Mixing client.PerformanceRenderTargetMixin from veil.performance.mixins.json into com.mojang.blaze3d.pipeline.RenderTarget
[10вер.2026 18:56:02.394] [Render thread/INFO] [mixin/]: Mixing client.PipelineRenderTargetMixin from veil.pipeline.mixins.json into com.mojang.blaze3d.pipeline.RenderTarget
[10вер.2026 18:56:02.422] [Render thread/INFO] [mixin/]: Mixing client.accessor.ScreenAccessor from ponder-common.mixins.json into net.minecraft.client.gui.screens.Screen
[10вер.2026 18:56:02.428] [Render thread/INFO] [mixin/]: Mixing client.NecromancerClientLevelMixin from veil.necromancer.mixins.json into net.minecraft.client.multiplayer.ClientLevel
[10вер.2026 18:56:02.429] [Render thread/INFO] [mixin/]: Mixing entity.entity_aabb_lookup.LevelsMixin from sable.mixins.json into net.minecraft.client.multiplayer.ClientLevel
[10вер.2026 18:56:02.429] [Render thread/INFO] [mixin/]: Mixing plot.LevelsMixin from sable.mixins.json into net.minecraft.client.multiplayer.ClientLevel
[10вер.2026 18:56:02.429] [Render thread/INFO] [mixin/]: Mixing water_occlusion.LevelsMixin from sable.mixins.json into net.minecraft.client.multiplayer.ClientLevel
[10вер.2026 18:56:02.429] [Render thread/INFO] [mixin/]: Mixing clip_overwrite.ClientLevelMixin from sable.mixins.json into net.minecraft.client.multiplayer.ClientLevel
[10вер.2026 18:56:02.430] [Render thread/INFO] [mixin/]: Mixing particle.ClientLevelMixin from sable.mixins.json into net.minecraft.client.multiplayer.ClientLevel
[10вер.2026 18:56:02.430] [Render thread/INFO] [mixin/]: Mixing sublevel_sounds.ClientLevelMixin from sable.mixins.json into net.minecraft.client.multiplayer.ClientLevel
[10вер.2026 18:56:02.431] [Render thread/INFO] [mixin/]: Mixing client.ClientLevelAccessor from createbigcannons.mixins.json into net.minecraft.client.multiplayer.ClientLevel
[10вер.2026 18:56:02.431] [Render thread/INFO] [mixin/]: Mixing client.multimining_destruction_progress.ClientLevelAccessor from offroad.mixins.json into net.minecraft.client.multiplayer.ClientLevel
[10вер.2026 18:56:02.431] [Render thread/WARN] [mixin/]: offroad.mixins.json:client.multimining_destruction_progress.ClientLevelAccessor from mod offroad: Class version 65 required is higher than the class version supported by the current version of Mixin (JAVA_18 supports class version 62)
[10вер.2026 18:56:02.441] [Render thread/INFO] [mixin/]: Mixing handle.LocalPlayerMixin from simulated.mixins.json into net.minecraft.client.player.LocalPlayer
[10вер.2026 18:56:02.442] [Render thread/INFO] [mixin/]: Mixing hold_interaction.LocalPlayerMixin from simulated.mixins.json into net.minecraft.client.player.LocalPlayer
[10вер.2026 18:56:02.442] [Render thread/INFO] [mixin/]: Mixing client.HeavyBootsOnPlayerMixin from create.mixins.json into net.minecraft.client.player.LocalPlayer
[10вер.2026 18:56:02.442] [Render thread/INFO] [mixin/]: Mixing entity.entities_stick_sublevels.effects.LocalPlayerMixin from sable.mixins.json into net.minecraft.client.player.LocalPlayer
[10вер.2026 18:56:02.443] [Render thread/INFO] [mixin/]: Mixing entity.entities_stick_sublevels.player.LocalPlayerMixin from sable.mixins.json into net.minecraft.client.player.LocalPlayer
[10вер.2026 18:56:02.443] [Render thread/INFO] [mixin/]: Mixing entity.entity_rotations_and_riding.LocalPlayerMixin from sable.mixins.json into net.minecraft.client.player.LocalPlayer
[10вер.2026 18:56:02.444] [Render thread/INFO] [mixin/]: Mixing player_freezing.LocalPlayerMixin from sable.mixins.json into net.minecraft.client.player.LocalPlayer
[10вер.2026 18:56:02.451] [Render thread/INFO] [mixin/]: Mixing AbstractClientPlayerAccessor from flywheel.backend.mixins.json into net.minecraft.client.player.AbstractClientPlayer
[10вер.2026 18:56:02.459] [Render thread/INFO] [mixin/]: Mixing accessor.CreativeModeInventoryScreenAccessor from simulated.mixins.json into net.minecraft.client.gui.screens.inventory.AbstractContainerScreen
[10вер.2026 18:56:02.464] [Render thread/INFO] [mixin/]: Mixing accessor.TimerAccessor from ponder-common.mixins.json into net.minecraft.client.DeltaTracker$Timer
[10вер.2026 18:56:02.464] [Render thread/INFO] [mixin/]: Mixing accessor.TimerAccessor from create.mixins.json into net.minecraft.client.DeltaTracker$Timer
[10вер.2026 18:56:02.467] [Render thread/INFO] [mixin/]: Mixing ContextAwareReloadListenerAccessor from createbigcannons.mixins.json into net.neoforged.neoforge.resource.ContextAwareReloadListener
[10вер.2026 18:56:02.497] [Render thread/INFO] [mixin/]: Mixing ResourceVanillaPackResourcesMixin from veil.resource.mixins.json into net.minecraft.server.packs.VanillaPackResources
[10вер.2026 18:56:02.502] [Render thread/WARN] [net.minecraft.server.packs.VanillaPackResourcesBuilder/]: Assets URL 'union:/C:/Users/andrt/IdeaProjects/CBCAT/build/moddev/artifacts/neoforge-21.1.228.jar%23189!/assets/.mcassetsroot' uses unexpected schema
[10вер.2026 18:56:02.502] [Render thread/WARN] [net.minecraft.server.packs.VanillaPackResourcesBuilder/]: Assets URL 'union:/C:/Users/andrt/IdeaProjects/CBCAT/build/moddev/artifacts/neoforge-21.1.228.jar%23189!/data/.mcassetsroot' uses unexpected schema
[10вер.2026 18:56:02.517] [Render thread/INFO] [com.mojang.authlib.yggdrasil.YggdrasilAuthenticationService/]: Environment: Environment[sessionHost=https://sessionserver.mojang.com, servicesHost=https://api.minecraftservices.com, name=PROD]
[10вер.2026 18:56:02.522] [Render thread/INFO] [net.minecraft.client.Minecraft/]: Setting user: Dev
[10вер.2026 18:56:02.523] [Render thread/INFO] [mixin/]: Mixing accessor.KeyMappingsAccessor from simulated.mixins.json into net.minecraft.client.KeyMapping
[10вер.2026 18:56:02.523] [Render thread/INFO] [mixin/]: Mixing hold_interaction.KeyMappingInvoker from simulated.mixins.json into net.minecraft.client.KeyMapping
[10вер.2026 18:56:02.527] [Render thread/INFO] [mixin/]: Mixing OptionsMixin from flywheel.backend.mixins.json into net.minecraft.client.Options
[10вер.2026 18:56:02.561] [Render thread/INFO] [mixin/]: Mixing camera.new_camera_types.CameraTypeMixin from sable.mixins.json into net.minecraft.client.CameraType
[10вер.2026 18:56:02.562] [Render thread/INFO] [mixin/]: Renaming @Invoker method create(Ljava/lang/String;IZZ)Lnet/minecraft/client/CameraType; to create$sable_$md$9d2632$0 in sable.mixins.json:camera.new_camera_types.CameraTypeMixin from mod sable
[10вер.2026 18:56:02.563] [Render thread/WARN] [mixin/]: Write access to @Mutable @Final field $VALUES:[Lnet/minecraft/client/CameraType; in sable.mixins.json:camera.new_camera_types.CameraTypeMixin from mod sable::<clinit>
[10вер.2026 18:56:02.564] [Render thread/WARN] [mixin/]: Write access to @Mutable @Final field VALUES:[Lnet/minecraft/client/CameraType; in sable.mixins.json:camera.new_camera_types.CameraTypeMixin from mod sable::<clinit>
[10вер.2026 18:56:02.564] [Render thread/WARN] [mixin/]: Write access to @Mutable @Final field $VALUES:[Lnet/minecraft/client/CameraType; in sable.mixins.json:camera.new_camera_types.CameraTypeMixin from mod sable::<clinit>
[10вер.2026 18:56:02.564] [Render thread/WARN] [mixin/]: Write access to @Mutable @Final field VALUES:[Lnet/minecraft/client/CameraType; in sable.mixins.json:camera.new_camera_types.CameraTypeMixin from mod sable::<clinit>
[10вер.2026 18:56:02.590] [Render thread/INFO] [net.minecraft.client.Minecraft/]: Backend library: LWJGL version 3.3.3+5
[10вер.2026 18:56:02.591] [Render thread/INFO] [mixin/]: Mixing WindowMixin from veil.fix.mixins.json into com.mojang.blaze3d.platform.Window
[10вер.2026 18:56:02.591] [Render thread/INFO] [mixin/]: Mixing client.PipelineWindowMixin from veil.pipeline.mixins.json into com.mojang.blaze3d.platform.Window
[10вер.2026 18:56:02.612] [Render thread/INFO] [mixin/]: Mixing client.PipelineGlStateManagerMixin from veil.pipeline.mixins.json into com.mojang.blaze3d.platform.GlStateManager
[10вер.2026 18:56:02.613] [Render thread/INFO] [mixin/]: Mixing GlStateManagerMixin from flywheel.backend.mixins.json into com.mojang.blaze3d.platform.GlStateManager
[10вер.2026 18:56:02.626] [Render thread/INFO] [mixin/]: Mixing resources.PathPackResourcesMixin from veil.neoforge.mixins.json into net.minecraft.server.packs.PathPackResources
[10вер.2026 18:56:02.630] [Render thread/INFO] [mixin/]: Mixing NativeImageMixin from veil.fix.mixins.json into com.mojang.blaze3d.platform.NativeImage
[10вер.2026 18:56:02.631] [Render thread/INFO] [mixin/]: Mixing accessor.PipelineNativeImageAccessor from veil.pipeline.mixins.json into com.mojang.blaze3d.platform.NativeImage
[10вер.2026 18:56:02.641] [Render thread/INFO] [mixin/]: Mixing hold_interaction.MouseHandlerMixin from simulated.mixins.json into net.minecraft.client.MouseHandler
[10вер.2026 18:56:02.642] [Render thread/INFO] [mixin/]: Mixing accessor.MouseHandlerAccessor from create.mixins.json into net.minecraft.client.MouseHandler
[10вер.2026 18:56:02.642] [Render thread/INFO] [mixin/]: Mixing camera.camera_zoom.MouseHandlerMixin from sable.mixins.json into net.minecraft.client.MouseHandler
[10вер.2026 18:56:02.648] [Render thread/INFO] [mixin/]: Mixing client.DebugKeyboardHandlerMixin from veil.debug.mixins.json into net.minecraft.client.KeyboardHandler
[10вер.2026 18:56:02.648] [Render thread/INFO] [mixin/]: Mixing hold_interaction.KeyboardHandlerMixin from simulated.mixins.json into net.minecraft.client.KeyboardHandler
[10вер.2026 18:56:02.673] [Render thread/INFO] [mixin/]: Mixing client.DebugGlDebugMixin from veil.debug.mixins.json into com.mojang.blaze3d.platform.GlDebug
[10вер.2026 18:56:02.692] [Render thread/INFO] [mixin/]: Mixing accessor.RenderStateShardAccessor from veil.rendertype.mixins.json into net.minecraft.client.renderer.RenderStateShard
[10вер.2026 18:56:02.695] [Render thread/INFO] [mixin/]: Mixing client.RenderTypeMixin from veil.neoforge.mixins.json into net.minecraft.client.renderer.RenderType
[10вер.2026 18:56:02.696] [Render thread/INFO] [mixin/]: Mixing accessor.RenderTypeAccessor from veil.rendertype.mixins.json into net.minecraft.client.renderer.RenderType
[10вер.2026 18:56:02.696] [Render thread/INFO] [mixin/]: Mixing client.RenderTypeMixin from veil.rendertype.mixins.json into net.minecraft.client.renderer.RenderType
[10вер.2026 18:56:02.696] [Render thread/INFO] [mixin/]: Mixing client.accessor.RenderTypeAccessor from ponder-common.mixins.json into net.minecraft.client.renderer.RenderType
[10вер.2026 18:56:02.696] [Render thread/INFO] [mixin/]: Renaming @Invoker method catnip$create(Ljava/lang/String;Lcom/mojang/blaze3d/vertex/VertexFormat;Lcom/mojang/blaze3d/vertex/VertexFormat$Mode;IZZLnet/minecraft/client/renderer/RenderType$CompositeState;)Lnet/minecraft/client/renderer/RenderType$CompositeRenderType; to catnip$create$ponder_$md$9d2632$0 in ponder-common.mixins.json:client.accessor.RenderTypeAccessor from mod ponder
[10вер.2026 18:56:02.702] [Render thread/INFO] [mixin/]: Mixing accessor.DebugGameRendererAccessor from veil.debug.mixins.json into net.minecraft.client.renderer.GameRenderer
[10вер.2026 18:56:02.703] [Render thread/INFO] [mixin/]: Mixing client.profiler.GameRendererMixin from veil.debug.mixins.json into net.minecraft.client.renderer.GameRenderer
[10вер.2026 18:56:02.703] [Render thread/INFO] [mixin/]: Mixing accessor.DynamicBufferGameRendererAccessor from veil.dynamicbuffer.mixins.json into net.minecraft.client.renderer.GameRenderer
[10вер.2026 18:56:02.703] [Render thread/INFO] [mixin/]: Mixing client.DynamicBufferGameRendererMixin from veil.dynamicbuffer.mixins.json into net.minecraft.client.renderer.GameRenderer
[10вер.2026 18:56:02.704] [Render thread/INFO] [mixin/]: Mixing accessor.GameRendererAccessor from veil.perspective.mixins.json into net.minecraft.client.renderer.GameRenderer
[10вер.2026 18:56:02.704] [Render thread/INFO] [mixin/]: Mixing client.PipelineGameRendererMixin from veil.pipeline.mixins.json into net.minecraft.client.renderer.GameRenderer
[10вер.2026 18:56:02.707] [Render thread/INFO] [mixin/]: Mixing client.ShaderGameRendererMixin from veil.shader.mixins.json into net.minecraft.client.renderer.GameRenderer
[10вер.2026 18:56:02.708] [Render thread/INFO] [mixin/]: Mixing throttle_lever.GameRendererMixin from simulated.mixins.json into net.minecraft.client.renderer.GameRenderer
[10вер.2026 18:56:02.709] [Render thread/INFO] [mixin/]: Mixing client.accessor.GameRendererAccessor from ponder-common.mixins.json into net.minecraft.client.renderer.GameRenderer
[10вер.2026 18:56:02.709] [Render thread/INFO] [mixin/]: Mixing client.GameRendererMixin from create.mixins.json into net.minecraft.client.renderer.GameRenderer
[10вер.2026 18:56:02.709] [Render thread/INFO] [mixin/]: Mixing camera.new_camera_types.GameRendererMixin from sable.mixins.json into net.minecraft.client.renderer.GameRenderer
[10вер.2026 18:56:02.709] [Render thread/INFO] [mixin/]: Mixing clip_overwrite.GameRendererMixin from sable.mixins.json into net.minecraft.client.renderer.GameRenderer
[10вер.2026 18:56:02.710] [Render thread/INFO] [mixin/]: Renaming synthetic method lambda$sable$renderLevel$0(FLjava/lang/Object;)Ldev/ryanhcode/sable/companion/math/Pose3dc; to md9d2632$sable$lambda$sable$renderLevel$0$0 in sable.mixins.json:clip_overwrite.GameRendererMixin from mod sable
[10вер.2026 18:56:02.710] [Render thread/INFO] [mixin/]: Mixing config.GameRendererAccessor from sable.mixins.json into net.minecraft.client.renderer.GameRenderer
[10вер.2026 18:56:02.710] [Render thread/INFO] [mixin/]: Mixing entity.entities_turn_with_sub_levels.GameRendererMixin from sable.mixins.json into net.minecraft.client.renderer.GameRenderer
[10вер.2026 18:56:02.711] [Render thread/INFO] [mixin/]: Mixing water_occlusion.GameRendererMixin from sable.mixins.json into net.minecraft.client.renderer.GameRenderer
[10вер.2026 18:56:02.739] [Render thread/INFO] [mixin/]: Mixing client.ShaderInstanceMixin from veil.shader.mixins.json into net.minecraft.client.renderer.ShaderInstance
[10вер.2026 18:56:02.739] [Render thread/INFO] [mixin/]: Renaming synthetic method lambda$updateLocations$0(Lcom/mojang/blaze3d/shaders/Uniform;)Z to md9d2632$veil$lambda$updateLocations$0$0 in veil.shader.mixins.json:client.ShaderInstanceMixin from mod veil
[10вер.2026 18:56:02.743] [Render thread/INFO] [mixin/]: Mixing client.DynamicBufferShaderInstanceMixin from veil.dynamicbuffer.mixins.json into net.minecraft.client.renderer.ShaderInstance
[10вер.2026 18:56:02.747] [Render thread/INFO] [mixin/]: Mixing client.PipelineShaderInstanceMixin from veil.pipeline.mixins.json into net.minecraft.client.renderer.ShaderInstance
[10вер.2026 18:56:02.748] [Render thread/INFO] [mixin/]: Renaming synthetic method lambda$static$1(I)[Ljava/lang/String; to md9d2632$veil$lambda$static$1$1 in veil.pipeline.mixins.json:client.PipelineShaderInstanceMixin from mod veil
[10вер.2026 18:56:02.748] [Render thread/INFO] [mixin/]: Renaming synthetic method lambda$static$0(Lnet/minecraft/core/Direction;)Ljava/lang/String; to md9d2632$veil$lambda$static$0$2 in veil.pipeline.mixins.json:client.PipelineShaderInstanceMixin from mod veil
[10вер.2026 18:56:02.755] [Render thread/WARN] [mixin/]: Write access to @Mutable @Final field programId:I in veil.dynamicbuffer.mixins.json:client.DynamicBufferShaderInstanceMixin from mod veil::handler$zzn000$veil$close
[10вер.2026 18:56:02.756] [Render thread/WARN] [mixin/]: Write access to @Mutable @Final field programId:I in veil.dynamicbuffer.mixins.json:client.DynamicBufferShaderInstanceMixin from mod veil::veil$applyCompile
[10вер.2026 18:56:02.757] [Render thread/WARN] [mixin/]: Write access to @Mutable @Final field programId:I in veil.dynamicbuffer.mixins.json:client.DynamicBufferShaderInstanceMixin from mod veil::veil$applyCompile
[10вер.2026 18:56:02.758] [Render thread/WARN] [mixin/]: Write access to @Mutable @Final field programId:I in veil.dynamicbuffer.mixins.json:client.DynamicBufferShaderInstanceMixin from mod veil::veil$swapBuffers
[10вер.2026 18:56:02.775] [Render thread/INFO] [mixin/]: Mixing accessor.ResourceTextureAtlasAccessor from veil.resource.mixins.json into net.minecraft.client.renderer.texture.TextureAtlas
[10вер.2026 18:56:02.776] [Render thread/INFO] [mixin/]: Mixing client.ResourceTextureAtlasMixin from veil.resource.mixins.json into net.minecraft.client.renderer.texture.TextureAtlas
[10вер.2026 18:56:02.797] [Render thread/INFO] [mixin/]: Mixing accessor.PipelineReloadableResourceManagerAccessor from veil.pipeline.mixins.json into net.minecraft.server.packs.resources.ReloadableResourceManager
[10вер.2026 18:56:02.895] [modloading-worker-0/INFO] [Veil/]: Veil is initializing.
[10вер.2026 18:56:02.896] [modloading-worker-0/INFO] [mixin/]: Mixing DeferredRegisterMixin from veil.neoforge.mixins.json into net.neoforged.neoforge.registries.DeferredRegister
[10вер.2026 18:56:02.896] [modloading-worker-0/INFO] [com.happysg.radar.CreateRadar/]: Initializing Create Radar!
[10вер.2026 18:56:02.896] [modloading-worker-0/INFO] [mixin/]: Renaming synthetic method lambda$register$0(Ljava/util/function/Function;Lnet/minecraft/resources/ResourceLocation;)Ljava/lang/Object; to md9d2632$veil$lambda$register$0$0 in veil.neoforge.mixins.json:DeferredRegisterMixin from mod veil
[10вер.2026 18:56:02.920] [modloading-worker-0/INFO] [mixin/]: Mixing BigCannonBlockMixin from cbc_at.mixins.json into rbasamoyai.createbigcannons.cannons.big_cannons.BigCannonBlock
[10вер.2026 18:56:02.924] [modloading-worker-0/INFO] [mixin/]: Mixing extra_kinetics.auto_orientation.FixAutoOrientationMixin from simulated.mixins.json into com.simibubi.create.content.kinetics.base.DirectionalAxisKineticBlock
[10вер.2026 18:56:02.930] [modloading-worker-0/INFO] [mixin/]: Mixing extra_kinetics.auto_orientation.FixAutoOrientationMixin from simulated.mixins.json into com.simibubi.create.content.kinetics.base.DirectionalKineticBlock
[10вер.2026 18:56:02.933] [modloading-worker-0/INFO] [mixin/]: Mixing extra_kinetics.KineticBlockMixin from simulated.mixins.json into com.simibubi.create.content.kinetics.base.KineticBlock
[10вер.2026 18:56:02.933] [modloading-worker-0/INFO] [mixin/]: Mixing compat.create.rotation_propagation.KineticBlockAccessor from createbigcannons.mixins.json into com.simibubi.create.content.kinetics.base.KineticBlock
[10вер.2026 18:56:02.939] [modloading-worker-0/INFO] [net.neoforged.neoforge.common.NeoForgeMod/NEOFORGE-MOD]: NeoForge mod loading, version 21.1.228, for MC 1.21.1
[10вер.2026 18:56:02.945] [modloading-worker-0/INFO] [mixin/]: Mixing client.DebugVertexFormatMixin from veil.debug.mixins.json into com.mojang.blaze3d.vertex.VertexFormat
[10вер.2026 18:56:02.947] [modloading-worker-0/INFO] [mixin/]: Mixing extra_kinetics.auto_orientation.FixAutoOrientationStaticMixin from simulated.mixins.json into com.simibubi.create.content.kinetics.base.RotatedPillarKineticBlock
[10вер.2026 18:56:02.950] [modloading-worker-0/INFO] [mixin/]: Mixing CBCATJEIMixin from cbcatfix.mixins.json into com.dsvv.cbcat.crafting.jei.CBCATJEI
[10вер.2026 18:56:02.953] [modloading-worker-0/INFO] [mixin/]: Mixing GuidedFuzeItemMixin from cbcatfix.mixins.json into com.happysg.radar.item.GuidedFuzeItem
[10вер.2026 18:56:02.956] [modloading-worker-0/INFO] [mixin/]: Mixing accessor.BlockLootSubProviderAccessor from create.mixins.json into net.minecraft.data.loot.BlockLootSubProvider
[10вер.2026 18:56:02.960] [modloading-worker-0/INFO] [com.happysg.radar.CreateRadar/]: Registering Items!
[10вер.2026 18:56:02.963] [modloading-worker-0/INFO] [mixin/]: Mixing client.CompositeStateMixin from veil.rendertype.mixins.json into net.minecraft.client.renderer.RenderType$CompositeState
[10вер.2026 18:56:02.964] [modloading-worker-0/WARN] [mixin/]: Write access to @Mutable @Final field states:Lcom/google/common/collect/ImmutableList; in veil.rendertype.mixins.json:client.CompositeStateMixin from mod veil::veil$addShards
[10вер.2026 18:56:02.967] [modloading-worker-0/INFO] [mixin/]: Mixing client.CompositeStateBuilderMixin from veil.rendertype.mixins.json into net.minecraft.client.renderer.RenderType$CompositeState$CompositeStateBuilder
[10вер.2026 18:56:02.975] [modloading-worker-0/INFO] [mixin/]: Mixing PartialBlockDamageManagerMixin from cbcatfix.mixins.json into rbasamoyai.createbigcannons.base.PartialBlockDamageManager
[10вер.2026 18:56:02.984] [modloading-worker-0/INFO] [mixin/]: Mixing nav_table_compat.NixieTubeBlockMixin from simulated.mixins.json into com.simibubi.create.content.redstone.nixieTube.NixieTubeBlock
[10вер.2026 18:56:02.988] [modloading-worker-0/INFO] [mixin/]: Mixing compatibility.create.sails_providing_lift.SailBlockMixin from sable-neoforge.mixins.json into com.simibubi.create.content.contraptions.bearing.SailBlock
[10вер.2026 18:56:02.991] [modloading-worker-0/INFO] [mixin/]: Mixing client.accessor.ItemRendererAccessor from ponder-common.mixins.json into net.minecraft.client.renderer.entity.ItemRenderer
[10вер.2026 18:56:03.000] [modloading-worker-0/INFO] [mixin/]: Mixing compatibility.create.lectern_controller.LecternControllerBlockMixin from sable-neoforge.mixins.json into com.simibubi.create.content.redstone.link.controller.LecternControllerBlock
[10вер.2026 18:56:03.004] [modloading-worker-0/INFO] [mixin/]: Mixing RocketLauncherShapeMixin from cbcatfix.mixins.json into com.dsvv.cbcat.cannon.rocketpod.RocketPodBarrelBlock
[10вер.2026 18:56:03.010] [modloading-worker-0/INFO] [mixin/]: Mixing client.DynamicBufferLevelRendererMixin from veil.dynamicbuffer.mixins.json into net.minecraft.client.renderer.LevelRenderer
[10вер.2026 18:56:03.011] [modloading-worker-0/INFO] [mixin/]: Mixing client.PipelineLevelRendererMixin from veil.pipeline.mixins.json into net.minecraft.client.renderer.LevelRenderer
[10вер.2026 18:56:03.015] [modloading-worker-0/INFO] [mixin/]: Mixing render.vanilla.LevelRendererMixin from aeronautics.mixins.json into net.minecraft.client.renderer.LevelRenderer
[10вер.2026 18:56:03.016] [modloading-worker-0/INFO] [mixin/]: Mixing accessor.DebugLevelRendererAccessor from veil.debug.mixins.json into net.minecraft.client.renderer.LevelRenderer
[10вер.2026 18:56:03.017] [modloading-worker-0/INFO] [mixin/]: Mixing client.DebugLevelRendererMixin from veil.debug.mixins.json into net.minecraft.client.renderer.LevelRenderer
[10вер.2026 18:56:03.017] [modloading-worker-0/INFO] [mixin/]: Mixing client.NecromancerLevelRendererMixin from veil.necromancer.mixins.json into net.minecraft.client.renderer.LevelRenderer
[10вер.2026 18:56:03.017] [modloading-worker-0/INFO] [mixin/]: Mixing client.PerformanceLevelRendererMixin from veil.performance.mixins.json into net.minecraft.client.renderer.LevelRenderer
[10вер.2026 18:56:03.017] [modloading-worker-0/INFO] [mixin/]: Mixing accessor.LevelRendererAccessor from veil.perspective.mixins.json into net.minecraft.client.renderer.LevelRenderer
[10вер.2026 18:56:03.018] [modloading-worker-0/INFO] [mixin/]: Mixing client.debug.vanilla.DebugLevelRendererMixin from veil.neoforge.mixins.json into net.minecraft.client.renderer.LevelRenderer
[10вер.2026 18:56:03.018] [modloading-worker-0/INFO] [mixin/]: Mixing client.dynamicbuffer.LevelRendererMixin from veil.neoforge.mixins.json into net.minecraft.client.renderer.LevelRenderer
[10вер.2026 18:56:03.018] [modloading-worker-0/INFO] [mixin/]: Mixing client.perspective.vanilla.LevelRendererMixin from veil.neoforge.mixins.json into net.minecraft.client.renderer.LevelRenderer
[10вер.2026 18:56:03.020] [modloading-worker-0/INFO] [mixin/]: Mixing accessor.LevelRendererAccessor from simulated.mixins.json into net.minecraft.client.renderer.LevelRenderer
[10вер.2026 18:56:03.020] [modloading-worker-0/INFO] [mixin/]: Renaming @Invoker method invokeRenderShape(Lcom/mojang/blaze3d/vertex/PoseStack;Lcom/mojang/blaze3d/vertex/VertexConsumer;Lnet/minecraft/world/phys/shapes/VoxelShape;DDDFFFF)V to invokeRenderShape$simulated_$md$9d2632$0 in simulated.mixins.json:accessor.LevelRendererAccessor from mod simulated
[10вер.2026 18:56:03.020] [modloading-worker-0/INFO] [mixin/]: Mixing end_sea.LevelRendererMixin from simulated.mixins.json into net.minecraft.client.renderer.LevelRenderer
[10вер.2026 18:56:03.020] [modloading-worker-0/INFO] [mixin/]: Mixing rope.LevelRendererMixin from simulated.mixins.json into net.minecraft.client.renderer.LevelRenderer
[10вер.2026 18:56:03.021] [modloading-worker-0/INFO] [mixin/]: Mixing LevelRendererAccessor from flywheel.backend.mixins.json into net.minecraft.client.renderer.LevelRenderer
[10вер.2026 18:56:03.021] [modloading-worker-0/INFO] [mixin/]: Mixing fix.FixFabulousDepthMixin from flywheel.impl.mixins.json into net.minecraft.client.renderer.LevelRenderer
[10вер.2026 18:56:03.021] [modloading-worker-0/INFO] [mixin/]: Mixing visualmanage.LevelRendererMixin from flywheel.impl.mixins.json into net.minecraft.client.renderer.LevelRenderer
[10вер.2026 18:56:03.021] [modloading-worker-0/INFO] [mixin/]: Mixing accessor.LevelRendererAccessor from create.mixins.json into net.minecraft.client.renderer.LevelRenderer
[10вер.2026 18:56:03.021] [modloading-worker-0/INFO] [mixin/]: Mixing client.LevelRendererMixin from create.mixins.json into net.minecraft.client.renderer.LevelRenderer
[10вер.2026 18:56:03.021] [modloading-worker-0/INFO] [mixin/]: Renaming synthetic method lambda$create$onDestroyBlockProgress$0(J)Ljava/util/SortedSet; to md9d2632$create$lambda$create$onDestroyBlockProgress$0$1 in create.mixins.json:client.LevelRendererMixin from mod create
[10вер.2026 18:56:03.022] [modloading-worker-0/INFO] [mixin/]: Mixing block_decal_render.LevelRendererMixin from sable.mixins.json into net.minecraft.client.renderer.LevelRenderer
[10вер.2026 18:56:03.024] [modloading-worker-0/INFO] [mixin/]: Mixing debug_render.LevelRendererMixin from sable.mixins.json into net.minecraft.client.renderer.LevelRenderer
[10вер.2026 18:56:03.026] [modloading-worker-0/INFO] [mixin/]: Mixing entity.entity_rendering.LevelRendererMixin from sable.mixins.json into net.minecraft.client.renderer.LevelRenderer
[10вер.2026 18:56:03.027] [modloading-worker-0/INFO] [mixin/]: Mixing particle.LevelRendererMixin from sable.mixins.json into net.minecraft.client.renderer.LevelRenderer
[10вер.2026 18:56:03.027] [modloading-worker-0/INFO] [mixin/]: Mixing sky_light_shadow.LevelRendererMixin from sable.mixins.json into net.minecraft.client.renderer.LevelRenderer
[10вер.2026 18:56:03.027] [modloading-worker-0/INFO] [mixin/]: Mixing stop_rain.LevelRenderMixin from sable.mixins.json into net.minecraft.client.renderer.LevelRenderer
[10вер.2026 18:56:03.028] [modloading-worker-0/INFO] [mixin/]: Mixing sublevel_render.LevelRendererMixin from sable.mixins.json into net.minecraft.client.renderer.LevelRenderer
[10вер.2026 18:56:03.029] [modloading-worker-0/INFO] [mixin/]: Mixing sublevel_render.block_entity_render.LevelRendererMixin from sable.mixins.json into net.minecraft.client.renderer.LevelRenderer
[10вер.2026 18:56:03.030] [modloading-worker-0/INFO] [mixin/]: Mixing sublevel_render.impl.vanilla.water_occlusion.LevelRendererMixin from sable.mixins.json into net.minecraft.client.renderer.LevelRenderer
[10вер.2026 18:56:03.031] [modloading-worker-0/INFO] [mixin/]: Mixing RocketSectionCrackMixin from cbcatfix.mixins.json into net.minecraft.client.renderer.LevelRenderer
[10вер.2026 18:56:03.031] [modloading-worker-0/INFO] [mixin/]: Mixing client.LevelRendererMixin from createbigcannons.mixins.json into net.minecraft.client.renderer.LevelRenderer
[10вер.2026 18:56:03.033] [modloading-worker-0/INFO] [mixin/]: Mixing client.multimining_destruction_progress.LevelRenderMixin from offroad.mixins.json into net.minecraft.client.renderer.LevelRenderer
[10вер.2026 18:56:03.033] [modloading-worker-0/INFO] [mixin/]: Renaming synthetic method lambda$offroad$manuallyAddMultiDestructionProgress$3(Ljava/util/Map;ILnet/minecraft/core/BlockPos;Ldev/ryanhcode/offroad/handlers/client/MultiMiningClientHandler$ClientBlockBreakingData;)V to md9d2632$offroad$lambda$offroad$manuallyAddMultiDestructionProgress$3$2 in offroad.mixins.json:client.multimining_destruction_progress.LevelRenderMixin from mod offroad
[10вер.2026 18:56:03.033] [modloading-worker-0/INFO] [mixin/]: Renaming synthetic method lambda$offroad$manuallyAddMultiDestructionProgress$2(FZILnet/minecraft/core/BlockPos;Lnet/minecraft/core/BlockPos;Lnet/minecraft/server/level/BlockDestructionProgress;)Lnet/minecraft/server/level/BlockDestructionProgress; to md9d2632$offroad$lambda$offroad$manuallyAddMultiDestructionProgress$2$3 in offroad.mixins.json:client.multimining_destruction_progress.LevelRenderMixin from mod offroad
[10вер.2026 18:56:03.033] [modloading-worker-0/INFO] [mixin/]: Renaming synthetic method lambda$offroad$manuallyAddMultiDestructionProgress$1(J)Ljava/util/SortedSet; to md9d2632$offroad$lambda$offroad$manuallyAddMultiDestructionProgress$1$4 in offroad.mixins.json:client.multimining_destruction_progress.LevelRenderMixin from mod offroad
[10вер.2026 18:56:03.033] [modloading-worker-0/INFO] [mixin/]: Renaming synthetic method lambda$offroad$manuallyAddMultiDestructionProgress$0(II)Lnet/minecraft/server/level/BlockDestructionProgress; to md9d2632$offroad$lambda$offroad$manuallyAddMultiDestructionProgress$0$5 in offroad.mixins.json:client.multimining_destruction_progress.LevelRenderMixin from mod offroad
[10вер.2026 18:56:03.034] [modloading-worker-0/INFO] [mixin/]: Mixing LevelRendererMixin from flywheel.impl.mixins.json into net.minecraft.client.renderer.LevelRenderer
[10вер.2026 18:56:03.035] [modloading-worker-0/INFO] [mixin/]: Mixing sublevel_render.impl.vanilla.LevelRendererMixin from sable.mixins.json into net.minecraft.client.renderer.LevelRenderer
[10вер.2026 18:56:03.037] [modloading-worker-0/INFO] [mixin/]: Mixing block_entity_visible.LevelRendererMixin from sable-neoforge.mixins.json into net.minecraft.client.renderer.LevelRenderer
[10вер.2026 18:56:03.037] [modloading-worker-0/INFO] [mixin/]: Mixing block_outline_render.LevelRendererMixin from sable-neoforge.mixins.json into net.minecraft.client.renderer.LevelRenderer
[10вер.2026 18:56:03.038] [modloading-worker-0/INFO] [mixin/]: Renaming @Unique field sable$orientationStorageLorg/joml/Quaternionf; to fd9d2632$sable$sable$orientationStorage$0 in sable-neoforge.mixins.json:block_outline_render.LevelRendererMixin from mod sable
[10вер.2026 18:56:03.044] [modloading-worker-0/WARN] [mixin/]: Write access to @Mutable @Final field visibleSections:Lit/unimi/dsi/fastutil/objects/ObjectArrayList; in veil.neoforge.mixins.json:client.perspective.vanilla.LevelRendererMixin from mod veil::handler$zdb000$veil$setupRender
[10вер.2026 18:56:03.045] [modloading-worker-0/WARN] [mixin/]: Write access to @Mutable @Final field visibleSections:Lit/unimi/dsi/fastutil/objects/ObjectArrayList; in veil.neoforge.mixins.json:client.perspective.vanilla.LevelRendererMixin from mod veil::handler$zdb000$veil$resetSections
[10вер.2026 18:56:03.113] [modloading-worker-0/INFO] [mixin/]: Mixing extra_kinetics.auto_orientation.FixAutoOrientationStaticMixin from simulated.mixins.json into com.simibubi.create.content.kinetics.base.HorizontalAxisKineticBlock
[10вер.2026 18:56:03.116] [modloading-worker-0/INFO] [mixin/]: Mixing RocketLauncherShapeMixin from cbcatfix.mixins.json into com.dsvv.cbcat.cannon.rocketpod.breech.RocketPodBreechBlock
[10вер.2026 18:56:03.121] [modloading-worker-0/INFO] [com.simibubi.create.Create/]: Create 6.0.10 initializing! Commit hash: ac0c444d9828da3453ae8cc65338e8de063286fb
[10вер.2026 18:56:03.121] [modloading-worker-0/INFO] [mixin/]: Mixing RocketLauncherShapeMixin from cbcatfix.mixins.json into com.dsvv.cbcat.cannon.medium_rocketpod.MediumRocketPodBarrelBlock
[10вер.2026 18:56:03.125] [modloading-worker-0/INFO] [mixin/]: Mixing compat.create.AllSoundEventsMixin from createbigcannons.mixins.json into com.simibubi.create.AllSoundEvents$SoundEntryBuilder
[10вер.2026 18:56:03.128] [modloading-worker-0/INFO] [mixin/]: Mixing RocketLauncherShapeMixin from cbcatfix.mixins.json into com.dsvv.cbcat.cannon.medium_rocketpod.breech.MediumRocketPodBreechBlock
[10вер.2026 18:56:03.134] [modloading-worker-0/INFO] [mixin/]: Mixing client.BlockDestructionProgressMixin from create.mixins.json into net.minecraft.server.level.BlockDestructionProgress
[10вер.2026 18:56:03.142] [modloading-worker-0/INFO] [mixin/]: Mixing compat.sable.FuzedProjectileBlockMixin from createbigcannons.mixins.json into rbasamoyai.createbigcannons.munitions.big_cannon.FuzedProjectileBlock
[10вер.2026 18:56:03.147] [modloading-worker-0/INFO] [mixin/]: Mixing MunitionItemTooltipMixin from cbcatfix.mixins.json into rbasamoyai.createbigcannons.munitions.FuzedProjectileBlockItem
[10вер.2026 18:56:03.153] [modloading-worker-0/INFO] [mixin/]: Mixing accessor.PipelineBufferSourceAccessor from veil.pipeline.mixins.json into net.minecraft.client.renderer.MultiBufferSource$BufferSource
[10вер.2026 18:56:03.153] [modloading-worker-0/INFO] [mixin/]: Mixing accessor.RenderTypeBufferSourceAccessor from veil.rendertype.mixins.json into net.minecraft.client.renderer.MultiBufferSource$BufferSource
[10вер.2026 18:56:03.158] [modloading-worker-0/INFO] [mixin/]: Mixing client.CameraMixin from create.mixins.json into net.minecraft.client.Camera
[10вер.2026 18:56:03.158] [modloading-worker-0/INFO] [mixin/]: Mixing camera.camera_zoom.CameraMixin from sable.mixins.json into net.minecraft.client.Camera
[10вер.2026 18:56:03.159] [modloading-worker-0/INFO] [mixin/]: Renaming synthetic method lambda$sable$getMaxZoomHead$1(Lnet/minecraft/client/Minecraft;Ljava/lang/Object;)Ldev/ryanhcode/sable/companion/math/Pose3dc; to md9d2632$sable$lambda$sable$getMaxZoomHead$1$0 in sable.mixins.json:camera.camera_zoom.CameraMixin from mod sable
[10вер.2026 18:56:03.159] [modloading-worker-0/INFO] [mixin/]: Renaming synthetic method lambda$sable$clampZoom$0(FLjava/lang/Object;)Ldev/ryanhcode/sable/companion/math/Pose3dc; to md9d2632$sable$lambda$sable$clampZoom$0$1 in sable.mixins.json:camera.camera_zoom.CameraMixin from mod sable
[10вер.2026 18:56:03.161] [modloading-worker-0/INFO] [mixin/]: Mixing entity.entity_sublevel_collision.CameraMixin from sable.mixins.json into net.minecraft.client.Camera
[10вер.2026 18:56:03.162] [modloading-worker-0/INFO] [mixin/]: Mixing entity.entity_swimming.CameraMixin from sable.mixins.json into net.minecraft.client.Camera
[10вер.2026 18:56:03.166] [modloading-worker-0/INFO] [mixin/]: Mixing water_occlusion.CameraMixin from sable.mixins.json into net.minecraft.client.Camera
[10вер.2026 18:56:03.167] [modloading-worker-0/INFO] [mixin/]: Mixing camera_rotation.CameraMixin from sable-neoforge.mixins.json into net.minecraft.client.Camera
[10вер.2026 18:56:03.167] [modloading-worker-0/INFO] [mixin/]: Renaming synthetic method lambda$sable$rotateView$0(Ldev/ryanhcode/sable/sublevel/SubLevel;)Ldev/ryanhcode/sable/companion/math/Pose3dc; to md9d2632$sable$lambda$sable$rotateView$0$2 in sable-neoforge.mixins.json:camera_rotation.CameraMixin from mod sable
[10вер.2026 18:56:03.168] [modloading-worker-0/INFO] [mixin/]: Mixing client.CameraMixin from createbigcannons.mixins.json into net.minecraft.client.Camera
[10вер.2026 18:56:03.182] [modloading-worker-0/INFO] [mixin/]: Mixing extra_kinetics.auto_orientation.FixAutoOrientationMixin from simulated.mixins.json into com.simibubi.create.content.kinetics.base.HorizontalKineticBlock
[10вер.2026 18:56:03.185] [modloading-worker-0/INFO] [mixin/]: Mixing client.FrustumMixin from veil.perspective.mixins.json into net.minecraft.client.renderer.culling.Frustum
[10вер.2026 18:56:03.187] [modloading-worker-0/INFO] [mixin/]: Mixing client.PipelineFrustumMixin from veil.pipeline.mixins.json into net.minecraft.client.renderer.culling.Frustum
[10вер.2026 18:56:03.196] [modloading-worker-0/INFO] [mixin/]: Mixing extra_kinetics.EncasedCogwheelBlockMixin from simulated.mixins.json into com.simibubi.create.content.kinetics.simpleRelays.encased.EncasedCogwheelBlock
[10вер.2026 18:56:03.203] [modloading-worker-0/INFO] [mixin/]: Mixing extra_kinetics.KineticBlockEntityMixin from simulated.mixins.json into com.simibubi.create.content.kinetics.base.KineticBlockEntity
[10вер.2026 18:56:03.206] [modloading-worker-0/INFO] [mixin/]: Mixing extra_kinetics.goggle_tooltips.KineticBlockEntityMixin from simulated.mixins.json into com.simibubi.create.content.kinetics.base.KineticBlockEntity
[10вер.2026 18:56:03.207] [modloading-worker-0/INFO] [mixin/]: Mixing compat.create.rotation_propagation.KineticBlockEntityMixin from createbigcannons.mixins.json into com.simibubi.create.content.kinetics.base.KineticBlockEntity
[10вер.2026 18:56:03.220] [modloading-worker-0/INFO] [mixin/]: Mixing accessor.RegistryDataAccessor from veil.registry.mixins.json into net.minecraft.resources.RegistryDataLoader$RegistryData
[10вер.2026 18:56:03.224] [modloading-worker-0/INFO] [mixin/]: Mixing udp.ConnectionMixin from sable.mixins.json into net.minecraft.network.Connection
[10вер.2026 18:56:03.224] [modloading-worker-0/INFO] [mixin/]: Renaming synthetic method lambda$sable$onDisconnect$0(Lio/netty/util/concurrent/Future;)V to md9d2632$sable$lambda$sable$onDisconnect$0$0 in sable.mixins.json:udp.ConnectionMixin from mod sable
[10вер.2026 18:56:03.246] [modloading-worker-0/INFO] [mixin/]: Mixing compatibility.create.belt.BeltBlockMixin from sable-neoforge.mixins.json into com.simibubi.create.content.kinetics.belt.BeltBlock
[10вер.2026 18:56:03.246] [modloading-worker-0/INFO] [mezz.jei.library.load.PluginCaller/]: Sending ConfigManager...
[10вер.2026 18:56:03.247] [modloading-worker-0/INFO] [mixin/]: Mixing compatibility.create.entity_falls_on_block.BeltMillstoneBlocksMixin from sable-neoforge.mixins.json into com.simibubi.create.content.kinetics.belt.BeltBlock
[10вер.2026 18:56:03.247] [modloading-worker-0/INFO] [mixin/]: Renaming synthetic method lambda$sable$checkForSubLevels$0(Lcom/tterrag/registrate/util/entry/BlockEntry;Lnet/minecraft/world/level/Level;Ldev/ryanhcode/sable/companion/SubLevelAccess;Lnet/minecraft/core/BlockPos;)Lnet/minecraft/core/BlockPos; to md9d2632$sable$lambda$sable$checkForSubLevels$0$0 in sable-neoforge.mixins.json:compatibility.create.entity_falls_on_block.BeltMillstoneBlocksMixin from mod sable
[10вер.2026 18:56:03.256] [modloading-worker-0/INFO] [mezz.jei.library.load.PluginCaller/]: Sending ConfigManager took 8.698 milliseconds
[10вер.2026 18:56:03.259] [modloading-worker-0/INFO] [mixin/]: Mixing compatibility.create.belt.BeltBlockEntityMixin from sable-neoforge.mixins.json into com.simibubi.create.content.kinetics.belt.BeltBlockEntity
[10вер.2026 18:56:03.260] [modloading-worker-0/INFO] [com.happysg.radar.CreateRadar/]: Registering blocks!
[10вер.2026 18:56:03.263] [modloading-worker-0/INFO] [mixin/]: Mixing create_assembly.MechanicalBearingBlockEntityMixin from simulated.mixins.json into com.simibubi.create.content.contraptions.bearing.MechanicalBearingBlockEntity
[10вер.2026 18:56:03.264] [modloading-worker-0/INFO] [mixin/]: Mixing torsion_spring.MechanicalBearingBlockEntityMixin from simulated.mixins.json into com.simibubi.create.content.contraptions.bearing.MechanicalBearingBlockEntity
[10вер.2026 18:56:03.264] [modloading-worker-0/INFO] [mixin/]: Mixing compat.create.MechanicalBearingBlockEntityMixin from createbigcannons.mixins.json into com.simibubi.create.content.contraptions.bearing.MechanicalBearingBlockEntity
[10вер.2026 18:56:03.264] [modloading-worker-0/INFO] [mixin/]: Renaming synthetic method lambda$createbigcannons$tick$0(Lcom/simibubi/create/content/contraptions/ControlledContraptionEntity;)Z to md9d2632$createbigcannons$lambda$createbigcannons$tick$0$0 in createbigcannons.mixins.json:compat.create.MechanicalBearingBlockEntityMixin from mod createbigcannons
[10вер.2026 18:56:03.274] [modloading-worker-0/INFO] [mixin/]: Mixing compatibility.create.chain_conveyor.ChainConveyorBlockMixin from sable-neoforge.mixins.json into com.simibubi.create.content.kinetics.chainConveyor.ChainConveyorBlock
[10вер.2026 18:56:03.276] [modloading-worker-0/INFO] [mixin/]: Mixing extra_kinetics.GeneratingKineticBlockEntityMixin from simulated.mixins.json into com.simibubi.create.content.kinetics.base.GeneratingKineticBlockEntity
[10вер.2026 18:56:03.283] [modloading-worker-0/INFO] [mixin/]: Mixing accessor.ContraptionAccessor from simulated.mixins.json into com.simibubi.create.content.contraptions.Contraption
[10вер.2026 18:56:03.283] [modloading-worker-0/INFO] [mixin/]: Mixing compat.create.ContraptionMixin from createbigcannons.mixins.json into com.simibubi.create.content.contraptions.Contraption
[10вер.2026 18:56:03.312] [modloading-worker-0/INFO] [mixin/]: Mixing multiloader.CommonRedstoneBlockMixin from simulated-neoforge.mixins.json into dev.simulated_team.simulated.multiloader.CommonRedstoneBlock
[10вер.2026 18:56:03.314] [modloading-worker-0/INFO] [mixin/]: Mixing client.PipelinePoseStackMixin from veil.pipeline.mixins.json into com.mojang.blaze3d.vertex.PoseStack
[10вер.2026 18:56:03.316] [modloading-worker-0/INFO] [mixin/]: Mixing PoseStackAccessor from flywheel.impl.mixins.json into com.mojang.blaze3d.vertex.PoseStack
[10вер.2026 18:56:03.316] [modloading-worker-0/INFO] [mixin/]: Mixing PoseStackMixin from flywheel.impl.mixins.json into com.mojang.blaze3d.vertex.PoseStack
[10вер.2026 18:56:03.320] [modloading-worker-0/INFO] [mixin/]: Mixing propeller_bearing.BearingContraptionMixin from aeronautics.mixins.json into com.simibubi.create.content.contraptions.bearing.BearingContraption
[10вер.2026 18:56:03.324] [modloading-worker-0/INFO] [mixin/]: Mixing accessor.ControlledContraptionEntityAccessor from simulated.mixins.json into com.simibubi.create.content.contraptions.ControlledContraptionEntity
[10вер.2026 18:56:03.325] [modloading-worker-0/INFO] [mixin/]: Mixing compatibility.create.turntable.TurntableBlockMixin from sable-neoforge.mixins.json into com.simibubi.create.content.kinetics.turntable.TurntableBlock
[10вер.2026 18:56:03.327] [modloading-worker-0/INFO] [mixin/]: Mixing particle.ParticleMixin from sable.mixins.json into net.minecraft.client.particle.Particle
[10вер.2026 18:56:03.328] [modloading-worker-0/INFO] [mixin/]: Renaming synthetic method lambda$resolveAABBCollision$0(IIILorg/joml/Vector3d;Ldev/ryanhcode/sable/companion/math/BoundingBox3d;[DLorg/joml/Vector3d;DDDDDD)V to md9d2632$sable$lambda$resolveAABBCollision$0$0 in sable.mixins.json:particle.ParticleMixin from mod sable
[10вер.2026 18:56:03.342] [modloading-worker-0/INFO] [mixin/]: Mixing compatibility.create.contraptions.AbstractContraptionEntityMixin from sable-neoforge.mixins.json into com.simibubi.create.content.contraptions.AbstractContraptionEntity
[10вер.2026 18:56:03.347] [modloading-worker-0/INFO] [mixin/]: Mixing compat.create.AbstractContraptionEntityMixin from createbigcannons.mixins.json into com.simibubi.create.content.contraptions.AbstractContraptionEntity
[10вер.2026 18:56:03.355] [modloading-worker-0/INFO] [mixin/]: Mixing borehead_collision.BoreheadContraptionEntityMixin from offroad.mixins.json into dev.ryanhcode.offroad.content.entities.BoreheadContraptionEntity
[10вер.2026 18:56:03.357] [modloading-worker-0/INFO] [mixin/]: Mixing compatibility.create.entity_falls_on_block.BeltMillstoneBlocksMixin from sable-neoforge.mixins.json into com.simibubi.create.content.kinetics.millstone.MillstoneBlock
[10вер.2026 18:56:03.360] [modloading-worker-0/INFO] [mixin/]: Mixing diagram.LightTextureMixin from simulated.mixins.json into net.minecraft.client.renderer.LightTexture
[10вер.2026 18:56:03.363] [modloading-worker-0/INFO] [mixin/]: Mixing compatibility.create.crushing_wheel.CrushingWheelBlockMixin from sable-neoforge.mixins.json into com.simibubi.create.content.kinetics.crusher.CrushingWheelBlock
[10вер.2026 18:56:03.374] [modloading-worker-0/INFO] [mixin/]: Mixing compatibility.create.entity_falls_on_block.BasinBlockMixin from sable-neoforge.mixins.json into com.simibubi.create.content.processing.basin.BasinBlock
[10вер.2026 18:56:03.376] [modloading-worker-0/INFO] [mixin/]: Mixing SmallRocketPayloadMixin from cbcatfix.mixins.json into com.dsvv.cbcat.cannon.rocketpod.munitions.ap_rocket.AP_RocketItem
[10вер.2026 18:56:03.378] [modloading-worker-0/INFO] [mixin/]: Mixing accessor.ItemStackHandlerAccessor from create.mixins.json into net.neoforged.neoforge.items.ItemStackHandler
[10вер.2026 18:56:03.379] [modloading-worker-0/INFO] [mixin/]: Mixing compatibility.create.basin_interactions.BasinBlockEntityMixin from sable-neoforge.mixins.json into com.simibubi.create.content.processing.basin.BasinBlockEntity
[10вер.2026 18:56:03.379] [modloading-worker-0/INFO] [mixin/]: Renaming synthetic method lambda$sable$accountForSubLevels$1(Lcom/llamalad7/mixinextras/injector/wrapoperation/Operation;Lnet/minecraft/world/level/Level;Ldev/ryanhcode/sable/sublevel/SubLevel;Lnet/minecraft/core/BlockPos;)Lnet/minecraft/world/level/block/entity/BlockEntity; to md9d2632$sable$lambda$sable$accountForSubLevels$1$0 in sable-neoforge.mixins.json:compatibility.create.basin_interactions.BasinBlockEntityMixin from mod sable
[10вер.2026 18:56:03.379] [modloading-worker-0/INFO] [mixin/]: Renaming synthetic method lambda$sable$accountForSubLevels$0(Lnet/minecraft/world/level/Level;Ldev/ryanhcode/sable/sublevel/SubLevel;Lnet/minecraft/core/BlockPos;)Lcom/simibubi/create/content/processing/burner/BlazeBurnerBlock$HeatLevel; to md9d2632$sable$lambda$sable$accountForSubLevels$0$1 in sable-neoforge.mixins.json:compatibility.create.basin_interactions.BasinBlockEntityMixin from mod sable
[10вер.2026 18:56:03.382] [modloading-worker-0/INFO] [mixin/]: Mixing RocketItemTooltipMixin from cbcatfix.mixins.json into com.dsvv.cbcat.cannon.rocketpod.munitions.AbstractRocketItem
[10вер.2026 18:56:03.382] [modloading-worker-0/INFO] [mixin/]: Renaming synthetic method lambda$cbcatfix$showPayloadMode$0(Lnet/minecraft/network/chat/Component;)Z to md9d2632$cbcatfix$lambda$cbcatfix$showPayloadMode$0$0 in cbcatfix.mixins.json:RocketItemTooltipMixin from mod cbcatfix
[10вер.2026 18:56:03.386] [modloading-worker-0/INFO] [com.happysg.radar.CreateRadar/]: Registering block entity types!
[10вер.2026 18:56:03.387] [modloading-worker-0/INFO] [mixin/]: Mixing AutocannonProjectileAccessor from create_radar.mixins.json into rbasamoyai.createbigcannons.munitions.AbstractCannonProjectile
[10вер.2026 18:56:03.387] [modloading-worker-0/WARN] [mixin/]: create_radar.mixins.json:AutocannonProjectileAccessor from mod create_radar: Class version 65 required is higher than the class version supported by the current version of Mixin (JAVA_17 supports class version 61)
[10вер.2026 18:56:03.387] [modloading-worker-0/INFO] [mixin/]: Mixing AbstractAutocannonProjectileMixin from cbc_at.mixins.json into rbasamoyai.createbigcannons.munitions.AbstractCannonProjectile
[10вер.2026 18:56:03.387] [modloading-worker-0/INFO] [mixin/]: Mixing AbstractCannonProjectileAccess from cbcatfix.mixins.json into rbasamoyai.createbigcannons.munitions.AbstractCannonProjectile
[10вер.2026 18:56:03.387] [modloading-worker-0/INFO] [mixin/]: Mixing RocketDurabilityMixin from cbcatfix.mixins.json into rbasamoyai.createbigcannons.munitions.AbstractCannonProjectile
[10вер.2026 18:56:03.388] [modloading-worker-0/INFO] [com.happysg.radar.CreateRadar/]: Registering CreativeTabs!
[10вер.2026 18:56:03.390] [modloading-worker-0/INFO] [com.happysg.radar.CreateRadar/]: Registering Lang!
[10вер.2026 18:56:03.394] [modloading-worker-0/INFO] [mixin/]: Mixing AbstractRocketMixin from cbcatfix.mixins.json into com.dsvv.cbcat.cannon.rocketpod.munitions.AbstractRocket
[10вер.2026 18:56:03.395] [modloading-worker-0/INFO] [mixin/]: Mixing AbstractRocketFlightMixin from cbcatfix.mixins.json into com.dsvv.cbcat.cannon.rocketpod.munitions.AbstractRocket
[10вер.2026 18:56:03.421] [modloading-worker-0/INFO] [mixin/]: Mixing SmallRocketPayloadMixin from cbcatfix.mixins.json into com.dsvv.cbcat.cannon.rocketpod.munitions.flak_rocket.Flak_RocketItem
[10вер.2026 18:56:03.424] [modloading-worker-0/INFO] [mixin/]: Mixing MountedItemStorageMixin from offroad.neoforge.mixins.json into com.simibubi.create.api.contraption.storage.item.MountedItemStorage
[10вер.2026 18:56:03.427] [modloading-worker-0/INFO] [mixin/]: Mixing AbstractFuzedRocketMixin from cbcatfix.mixins.json into com.dsvv.cbcat.cannon.rocketpod.munitions.AbstractFuzedRocket
[10вер.2026 18:56:03.428] [modloading-worker-0/INFO] [mixin/]: Mixing RocketDetonationInvoker from cbcatfix.mixins.json into com.dsvv.cbcat.cannon.rocketpod.munitions.AbstractFuzedRocket
[10вер.2026 18:56:03.431] [modloading-worker-0/INFO] [mixin/]: Mixing self_mixins.DiagramEntityMixin from simulated-neoforge.mixins.json into dev.simulated_team.simulated.content.entities.diagram.DiagramEntity
[10вер.2026 18:56:03.433] [modloading-worker-0/INFO] [mixin/]: Mixing SmallRocketPayloadMixin from cbcatfix.mixins.json into com.dsvv.cbcat.cannon.rocketpod.munitions.he_rocket.HE_RocketItem
[10вер.2026 18:56:03.435] [modloading-worker-0/INFO] [mixin/]: Mixing SmallRocketPayloadMixin from cbcatfix.mixins.json into com.dsvv.cbcat.cannon.rocketpod.munitions.hei_rocket.HEI_RocketItem
[10вер.2026 18:56:03.436] [modloading-worker-0/INFO] [mixin/]: Mixing MediumRocketPayloadMixin from cbcatfix.mixins.json into com.dsvv.cbcat.cannon.medium_rocketpod.munitions.medium_ap_rocket.APMediumRocketItem
[10вер.2026 18:56:03.438] [modloading-worker-0/INFO] [mixin/]: Mixing compatibility.create.super_glue.SuperGlueEntityMixin from sable-neoforge.mixins.json into com.simibubi.create.content.contraptions.glue.SuperGlueEntity
[10вер.2026 18:56:03.438] [modloading-worker-0/INFO] [mixin/]: Renaming synthetic method lambda$sable$collectGlueEntities$0(Ljava/util/List;Lnet/minecraft/world/entity/Entity;)Lnet/minecraft/util/AbortableIterationConsumer$Continuation; to md9d2632$sable$lambda$sable$collectGlueEntities$0$0 in sable-neoforge.mixins.json:compatibility.create.super_glue.SuperGlueEntityMixin from mod sable
[10вер.2026 18:56:03.440] [modloading-worker-0/INFO] [mixin/]: Mixing RocketItemTooltipMixin from cbcatfix.mixins.json into com.dsvv.cbcat.cannon.medium_rocketpod.munitions.AbstractMediumRocketItem
[10вер.2026 18:56:03.448] [modloading-worker-0/INFO] [mixin/]: Mixing AbstractMediumRocketMixin from cbcatfix.mixins.json into com.dsvv.cbcat.cannon.medium_rocketpod.munitions.AbstractMediumRocket
[10вер.2026 18:56:03.449] [modloading-worker-0/INFO] [mixin/]: Mixing AbstractMediumRocketFlightMixin from cbcatfix.mixins.json into com.dsvv.cbcat.cannon.medium_rocketpod.munitions.AbstractMediumRocket
[10вер.2026 18:56:03.461] [modloading-worker-0/INFO] [mixin/]: Mixing item_renderer.PhysicsStaffItemMixin from simulated-neoforge.mixins.json into dev.simulated_team.simulated.content.physics_staff.PhysicsStaffItem
[10вер.2026 18:56:03.463] [modloading-worker-0/INFO] [mixin/]: Mixing MediumRocketPayloadMixin from cbcatfix.mixins.json into com.dsvv.cbcat.cannon.medium_rocketpod.munitions.medium_he_rocket.HEMediumRocketItem
[10вер.2026 18:56:03.464] [modloading-worker-0/INFO] [mixin/]: Mixing AbstractMediumFuzedRocketMixin from cbcatfix.mixins.json into com.dsvv.cbcat.cannon.medium_rocketpod.munitions.AbstractMediumFuzedRocket
[10вер.2026 18:56:03.465] [modloading-worker-0/INFO] [mixin/]: Mixing RocketDetonationInvoker from cbcatfix.mixins.json into com.dsvv.cbcat.cannon.medium_rocketpod.munitions.AbstractMediumFuzedRocket
[10вер.2026 18:56:03.468] [modloading-worker-0/INFO] [mixin/]: Mixing MediumRocketPayloadMixin from cbcatfix.mixins.json into com.dsvv.cbcat.cannon.medium_rocketpod.munitions.medium_hef_rocket.HEFMediumRocketItem
[10вер.2026 18:56:03.470] [modloading-worker-0/INFO] [mixin/]: Mixing self_mixins.PlungerLauncherItemMixin from simulated-neoforge.mixins.json into dev.simulated_team.simulated.content.items.plunger_launcher.PlungerLauncherItem
[10вер.2026 18:56:03.471] [modloading-worker-0/INFO] [mixin/]: Mixing MediumRocketPayloadMixin from cbcatfix.mixins.json into com.dsvv.cbcat.cannon.medium_rocketpod.munitions.medium_heat_rocket.HEATMediumRocketItem
[10вер.2026 18:56:03.475] [modloading-worker-0/INFO] [mixin/]: Mixing MunitionItemTooltipMixin from cbcatfix.mixins.json into com.dsvv.cbcat.cannon.heavy_autocannon.munitions.AbstractHeavyAutocannonProjectileItem
[10вер.2026 18:56:03.482] [modloading-worker-0/INFO] [mixin/]: Mixing compatibility.create.ejector.EjectorBlockMixin from sable-neoforge.mixins.json into com.simibubi.create.content.logistics.depot.EjectorBlock
[10вер.2026 18:56:03.486] [modloading-worker-0/INFO] [mixin/]: Mixing ShellExplosionRedirectMixin from cbcatfix.mixins.json into com.dsvv.cbcat.cannon.heavy_autocannon.munitions.he_shell.HA_HEProjectile
[10вер.2026 18:56:03.487] [modloading-worker-0/INFO] [mixin/]: Mixing CbcatMunitionPropertiesMixin from cbcatfix.mixins.json into com.dsvv.cbcat.cannon.heavy_autocannon.munitions.he_shell.HA_HEProjectile
[10вер.2026 18:56:03.488] [modloading-worker-0/INFO] [mixin/]: Mixing CbcatSpecialMunitionEffectsMixin from cbcatfix.mixins.json into com.dsvv.cbcat.cannon.heavy_autocannon.munitions.he_shell.HA_HEProjectile
[10вер.2026 18:56:03.499] [modloading-worker-0/INFO] [mixin/]: Mixing new_ponder.PonderSceneRegistryMixin from simulated.mixins.json into net.createmod.ponder.foundation.registration.PonderSceneRegistry
[10вер.2026 18:56:03.502] [modloading-worker-0/INFO] [mixin/]: Mixing FlakExplosionRedirectMixin from cbcatfix.mixins.json into com.dsvv.cbcat.cannon.heavy_autocannon.munitions.hef_shell.HA_HEFProjectile
[10вер.2026 18:56:03.502] [modloading-worker-0/WARN] [mixin/]: Error loading class: com/dsvv/cbcat/cannon/autocannon/munitions/flak/AutocannonFlakProjectile (java.lang.ClassNotFoundException: com.dsvv.cbcat.cannon.autocannon.munitions.flak.AutocannonFlakProjectile)
[10вер.2026 18:56:03.503] [modloading-worker-0/INFO] [mixin/]: Mixing CbcatMunitionPropertiesMixin from cbcatfix.mixins.json into com.dsvv.cbcat.cannon.heavy_autocannon.munitions.hef_shell.HA_HEFProjectile
[10вер.2026 18:56:03.504] [modloading-worker-0/INFO] [mixin/]: Mixing CbcatSpecialMunitionEffectsMixin from cbcatfix.mixins.json into com.dsvv.cbcat.cannon.heavy_autocannon.munitions.hef_shell.HA_HEFProjectile
[10вер.2026 18:56:03.512] [modloading-worker-0/INFO] [mixin/]: Mixing ShellExplosionRedirectMixin from cbcatfix.mixins.json into com.dsvv.cbcat.cannon.heavy_autocannon.munitions.heat_shell.HA_HEATProjectile
[10вер.2026 18:56:03.513] [modloading-worker-0/INFO] [mixin/]: Mixing CbcatMunitionPropertiesMixin from cbcatfix.mixins.json into com.dsvv.cbcat.cannon.heavy_autocannon.munitions.heat_shell.HA_HEATProjectile
[10вер.2026 18:56:03.514] [modloading-worker-0/INFO] [mixin/]: Mixing HeavyAutocannonHeatMixin from cbcatfix.mixins.json into com.dsvv.cbcat.cannon.heavy_autocannon.munitions.heat_shell.HA_HEATProjectile
[10вер.2026 18:56:03.519] [modloading-worker-0/INFO] [mixin/]: Mixing SmokeExplosionRedirectMixin from cbcatfix.mixins.json into com.dsvv.cbcat.cannon.heavy_autocannon.munitions.smoke_shell.HA_SmokeProjectile
[10вер.2026 18:56:03.532] [modloading-worker-0/INFO] [mixin/]: Mixing CbcatMunitionPropertiesMixin from cbcatfix.mixins.json into com.dsvv.cbcat.cannon.heavy_autocannon.munitions.smoke_shell.HA_SmokeProjectile
[10вер.2026 18:56:03.540] [modloading-worker-0/INFO] [mixin/]: Mixing assembly_preventer.ServerSubLevelMixin from simulated.mixins.json into dev.ryanhcode.sable.sublevel.ServerSubLevel
[10вер.2026 18:56:03.543] [modloading-worker-0/INFO] [mixin/]: Mixing MunitionItemTooltipMixin from cbcatfix.mixins.json into rbasamoyai.createbigcannons.munitions.autocannon.AutocannonRoundItem
[10вер.2026 18:56:03.553] [modloading-worker-0/INFO] [mixin/]: Mixing ShellExplosionRedirectMixin from cbcatfix.mixins.json into com.dsvv.cbcat.cannon.autocannon.munitions.he.AutocannonHEProjectile
[10вер.2026 18:56:03.554] [modloading-worker-0/INFO] [mixin/]: Mixing CbcatMunitionPropertiesMixin from cbcatfix.mixins.json into com.dsvv.cbcat.cannon.autocannon.munitions.he.AutocannonHEProjectile
[10вер.2026 18:56:03.555] [modloading-worker-0/INFO] [mixin/]: Mixing CbcatSpecialMunitionEffectsMixin from cbcatfix.mixins.json into com.dsvv.cbcat.cannon.autocannon.munitions.he.AutocannonHEProjectile
[10вер.2026 18:56:03.562] [modloading-worker-0/INFO] [mixin/]: Mixing ShellExplosionRedirectMixin from cbcatfix.mixins.json into com.dsvv.cbcat.cannon.autocannon.munitions.hei.AutocannonHEIProjectile
[10вер.2026 18:56:03.562] [modloading-worker-0/INFO] [mixin/]: Mixing CbcatMunitionPropertiesMixin from cbcatfix.mixins.json into com.dsvv.cbcat.cannon.autocannon.munitions.hei.AutocannonHEIProjectile
[10вер.2026 18:56:03.563] [modloading-worker-0/INFO] [mixin/]: Mixing CbcatSpecialMunitionEffectsMixin from cbcatfix.mixins.json into com.dsvv.cbcat.cannon.autocannon.munitions.hei.AutocannonHEIProjectile
[10вер.2026 18:56:03.572] [modloading-worker-0/INFO] [mixin/]: Mixing compatibility.create.behaviour_compatibility.BlockEntityBehaviourMixin from sable-neoforge.mixins.json into com.simibubi.create.foundation.blockEntity.behaviour.BlockEntityBehaviour
[10вер.2026 18:56:03.572] [modloading-worker-0/INFO] [mixin/]: Renaming synthetic method lambda$sable$accountForSubLevels$0(Lnet/minecraft/world/level/Level;Ldev/ryanhcode/sable/sublevel/SubLevel;Lnet/minecraft/core/BlockPos;)Lnet/minecraft/world/level/block/entity/BlockEntity; to md9d2632$sable$lambda$sable$accountForSubLevels$0$0 in sable-neoforge.mixins.json:compatibility.create.behaviour_compatibility.BlockEntityBehaviourMixin from mod sable
[10вер.2026 18:56:03.582] [modloading-worker-0/INFO] [mixin/]: Mixing RocketLauncherClearableMixin from cbcatfix.mixins.json into com.dsvv.cbcat.cannon.rocketpod.RocketPodBlockEntity
[10вер.2026 18:56:03.584] [modloading-worker-0/INFO] [mixin/]: Mixing SmallRocketBreechSlotsMixin from cbcatfix.mixins.json into com.dsvv.cbcat.cannon.rocketpod.breech.RocketPodBreechBlockEntity
[10вер.2026 18:56:03.587] [modloading-worker-0/INFO] [mixin/]: Mixing RocketMountLengthMixin from cbcatfix.mixins.json into com.dsvv.cbcat.cannon.rocketpod.breech.RocketPodBreechBlockEntity
[10вер.2026 18:56:03.595] [modloading-worker-0/INFO] [mixin/]: Mixing PitchOrientedContraptionEntityMixin from cbcatfix.mixins.json into rbasamoyai.createbigcannons.cannon_control.contraption.PitchOrientedContraptionEntity
[10вер.2026 18:56:03.596] [modloading-worker-0/INFO] [mixin/]: Mixing client.PitchOrientedContraptionEntityMixin from createbigcannons.mixins.json into rbasamoyai.createbigcannons.cannon_control.contraption.PitchOrientedContraptionEntity
[10вер.2026 18:56:03.602] [modloading-worker-0/INFO] [mixin/]: Mixing RocketLauncherClearableMixin from cbcatfix.mixins.json into com.dsvv.cbcat.cannon.medium_rocketpod.MediumRocketPodBlockEntity
[10вер.2026 18:56:03.604] [modloading-worker-0/INFO] [mixin/]: Mixing RocketMountLengthMixin from cbcatfix.mixins.json into com.dsvv.cbcat.cannon.medium_rocketpod.breech.MediumRocketPodBreechBlockEntity
[10вер.2026 18:56:03.604] [modloading-worker-0/INFO] [mixin/]: Mixing MediumRocketPodBreechBlockEntityMixin from cbcatfix.mixins.json into com.dsvv.cbcat.cannon.medium_rocketpod.breech.MediumRocketPodBreechBlockEntity
[10вер.2026 18:56:03.605] [modloading-worker-0/WARN] [mixin/]: @Shadow target cbcatfix.mixins.json:MediumRocketPodBreechBlockEntityMixin from mod cbcatfix::inputBuffer is final but shadow is not decorated with @Final
[10вер.2026 18:56:03.611] [modloading-worker-0/INFO] [mixin/]: Mixing FuzedBlockEntityMixin from cbcatfix.mixins.json into rbasamoyai.createbigcannons.munitions.big_cannon.FuzedBlockEntity
[10вер.2026 18:56:03.616] [modloading-worker-0/INFO] [mixin/]: Mixing compat.create.MechanicalPistonBlockMixin from createbigcannons.mixins.json into com.simibubi.create.content.contraptions.piston.MechanicalPistonBlock
[10вер.2026 18:56:03.628] [modloading-worker-0/INFO] [mixin/]: Mixing compat.create.PulleyBlockMixin from createbigcannons.mixins.json into com.simibubi.create.content.contraptions.pulley.PulleyBlock
[10вер.2026 18:56:03.632] [modloading-worker-0/INFO] [mixin/]: Mixing compat.create.RopeBlockBaseMixin from createbigcannons.mixins.json into com.simibubi.create.content.contraptions.pulley.PulleyBlock$RopeBlockBase
[10вер.2026 18:56:03.645] [modloading-worker-0/INFO] [mixin/]: Mixing compatibility.create.sticker.StickerBlockMixin from sable-neoforge.mixins.json into com.simibubi.create.content.contraptions.chassis.StickerBlock
[10вер.2026 18:56:03.651] [modloading-worker-0/INFO] [mixin/]: Mixing compatibility.create.block_breakers.BlockBreakingKineticBlockEntityDamageMixin from sable-neoforge.mixins.json into com.simibubi.create.content.kinetics.drill.DrillBlock
[10вер.2026 18:56:03.656] [modloading-worker-0/INFO] [mixin/]: Mixing compatibility.create.behaviour_compatibility.block_breaking_behaviour.BlockBreakingMovementBehaviourMixin from sable-neoforge.mixins.json into com.simibubi.create.content.kinetics.base.BlockBreakingMovementBehaviour
[10вер.2026 18:56:03.656] [modloading-worker-0/INFO] [mixin/]: Renaming synthetic method lambda$sable$testBreakingPosDist$1(Lnet/minecraft/nbt/CompoundTag;)Lnet/minecraft/core/BlockPos; to md9d2632$sable$lambda$sable$testBreakingPosDist$1$0 in sable-neoforge.mixins.json:compatibility.create.behaviour_compatibility.block_breaking_behaviour.BlockBreakingMovementBehaviourMixin from mod sable
[10вер.2026 18:56:03.656] [modloading-worker-0/INFO] [mixin/]: Renaming synthetic method lambda$sable$checkPosition$0(Lcom/simibubi/create/content/contraptions/behaviour/MovementContext;Lnet/minecraft/core/BlockPos;Lnet/minecraft/world/level/block/state/BlockState;)Z to md9d2632$sable$lambda$sable$checkPosition$0$1 in sable-neoforge.mixins.json:compatibility.create.behaviour_compatibility.block_breaking_behaviour.BlockBreakingMovementBehaviourMixin from mod sable
[10вер.2026 18:56:03.665] [modloading-worker-0/INFO] [mixin/]: Mixing compatibility.create.block_breakers.BlockBreakingKineticBlockEntityDamageMixin from sable-neoforge.mixins.json into com.simibubi.create.content.kinetics.saw.SawBlock
[10вер.2026 18:56:03.666] [modloading-worker-0/INFO] [mixin/]: Mixing compatibility.create.entity_falls_on_block.SawBlockMixin from sable-neoforge.mixins.json into com.simibubi.create.content.kinetics.saw.SawBlock
[10вер.2026 18:56:03.670] [modloading-worker-0/INFO] [mixin/]: Mixing compatibility.create.behaviour_compatibility.block_breaking_behaviour.SawMovementBehaviourMixin from sable-neoforge.mixins.json into com.simibubi.create.content.kinetics.saw.SawMovementBehaviour
[10вер.2026 18:56:03.677] [modloading-worker-0/INFO] [mixin/]: Mixing compatibility.create.redstone_contacts.RedstoneContactBlockMixin from sable-neoforge.mixins.json into com.simibubi.create.content.redstone.contact.RedstoneContactBlock
[10вер.2026 18:56:03.682] [modloading-worker-0/INFO] [mixin/]: Mixing compatibility.create.behaviour_compatibility.harvester_block_entity.HarvesterBlockMixin from sable-neoforge.mixins.json into com.simibubi.create.content.contraptions.actors.harvester.HarvesterBlock
[10вер.2026 18:56:03.684] [modloading-worker-0/INFO] [mixin/]: Mixing compatibility.create.behaviour_compatibility.harvester_behaviour.HarvesterMovementBehaviourMixin from sable-neoforge.mixins.json into com.simibubi.create.content.contraptions.actors.harvester.HarvesterMovementBehaviour
[10вер.2026 18:56:03.685] [modloading-worker-0/INFO] [mixin/]: Renaming synthetic method lambda$sable$checkAllPositions$0(Lcom/llamalad7/mixinextras/injector/wrapoperation/Operation;Lcom/simibubi/create/content/contraptions/behaviour/MovementContext;Ldev/ryanhcode/sable/sublevel/SubLevel;Lnet/minecraft/core/BlockPos;)Ljava/lang/Object; to md9d2632$sable$lambda$sable$checkAllPositions$0$0 in sable-neoforge.mixins.json:compatibility.create.behaviour_compatibility.harvester_behaviour.HarvesterMovementBehaviourMixin from mod sable
[10вер.2026 18:56:03.685] [modloading-worker-0/INFO] [mixin/]: Mixing compatibility.create.behaviour_compatibility.harvester_block_entity.HarvesterBlockEntityUsageMixin from sable-neoforge.mixins.json into com.simibubi.create.content.contraptions.actors.harvester.HarvesterMovementBehaviour
[10вер.2026 18:56:03.688] [modloading-worker-0/INFO] [mixin/]: Mixing self_mixins.HoneyGlueEntityMixin from simulated-neoforge.mixins.json into dev.simulated_team.simulated.content.entities.honey_glue.HoneyGlueEntity
[10вер.2026 18:56:03.702] [modloading-worker-0/INFO] [mixin/]: Mixing client.CannonMountDisplaySourceMixin from createbigcannons.mixins.json into rbasamoyai.createbigcannons.cannon_control.cannon_mount.CannonMountDisplaySource
[10вер.2026 18:56:03.702] [modloading-worker-0/INFO] [mixin/]: Renaming synthetic method lambda$initConfigurationWidgets$0(Lcom/simibubi/create/foundation/gui/widget/SelectionScrollInput;Lcom/simibubi/create/foundation/gui/widget/Label;)V to md9d2632$createbigcannons$lambda$initConfigurationWidgets$0$0 in createbigcannons.mixins.json:client.CannonMountDisplaySourceMixin from mod createbigcannons
[10вер.2026 18:56:03.705] [modloading-worker-0/INFO] [mixin/]: Mixing compatibility.create.tracks.TrackBlockMixin from sable-neoforge.mixins.json into com.simibubi.create.content.trains.track.TrackBlock
[10вер.2026 18:56:03.711] [modloading-worker-0/INFO] [mixin/]: Mixing auger_shaft.GirderBlockMixin from simulated.mixins.json into com.simibubi.create.content.decoration.girder.GirderBlock
[10вер.2026 18:56:03.719] [modloading-worker-0/INFO] [mixin/]: Mixing balloon.SimAssemblyHelperMixin from aeronautics.mixins.json into dev.simulated_team.simulated.util.SimAssemblyHelper
[10вер.2026 18:56:03.719] [modloading-worker-0/INFO] [mixin/]: Mixing compat.simulated.SimAssemblyHelperMixin from createbigcannons.mixins.json into dev.simulated_team.simulated.util.SimAssemblyHelper
[10вер.2026 18:56:03.722] [modloading-worker-0/INFO] [mixin/]: Mixing AbstractCannonAccessor from create_radar.mixins.json into rbasamoyai.createbigcannons.cannon_control.contraption.AbstractMountedCannonContraption
[10вер.2026 18:56:03.722] [modloading-worker-0/INFO] [mixin/]: Mixing AbstractMountedCannonContraptionAccessor from cbcatfix.mixins.json into rbasamoyai.createbigcannons.cannon_control.contraption.AbstractMountedCannonContraption
[10вер.2026 18:56:03.723] [modloading-worker-0/INFO] [mixin/]: Mixing compatibility.create.tracks.TrackBlockItemMixin from sable-neoforge.mixins.json into com.simibubi.create.content.trains.track.TrackBlockItem
[10вер.2026 18:56:03.724] [modloading-worker-0/INFO] [mixin/]: Mixing compat.sable.SubLevelHeatMapManagerMixin from createbigcannons.mixins.json into dev.ryanhcode.sable.sublevel.plot.heat.SubLevelHeatMapManager
[10вер.2026 18:56:03.727] [modloading-worker-0/INFO] [mixin/]: Mixing MountedBigCannonContraptionMixin from cbc_at.mixins.json into rbasamoyai.createbigcannons.cannon_control.contraption.MountedBigCannonContraption
[10вер.2026 18:56:03.740] [modloading-worker-0/INFO] [mixin/]: Mixing compatibility.create.tracks.TrackBlockItemMixin from sable-neoforge.mixins.json into com.simibubi.create.content.trains.track.TrackTargetingBlockItem
[10вер.2026 18:56:03.743] [modloading-worker-0/INFO] [mixin/]: Mixing FuzedClusterProjectileMixin from cbcatfix.mixins.json into rbasamoyai.createbigcannons.munitions.big_cannon.FuzedBigCannonProjectile
[10вер.2026 18:56:03.748] [modloading-worker-0/INFO] [mixin/]: Mixing compatibility.create.funnels.FunnelBlockMixin from sable-neoforge.mixins.json into com.simibubi.create.content.logistics.funnel.FunnelBlock
[10вер.2026 18:56:03.767] [modloading-worker-0/INFO] [mixin/]: Mixing compatibility.create.frogports.FrogportBlockMixin from sable-neoforge.mixins.json into com.simibubi.create.content.logistics.packagePort.frogport.FrogportBlock
[10вер.2026 18:56:03.771] [modloading-worker-0/INFO] [mixin/]: Mixing compatibility.create.render_fixes.SafeBlockEntityRendererMixin from sable-neoforge.mixins.json into com.simibubi.create.foundation.blockEntity.renderer.SafeBlockEntityRenderer
[10вер.2026 18:56:03.773] [modloading-worker-0/INFO] [mixin/]: Mixing compatibility.create.frogports.FrogportBlockEntityMixin from sable-neoforge.mixins.json into com.simibubi.create.content.logistics.packagePort.frogport.FrogportBlockEntity
[10вер.2026 18:56:03.788] [modloading-worker-0/INFO] [mixin/]: Mixing compatibility.create.display_link.DisplayLinkBlockMixin from sable-neoforge.mixins.json into com.simibubi.create.content.redstone.displayLink.DisplayLinkBlock
[10вер.2026 18:56:03.791] [modloading-worker-0/INFO] [mixin/]: Mixing conditional_display_target.DisplayLinkScreenMixin from simulated.mixins.json into com.simibubi.create.content.redstone.displayLink.DisplayLinkScreen
[10вер.2026 18:56:03.794] [modloading-worker-0/INFO] [mixin/]: Mixing compatibility.create.display_link.ClickToLinkBlockItemMixin from sable-neoforge.mixins.json into com.simibubi.create.content.redstone.displayLink.ClickToLinkBlockItem
[10вер.2026 18:56:03.798] [modloading-worker-0/INFO] [mixin/]: Mixing CbcatMunitionPropertiesMixin from cbcatfix.mixins.json into com.dsvv.cbcat.cannon.heavy_autocannon.munitions.ap_shot.HA_APProjectile
[10вер.2026 18:56:03.803] [modloading-worker-0/INFO] [mixin/]: Mixing CbcatMunitionPropertiesMixin from cbcatfix.mixins.json into com.dsvv.cbcat.cannon.heavy_autocannon.munitions.apds_shot.HA_APDSProjectile
[10вер.2026 18:56:03.806] [modloading-worker-0/INFO] [mixin/]: Mixing CbcatMunitionPropertiesMixin from cbcatfix.mixins.json into com.dsvv.cbcat.cannon.heavy_autocannon.munitions.apdsfs.HA_APDSFSProjectile
[10вер.2026 18:56:03.808] [modloading-worker-0/INFO] [mixin/]: Mixing nav_table_compat.RedstoneLinkBlockMixin from simulated.mixins.json into com.simibubi.create.content.redstone.link.RedstoneLinkBlock
[10вер.2026 18:56:03.812] [modloading-worker-0/INFO] [mixin/]: Mixing CbcatMunitionPropertiesMixin from cbcatfix.mixins.json into com.dsvv.cbcat.cannon.autocannon.munitions.apds.AutocannonAPDSProjectile
[10вер.2026 18:56:03.815] [modloading-worker-0/INFO] [mixin/]: Mixing CbcatMunitionPropertiesMixin from cbcatfix.mixins.json into com.dsvv.cbcat.cannon.autocannon.munitions.apdsfs.AutocannonAPDSFSProjectile
[10вер.2026 18:56:03.819] [modloading-worker-0/INFO] [mixin/]: Mixing ClusterSubmunitionConfigMixin from cbcatfix.mixins.json into com.dsvv.cbcat.cluster_munition.FuzedClusterProjectile
[10вер.2026 18:56:03.820] [modloading-worker-0/INFO] [mixin/]: Mixing CbcatMunitionPropertiesMixin from cbcatfix.mixins.json into com.dsvv.cbcat.cluster_munition.FuzedClusterProjectile
[10вер.2026 18:56:03.825] [modloading-worker-0/INFO] [mixin/]: Mixing RocketFuzingRecipeMixin from cbcatfix.mixins.json into com.dsvv.cbcat.crafting.RocketFuzingRecipe
[10вер.2026 18:56:03.835] [modloading-worker-0/INFO] [mixin/]: Mixing compatibility.create.vertical_gearbox.VerticalGearboxItemMixin from sable-neoforge.mixins.json into com.simibubi.create.content.kinetics.gearbox.VerticalGearboxItem
[10вер.2026 18:56:03.839] [modloading-worker-0/INFO] [mixin/]: Mixing compatibility.create.blueprint.BlueprintEntityMixin from sable-neoforge.mixins.json into com.simibubi.create.content.equipment.blueprint.BlueprintEntity
[10вер.2026 18:56:03.849] [modloading-worker-0/INFO] [mixin/]: Mixing linked_controller_binding.LinkedControllerItemMixin from simulated.mixins.json into com.simibubi.create.content.redstone.link.controller.LinkedControllerItem
[10вер.2026 18:56:03.853] [modloading-worker-0/INFO] [mixin/]: Mixing potato_cannon_projectiles.PotatoProjectileEntityMixin from aeronautics.mixins.json into com.simibubi.create.content.equipment.potatoCannon.PotatoProjectileEntity
[10вер.2026 18:56:03.857] [modloading-worker-0/INFO] [mixin/]: Mixing extendo_grip.ExtendoGripItemMixin from simulated.mixins.json into com.simibubi.create.content.equipment.extendoGrip.ExtendoGripItem
[10вер.2026 18:56:03.862] [modloading-worker-0/INFO] [mixin/]: Mixing compatibility.create.zapper.ZapperItemMixin from sable-neoforge.mixins.json into com.simibubi.create.content.equipment.zapper.ZapperItem
[10вер.2026 18:56:03.868] [modloading-worker-0/INFO] [mixin/]: Mixing compat.create.FilterItemMixin from createbigcannons.mixins.json into com.simibubi.create.content.logistics.filter.FilterItem
[10вер.2026 18:56:03.876] [modloading-worker-0/INFO] [mixin/]: Mixing compatibility.create.impact.AbstractBellBlockAccessor from sable-neoforge.mixins.json into com.simibubi.create.content.equipment.bell.AbstractBellBlock
[10вер.2026 18:56:03.876] [modloading-worker-0/INFO] [mixin/]: Mixing compatibility.create.impact.AbstractBellBlockMixin from sable-neoforge.mixins.json into com.simibubi.create.content.equipment.bell.AbstractBellBlock
[10вер.2026 18:56:03.907] [modloading-worker-0/INFO] [mixin/]: Mixing compatibility.create.entity_falls_on_block.SeatBlockMixin from sable-neoforge.mixins.json into com.simibubi.create.content.contraptions.actors.seat.SeatBlock
[10вер.2026 18:56:03.930] [modloading-worker-0/INFO] [mixin/]: Mixing propeller_bearing.PropellerBearingContraptionEntityMixin from aeronautics.mixins.json into dev.eriksonn.aeronautics.content.blocks.propeller.bearing.contraption.PropellerBearingContraptionEntity
[10вер.2026 18:56:03.968] [modloading-worker-0/INFO] [mixin/]: Mixing compatibility.create.redstone_contacts.AllBlockEntityTypesMixin from sable-neoforge.mixins.json into com.simibubi.create.AllBlockEntityTypes
[10вер.2026 18:56:03.977] [modloading-worker-0/INFO] [mixin/]: Mixing compatibility.create.fans_provide_force.EncasedFanBlockEntityMixin from sable-neoforge.mixins.json into com.simibubi.create.content.kinetics.fan.EncasedFanBlockEntity
[10вер.2026 18:56:03.980] [modloading-worker-0/INFO] [mixin/]: Mixing compatibility.create.nozzle.NozzleBlockEntityAccessor from sable-neoforge.mixins.json into com.simibubi.create.content.kinetics.fan.NozzleBlockEntity
[10вер.2026 18:56:03.980] [modloading-worker-0/INFO] [mixin/]: Mixing compatibility.create.nozzle.block_entity.NozzleBEFixesMixin from sable-neoforge.mixins.json into com.simibubi.create.content.kinetics.fan.NozzleBlockEntity
[10вер.2026 18:56:03.981] [modloading-worker-0/INFO] [mixin/]: Mixing compatibility.create.nozzle.block_entity.NozzleHoveringMixin from sable-neoforge.mixins.json into com.simibubi.create.content.kinetics.fan.NozzleBlockEntity
[10вер.2026 18:56:03.982] [modloading-worker-0/INFO] [mixin/]: Mixing compatibility.create.nozzle.block_entity.ValidNozzledirectionMixin from sable-neoforge.mixins.json into com.simibubi.create.content.kinetics.fan.NozzleBlockEntity
[10вер.2026 18:56:03.990] [modloading-worker-0/INFO] [mixin/]: Mixing compat.create.TranslatingContraptionMixin from createbigcannons.mixins.json into com.simibubi.create.content.contraptions.TranslatingContraption
[10вер.2026 18:56:03.992] [modloading-worker-0/INFO] [mixin/]: Mixing compat.create.GantryContraptionMixin from createbigcannons.mixins.json into com.simibubi.create.content.contraptions.gantry.GantryContraption
[10вер.2026 18:56:03.997] [modloading-worker-0/INFO] [mixin/]: Mixing compatibility.create.chain_conveyor.ChainConveyorBlockEntityMixin from sable-neoforge.mixins.json into com.simibubi.create.content.kinetics.chainConveyor.ChainConveyorBlockEntity
[10вер.2026 18:56:03.997] [modloading-worker-0/INFO] [mixin/]: Mixing compatibility.create.frogports.ChainConveyorBlockEntityMixin from sable-neoforge.mixins.json into com.simibubi.create.content.kinetics.chainConveyor.ChainConveyorBlockEntity
[10вер.2026 18:56:04.009] [modloading-worker-0/INFO] [mixin/]: Mixing compatibility.create.hose_pulley.HosePulleyBlockEntityMixin from sable-neoforge.mixins.json into com.simibubi.create.content.fluids.hosePulley.HosePulleyBlockEntity
[10вер.2026 18:56:04.009] [modloading-worker-0/INFO] [mixin/]: Renaming synthetic method lambda$sable$getBlockState$0(Lcom/llamalad7/mixinextras/injector/wrapoperation/Operation;Lnet/minecraft/world/level/Level;ZLdev/ryanhcode/sable/sublevel/SubLevel;Lnet/minecraft/core/BlockPos;)Lnet/minecraft/world/level/block/state/BlockState; to md9d2632$sable$lambda$sable$getBlockState$0$0 in sable-neoforge.mixins.json:compatibility.create.hose_pulley.HosePulleyBlockEntityMixin from mod sable
[10вер.2026 18:56:04.014] [modloading-worker-0/INFO] [mixin/]: Mixing compatibility.create.inventory_manipulation.ChuteBlockEntityMixin from sable-neoforge.mixins.json into com.simibubi.create.content.logistics.chute.ChuteBlockEntity
[10вер.2026 18:56:04.014] [modloading-worker-0/INFO] [mixin/]: Renaming synthetic method lambda$sable$grabCap$0(Lorg/joml/Vector3d;Lorg/joml/Vector3d;Lnet/minecraft/world/level/Level;Ldev/ryanhcode/sable/sublevel/SubLevel;Lnet/minecraft/core/BlockPos;)Lnet/neoforged/neoforge/items/IItemHandler; to md9d2632$sable$lambda$sable$grabCap$0$0 in sable-neoforge.mixins.json:compatibility.create.inventory_manipulation.ChuteBlockEntityMixin from mod sable
[10вер.2026 18:56:04.022] [modloading-worker-0/INFO] [mixin/]: Mixing compatibility.create.mechnical_arm.MechanicalArmBlockEntity from sable-neoforge.mixins.json into com.simibubi.create.content.kinetics.mechanicalArm.ArmBlockEntity
[10вер.2026 18:56:04.031] [modloading-worker-0/INFO] [mixin/]: Mixing create_assembly.LinearActuatorBlockEntityMixin from simulated.mixins.json into com.simibubi.create.content.contraptions.piston.LinearActuatorBlockEntity
[10вер.2026 18:56:04.033] [modloading-worker-0/INFO] [mixin/]: Mixing compat.create.PistonContraptionMixin from createbigcannons.mixins.json into com.simibubi.create.content.contraptions.piston.PistonContraption
[10вер.2026 18:56:04.039] [modloading-worker-0/INFO] [mixin/]: Mixing create_assembly.ClockworkBearingBlockEntityMixin from simulated.mixins.json into com.simibubi.create.content.contraptions.bearing.ClockworkBearingBlockEntity
[10вер.2026 18:56:04.041] [modloading-worker-0/INFO] [mixin/]: Mixing compat.create.PulleyBlockEntityMixin from createbigcannons.mixins.json into com.simibubi.create.content.contraptions.pulley.PulleyBlockEntity
[10вер.2026 18:56:04.049] [modloading-worker-0/INFO] [mixin/]: Mixing compat.create.PulleyContraptionMixin from createbigcannons.mixins.json into com.simibubi.create.content.contraptions.pulley.PulleyContraption
[10вер.2026 18:56:04.053] [modloading-worker-0/INFO] [mixin/]: Mixing create_assembly.ElevatorPulleyBlockEntityMixin from simulated.mixins.json into com.simibubi.create.content.contraptions.elevator.ElevatorPulleyBlockEntity
[10вер.2026 18:56:04.057] [modloading-worker-0/INFO] [mixin/]: Mixing compat.create.ChassisBlockEntityMixin from createbigcannons.mixins.json into com.simibubi.create.content.contraptions.chassis.ChassisBlockEntity
[10вер.2026 18:56:04.063] [modloading-worker-0/INFO] [mixin/]: Mixing compatibility.create.sticker.StickerBlockEntityMixin from sable-neoforge.mixins.json into com.simibubi.create.content.contraptions.chassis.StickerBlockEntity
[10вер.2026 18:56:04.064] [modloading-worker-0/INFO] [mixin/]: Renaming synthetic method lambda$tick$3()Ljava/lang/Runnable; to md9d2632$sable$lambda$tick$3$0 in sable-neoforge.mixins.json:compatibility.create.sticker.StickerBlockEntityMixin from mod sable
[10вер.2026 18:56:04.064] [modloading-worker-0/INFO] [mixin/]: Renaming synthetic method lambda$tick$2()V to md9d2632$sable$lambda$tick$2$1 in sable-neoforge.mixins.json:compatibility.create.sticker.StickerBlockEntityMixin from mod sable
[10вер.2026 18:56:04.064] [modloading-worker-0/INFO] [mixin/]: Renaming synthetic method lambda$tick$1()Ljava/lang/Runnable; to md9d2632$sable$lambda$tick$1$2 in sable-neoforge.mixins.json:compatibility.create.sticker.StickerBlockEntityMixin from mod sable
[10вер.2026 18:56:04.064] [modloading-worker-0/INFO] [mixin/]: Renaming synthetic method lambda$tick$0()V to md9d2632$sable$lambda$tick$0$3 in sable-neoforge.mixins.json:compatibility.create.sticker.StickerBlockEntityMixin from mod sable
[10вер.2026 18:56:04.074] [modloading-worker-0/INFO] [mixin/]: Mixing harvesters.BlockBreakingTileEntityMixin from simulated-neoforge.mixins.json into com.simibubi.create.content.kinetics.base.BlockBreakingKineticBlockEntity
[10вер.2026 18:56:04.075] [modloading-worker-0/INFO] [mixin/]: Mixing compatibility.create.block_breakers.BlockBreakingKineticBlockEntityMixin from sable-neoforge.mixins.json into com.simibubi.create.content.kinetics.base.BlockBreakingKineticBlockEntity
[10вер.2026 18:56:04.075] [modloading-worker-0/INFO] [mixin/]: Renaming synthetic method lambda$sable$preGetBlockToBreak$0(Lnet/minecraft/core/BlockPos;Lnet/minecraft/world/level/block/state/BlockState;)Z to md9d2632$sable$lambda$sable$preGetBlockToBreak$0$0 in sable-neoforge.mixins.json:compatibility.create.block_breakers.BlockBreakingKineticBlockEntityMixin from mod sable
[10вер.2026 18:56:04.078] [modloading-worker-0/INFO] [mixin/]: Mixing harvesters.SawTileEntityMixin from simulated-neoforge.mixins.json into com.simibubi.create.content.kinetics.saw.SawBlockEntity
[10вер.2026 18:56:04.078] [modloading-worker-0/INFO] [mixin/]: Mixing compatibility.create.saw.SawBlockEntityMixin from sable-neoforge.mixins.json into com.simibubi.create.content.kinetics.saw.SawBlockEntity
[10вер.2026 18:56:04.082] [modloading-worker-0/INFO] [mixin/]: Mixing harvesters.SableHarvesterMixin from simulated-neoforge.mixins.json into com.simibubi.create.content.contraptions.actors.harvester.HarvesterBlockEntity
[10вер.2026 18:56:04.082] [modloading-worker-0/INFO] [mixin/]: Mixing compatibility.create.behaviour_compatibility.harvester_block_entity.HarvesterBlockEntityMixin from sable-neoforge.mixins.json into com.simibubi.create.content.contraptions.actors.harvester.HarvesterBlockEntity
[10вер.2026 18:56:04.082] [modloading-worker-0/INFO] [mixin/]: Renaming synthetic method lambda$sable$tick$0(Ldev/ryanhcode/sable/sublevel/SubLevel;Lnet/minecraft/core/BlockPos;)Lnet/minecraft/core/BlockPos; to md9d2632$sable$lambda$sable$tick$0$0 in sable-neoforge.mixins.json:compatibility.create.behaviour_compatibility.harvester_block_entity.HarvesterBlockEntityMixin from mod sable
[10вер.2026 18:56:04.089] [modloading-worker-0/INFO] [mixin/]: Mixing flywheel_block_entity.FlywheelBlockEntityMixin from aeronautics.mixins.json into com.simibubi.create.content.kinetics.flywheel.FlywheelBlockEntity
[10вер.2026 18:56:04.089] [modloading-worker-0/INFO] [mixin/]: Mixing compatibility.create.flywheel.FlywheelBlockEntityMixin from sable-neoforge.mixins.json into com.simibubi.create.content.kinetics.flywheel.FlywheelBlockEntity
[10вер.2026 18:56:04.093] [modloading-worker-0/INFO] [mixin/]: Mixing compatibility.create.crushing_wheel_entity_processing.CrushingWheelControllerBlockEntityMixin from sable-neoforge.mixins.json into com.simibubi.create.content.kinetics.crusher.CrushingWheelControllerBlockEntity
[10вер.2026 18:56:04.098] [modloading-worker-0/INFO] [mixin/]: Mixing levitite.WaterWheelBlockEntityMixin from aeronautics.mixins.json into com.simibubi.create.content.kinetics.waterwheel.WaterWheelBlockEntity
[10вер.2026 18:56:04.102] [modloading-worker-0/INFO] [mixin/]: Mixing compatibility.create.basin_interactions.BasinOperatingBlockEntityMixin from sable-neoforge.mixins.json into com.simibubi.create.content.processing.basin.BasinOperatingBlockEntity
[10вер.2026 18:56:04.102] [modloading-worker-0/INFO] [mixin/]: Renaming synthetic method lambda$sable$accountForSubLevels$0(Lnet/minecraft/world/level/Level;Ldev/ryanhcode/sable/sublevel/SubLevel;Lnet/minecraft/core/BlockPos;)Lnet/minecraft/world/level/block/entity/BlockEntity; to md9d2632$sable$lambda$sable$accountForSubLevels$0$0 in sable-neoforge.mixins.json:compatibility.create.basin_interactions.BasinOperatingBlockEntityMixin from mod sable
[10вер.2026 18:56:04.106] [modloading-worker-0/INFO] [mixin/]: Mixing compatibility.create.deployer.DeployerBlockEntityMixin from sable-neoforge.mixins.json into com.simibubi.create.content.kinetics.deployer.DeployerBlockEntity
[10вер.2026 18:56:04.112] [modloading-worker-0/INFO] [mixin/]: Mixing compatibility.create.blaze_burner.BlazeBurnerBlockEntityMixin from sable-neoforge.mixins.json into com.simibubi.create.content.processing.burner.BlazeBurnerBlockEntity
[10вер.2026 18:56:04.117] [modloading-worker-0/INFO] [mixin/]: Mixing compatibility.create.inventory_manipulation.CapManipulationBehaviourBaseMixin from sable-neoforge.mixins.json into com.simibubi.create.foundation.blockEntity.behaviour.inventory.CapManipulationBehaviourBase
[10вер.2026 18:56:04.117] [modloading-worker-0/INFO] [mixin/]: Renaming synthetic method lambda$sable$findNewCapOnSubLevel$0(Lnet/minecraft/world/level/Level;Ldev/ryanhcode/sable/sublevel/SubLevel;Lnet/minecraft/core/BlockPos;)Lnet/minecraft/world/level/block/entity/BlockEntity; to md9d2632$sable$lambda$sable$findNewCapOnSubLevel$0$0 in sable-neoforge.mixins.json:compatibility.create.inventory_manipulation.CapManipulationBehaviourBaseMixin from mod sable
[10вер.2026 18:56:04.125] [modloading-worker-0/INFO] [mixin/]: Mixing accessor.RedstoneLinkBlockEntityAccessor from simulated.mixins.json into com.simibubi.create.content.redstone.link.RedstoneLinkBlockEntity
[10вер.2026 18:56:04.128] [modloading-worker-0/INFO] [mixin/]: Mixing conditional_display_target.DisplayLinkBlockEntityMixin from simulated.mixins.json into com.simibubi.create.content.redstone.displayLink.DisplayLinkBlockEntity
[10вер.2026 18:56:04.128] [modloading-worker-0/INFO] [mixin/]: Mixing compatibility.create.display_link.DisplayLinkBlockEntityMixin from sable-neoforge.mixins.json into com.simibubi.create.content.redstone.displayLink.DisplayLinkBlockEntity
[10вер.2026 18:56:04.133] [modloading-worker-0/INFO] [mixin/]: Mixing compatibility.create.ejector.EjectorBlockEntityMixin from sable-neoforge.mixins.json into com.simibubi.create.content.logistics.depot.EjectorBlockEntity
[10вер.2026 18:56:04.143] [modloading-worker-0/INFO] [mixin/]: Mixing compatibility.create.lectern_controller.LecternControllerBlockEntityMixin from sable-neoforge.mixins.json into com.simibubi.create.content.redstone.link.controller.LecternControllerBlockEntity
[10вер.2026 18:56:04.163] [modloading-worker-0/INFO] [mixin/]: Mixing RocketMechanicalCraftingMixin from cbcatfix.mixins.json into com.simibubi.create.content.kinetics.crafter.MechanicalCraftingRecipe
[10вер.2026 18:56:04.177] [modloading-worker-0/INFO] [mixin/]: Mixing compatibility.create.schematics.SchematicPlacePacketMixin from sable-neoforge.mixins.json into com.simibubi.create.content.schematics.packet.SchematicPlacePacket
[10вер.2026 18:56:04.177] [modloading-worker-0/INFO] [mixin/]: Renaming synthetic method lambda$sable$handle$3(Lnet/createmod/catnip/levelWrappers/SchematicLevel;Lnet/minecraft/world/level/Level;Lnet/minecraft/core/BlockPos;Lnet/minecraft/core/BlockPos;)V to md9d2632$sable$lambda$sable$handle$3$0 in sable-neoforge.mixins.json:compatibility.create.schematics.SchematicPlacePacketMixin from mod sable
[10вер.2026 18:56:04.177] [modloading-worker-0/INFO] [mixin/]: Renaming synthetic method lambda$sable$handle$2(Ldev/ryanhcode/sable/sublevel/SubLevel;Ljava/lang/Object;)Lnet/minecraft/core/BlockPos; to md9d2632$sable$lambda$sable$handle$2$1 in sable-neoforge.mixins.json:compatibility.create.schematics.SchematicPlacePacketMixin from mod sable
[10вер.2026 18:56:04.177] [modloading-worker-0/INFO] [mixin/]: Renaming synthetic method lambda$sable$handle$1(Lnet/minecraft/core/BlockPos;Ljava/lang/Object;)Lnet/minecraft/core/BlockPos; to md9d2632$sable$lambda$sable$handle$1$2 in sable-neoforge.mixins.json:compatibility.create.schematics.SchematicPlacePacketMixin from mod sable
[10вер.2026 18:56:04.177] [modloading-worker-0/INFO] [mixin/]: Renaming synthetic method lambda$sable$handle$0(Lcom/simibubi/create/content/contraptions/StructureTransform;Ljava/lang/Object;)Lnet/minecraft/core/BlockPos; to md9d2632$sable$lambda$sable$handle$0$3 in sable-neoforge.mixins.json:compatibility.create.schematics.SchematicPlacePacketMixin from mod sable
[10вер.2026 18:56:04.189] [modloading-worker-0/INFO] [mixin/]: Mixing compatibility.create.frogports.PackagePortPlacementPacketMixin from sable-neoforge.mixins.json into com.simibubi.create.content.logistics.packagePort.PackagePortPlacementPacket
[10вер.2026 18:56:04.221] [modloading-worker-0/INFO] [mixin/]: Mixing compatibility.create.tracks.CurvedTrackDestroyPacketMixin from sable-neoforge.mixins.json into com.simibubi.create.content.trains.track.CurvedTrackDestroyPacket
[10вер.2026 18:56:04.224] [modloading-worker-0/INFO] [mixin/]: Mixing compatibility.create.super_glue.SuperGlueRemovalPacketMixin from sable-neoforge.mixins.json into com.simibubi.create.content.contraptions.glue.SuperGlueRemovalPacket
[10вер.2026 18:56:04.235] [modloading-worker-0/INFO] [mixin/]: Mixing compatibility.create.frogports.ChainPackageInteractionPacketMixin from sable-neoforge.mixins.json into com.simibubi.create.content.kinetics.chainConveyor.ChainPackageInteractionPacket
[10вер.2026 18:56:04.257] [modloading-worker-0/INFO] [mixin/]: Mixing MountedStorageAccessor from offroad.mixins.json into com.simibubi.create.content.contraptions.MountedStorageManager
[10вер.2026 18:56:04.278] [modloading-worker-0/INFO] [mixin/]: Mixing compatibility.create.tracks.TrackPlacementMixin from sable-neoforge.mixins.json into com.simibubi.create.content.trains.track.TrackPlacement
[10вер.2026 18:56:04.316] [modloading-worker-0/INFO] [mixin/]: Mixing compatibility.create.schematics.SchematicHandlerMixin from sable-neoforge.mixins.json into com.simibubi.create.content.schematics.client.SchematicHandler
[10вер.2026 18:56:04.320] [modloading-worker-0/INFO] [mixin/]: Mixing compatibility.create.schematics.SchematicLevelMixin from sable-neoforge.mixins.json into net.createmod.catnip.levelWrappers.SchematicLevel
[10вер.2026 18:56:04.338] [modloading-worker-0/INFO] [mixin/]: Mixing compatibility.create.schematics.SchematicRendererMixin from sable-neoforge.mixins.json into com.simibubi.create.content.schematics.client.SchematicRenderer
[10вер.2026 18:56:04.343] [modloading-worker-0/INFO] [mixin/]: Mixing compatibility.create.schematics.DeployToolMixin from sable-neoforge.mixins.json into com.simibubi.create.content.schematics.client.tools.DeployTool
[10вер.2026 18:56:04.347] [modloading-worker-0/INFO] [mixin/]: Mixing compatibility.create.schematics.SchematicToolBaseMixin from sable-neoforge.mixins.json into com.simibubi.create.content.schematics.client.tools.SchematicToolBase
[10вер.2026 18:56:04.350] [modloading-worker-0/INFO] [mixin/]: Mixing compatibility.create.render_fixes.LineOutlineMixin from sable-neoforge.mixins.json into net.createmod.catnip.outliner.LineOutline
[10вер.2026 18:56:04.352] [modloading-worker-0/INFO] [mixin/]: Mixing compatibility.create.render_fixes.OutlineMixin from sable-neoforge.mixins.json into net.createmod.catnip.outliner.Outline
[10вер.2026 18:56:04.354] [modloading-worker-0/INFO] [mixin/]: Mixing compatibility.create.render_fixes.AABBOutlineMixin from sable-neoforge.mixins.json into net.createmod.catnip.outliner.AABBOutline
[10вер.2026 18:56:04.359] [modloading-worker-0/INFO] [mixin/]: Mixing compatibility.create.schematics.SchematicTransformMixin from sable-neoforge.mixins.json into com.simibubi.create.content.schematics.client.SchematicTransformation
[10вер.2026 18:56:04.362] [modloading-worker-0/INFO] [mixin/]: Mixing compatibility.create.schematics.SchematicAndQuillHandlerMixin from sable-neoforge.mixins.json into com.simibubi.create.content.schematics.client.SchematicAndQuillHandler
[10вер.2026 18:56:04.365] [modloading-worker-0/INFO] [mixin/]: Mixing compatibility.create.super_glue.SuperGlueSelectionHandlerMixin from sable-neoforge.mixins.json into com.simibubi.create.content.contraptions.glue.SuperGlueSelectionHandler
[10вер.2026 18:56:04.367] [modloading-worker-0/INFO] [mixin/]: Mixing client.ValueSettingsClientMixin from createbigcannons.mixins.json into com.simibubi.create.foundation.blockEntity.behaviour.ValueSettingsClient
[10вер.2026 18:56:04.394] [modloading-worker-0/INFO] [mixin/]: Mixing compatibility.create.contraptions.ContraptionHandlerClientMixin from sable-neoforge.mixins.json into com.simibubi.create.content.contraptions.ContraptionHandlerClient
[10вер.2026 18:56:04.400] [modloading-worker-0/INFO] [mixin/]: Mixing compatibility.create.tracks.TrackBlockOutlineMixin from sable-neoforge.mixins.json into com.simibubi.create.content.trains.track.TrackBlockOutline
[10вер.2026 18:56:04.412] [modloading-worker-0/INFO] [mixin/]: Mixing compatibility.create.stock_ticker.StockTickerInteractionHandlerMixin from sable-neoforge.mixins.json into com.simibubi.create.content.logistics.stockTicker.StockTickerInteractionHandler
[10вер.2026 18:56:04.416] [modloading-worker-0/INFO] [mixin/]: Mixing handle.ExtendoGripRenderHandlerMixin from simulated.mixins.json into com.simibubi.create.content.equipment.extendoGrip.ExtendoGripRenderHandler
[10вер.2026 18:56:04.422] [modloading-worker-0/INFO] [mixin/]: Mixing compatibility.create.wand_of_symmetry.SymmetryHandlerMixin from sable-neoforge.mixins.json into com.simibubi.create.content.equipment.symmetryWand.SymmetryHandler
[10вер.2026 18:56:04.425] [modloading-worker-0/INFO] [mixin/]: Mixing compatibility.create.frogports.ChainConveyorInteractionHandlerMixin from sable-neoforge.mixins.json into com.simibubi.create.content.kinetics.chainConveyor.ChainConveyorInteractionHandler
[10вер.2026 18:56:04.429] [modloading-worker-0/INFO] [mixin/]: Mixing compatibility.create.frogports.PackagePortTargetMixin from sable-neoforge.mixins.json into com.simibubi.create.content.logistics.packagePort.PackagePortTarget$ChainConveyorFrogportTarget
[10вер.2026 18:56:04.432] [modloading-worker-0/INFO] [mixin/]: Mixing compatibility.create.frogports.ChainConveyorShapeAccessor from sable-neoforge.mixins.json into com.simibubi.create.content.kinetics.chainConveyor.ChainConveyorShape
[10вер.2026 18:56:04.437] [modloading-worker-0/INFO] [mixin/]: Mixing extra_kinetics.KineticNetworkMixin from simulated.mixins.json into com.simibubi.create.content.kinetics.KineticNetwork
[10вер.2026 18:56:04.437] [modloading-worker-0/INFO] [mixin/]: Mixing compat.create.rotation_propagation.KineticNetworkMixin from createbigcannons.mixins.json into com.simibubi.create.content.kinetics.KineticNetwork
[10вер.2026 18:56:04.444] [modloading-worker-0/INFO] [mixin/]: Mixing entity.entities_stick_sublevels.player.ServerGamePacketListenerImplMixin from sable.mixins.json into net.minecraft.server.network.ServerGamePacketListenerImpl
[10вер.2026 18:56:04.445] [modloading-worker-0/INFO] [mixin/]: Mixing entity.entity_sublevel_collision.ServerGamePacketListenerImplMixin from sable.mixins.json into net.minecraft.server.network.ServerGamePacketListenerImpl
[10вер.2026 18:56:04.462] [modloading-worker-0/INFO] [mixin/]: Mixing death_message.CombatTrackerMixin from sable.mixins.json into net.minecraft.world.damagesource.CombatTracker
[10вер.2026 18:56:04.466] [modloading-worker-0/INFO] [mixin/]: Mixing entity.entities_stick_sublevels.ServerEntityMixin from sable.mixins.json into net.minecraft.server.level.ServerEntity
[10вер.2026 18:56:04.467] [modloading-worker-0/INFO] [mixin/]: Mixing entity.entity_rotations_and_riding.ServerEntityMixin from sable.mixins.json into net.minecraft.server.level.ServerEntity
[10вер.2026 18:56:04.467] [modloading-worker-0/INFO] [mixin/]: Mixing ServerEntityMixin from createbigcannons.mixins.json into net.minecraft.server.level.ServerEntity
[10вер.2026 18:56:04.475] [modloading-worker-0/INFO] [mixin/]: Mixing compatibility.create.mechnical_arm.MechanicalArmSublevelFailure from sable-neoforge.mixins.json into com.simibubi.create.content.kinetics.mechanicalArm.ArmInteractionPointHandler
[10вер.2026 18:56:04.491] [modloading-worker-0/INFO] [dev.ryanhcode.sable.Sable/]: Sable loaded!
[10вер.2026 18:56:04.500] [modloading-worker-0/WARN] [dev.ryanhcode.sable.Sable/]: NOTE: Sable is loaded with Flywheel. Sable contains extensive shader overrides and a full light-storage replacement. Expect this to cause compatibility issues. If issues arise, please report them to the Sable issue tracker (https://github.com/ryanhcode/sable/issues) instead of the Flywheel issue tracker.
[10вер.2026 18:56:04.501] [modloading-worker-0/INFO] [cbcatfix/]: [CBCAT Fix] Loaded — ControlPitchContraption.onRecoil compatibility patch active.
[10вер.2026 18:56:04.501] [modloading-worker-0/INFO] [cbcatfix/]: [CBCAT Fix] cbc_at cannons should no longer crash on fire.
[10вер.2026 18:56:04.501] [modloading-worker-0/INFO] [cbcatfix/]: [CBCAT Fix] Initialized 10 cbc_at recipe serializers before registry events.
[10вер.2026 18:56:04.514] [modloading-worker-0/INFO] [mixin/]: Mixing BigRocketPayloadMixin from cbcatfix.mixins.json into com.cbcatfix.munitions.BigHERocketItem
[10вер.2026 18:56:04.516] [modloading-worker-0/INFO] [mixin/]: Mixing BigRocketPayloadMixin from cbcatfix.mixins.json into com.cbcatfix.munitions.BigAPRocketItem
[10вер.2026 18:56:04.517] [modloading-worker-0/INFO] [mixin/]: Mixing BigRocketPayloadMixin from cbcatfix.mixins.json into com.cbcatfix.munitions.BigHEATRocketItem
[10вер.2026 18:56:04.523] [modloading-worker-0/INFO] [mixin/]: Mixing ExplosionPropertiesComponentMixin from cbcatfix.mixins.json into rbasamoyai.createbigcannons.munitions.config.components.ExplosionPropertiesComponent
[10вер.2026 18:56:04.532] [modloading-worker-0/INFO] [mixin/]: Mixing ControlPitchContraptionMixin from cbcatfix.mixins.json into rbasamoyai.createbigcannons.cannon_control.ControlPitchContraption
[10вер.2026 18:56:04.535] [modloading-worker-0/INFO] [mixin/]: Mixing CannonCarriageEntityMixin from cbc_at.mixins.json into rbasamoyai.createbigcannons.cannon_control.carriage.CannonCarriageEntity
[10вер.2026 18:56:04.556] [modloading-worker-0/INFO] [mixin/]: Mixing clip_overwrite.ClipContextMixin from sable.mixins.json into net.minecraft.world.level.ClipContext
[10вер.2026 18:56:04.631] [modloading-sync-worker/INFO] [mixin/]: Mixing RocketMountLaunchMixin from cbcatfix.mixins.json into com.dsvv.cbcat.cannon.rocketpod.contraption.MountedRocketPodContraption
[10вер.2026 18:56:04.634] [modloading-sync-worker/INFO] [mixin/]: Mixing RocketLauncherAssemblyMixin from cbcatfix.mixins.json into com.dsvv.cbcat.cannon.rocketpod.contraption.MountedRocketPodContraption
[10вер.2026 18:56:04.634] [modloading-sync-worker/INFO] [mixin/]: Renaming synthetic method lambda$cbcatfix$adjustLanes$1(Lcom/llamalad7/mixinextras/injector/wrapoperation/Operation;ILnet/minecraft/core/BlockPos;)V to md9d2632$cbcatfix$lambda$cbcatfix$adjustLanes$1$0 in cbcatfix.mixins.json:RocketLauncherAssemblyMixin from mod cbcatfix
[10вер.2026 18:56:04.634] [modloading-sync-worker/INFO] [mixin/]: Renaming synthetic method lambda$cbcatfix$powerLanes$0(Lcom/llamalad7/mixinextras/injector/wrapoperation/Operation;Lnet/minecraft/server/level/ServerLevel;Lrbasamoyai/createbigcannons/cannon_control/contraption/PitchOrientedContraptionEntity;ZILrbasamoyai/createbigcannons/cannon_control/ControlPitchContraption;Lnet/minecraft/core/BlockPos;)V to md9d2632$cbcatfix$lambda$cbcatfix$powerLanes$0$1 in cbcatfix.mixins.json:RocketLauncherAssemblyMixin from mod cbcatfix
[10вер.2026 18:56:04.637] [modloading-sync-worker/INFO] [mixin/]: Mixing RocketIgnitionSoundMixin from cbcatfix.mixins.json into com.dsvv.cbcat.cannon.rocketpod.contraption.MountedRocketPodContraption
[10вер.2026 18:56:04.648] [modloading-sync-worker/INFO] [mixin/]: Mixing RocketMountLaunchMixin from cbcatfix.mixins.json into com.dsvv.cbcat.cannon.medium_rocketpod.contraption.MountedMediumRocketRailContraption
[10вер.2026 18:56:04.650] [modloading-sync-worker/INFO] [mixin/]: Mixing RocketLauncherAssemblyMixin from cbcatfix.mixins.json into com.dsvv.cbcat.cannon.medium_rocketpod.contraption.MountedMediumRocketRailContraption
[10вер.2026 18:56:04.653] [modloading-sync-worker/INFO] [mixin/]: Mixing RocketIgnitionSoundMixin from cbcatfix.mixins.json into com.dsvv.cbcat.cannon.medium_rocketpod.contraption.MountedMediumRocketRailContraption
[10вер.2026 18:56:04.674] [modloading-sync-worker/INFO] [mixin/]: Mixing AutoCannonAccessor from create_radar.mixins.json into rbasamoyai.createbigcannons.cannon_control.contraption.MountedAutocannonContraption
[10вер.2026 18:56:04.675] [modloading-sync-worker/INFO] [mixin/]: Mixing MountedAutocannonContraptionMixin from cbc_at.mixins.json into rbasamoyai.createbigcannons.cannon_control.contraption.MountedAutocannonContraption
[10вер.2026 18:56:04.681] [modloading-sync-worker/INFO] [mixin/]: Mixing CannonMountPointMixin from cbc_at.mixins.json into rbasamoyai.createbigcannons.cannons.big_cannons.breeches.quickfiring_breech.CannonMountPoint
[10вер.2026 18:56:04.684] [modloading-sync-worker/INFO] [mixin/]: Mixing CannonMountPointMixin from cbcatfix.mixins.json into rbasamoyai.createbigcannons.cannons.big_cannons.breeches.quickfiring_breech.CannonMountPoint
[10вер.2026 18:56:05.186] [modloading-sync-worker/INFO] [mixin/]: Mixing dynamic_stress.KineticStatsMixin from simulated.mixins.json into com.simibubi.create.foundation.item.KineticStats
[10вер.2026 18:56:05.198] [modloading-sync-worker/INFO] [mixin/]: Mixing handle.HumanoidModelMixin from simulated.mixins.json into net.minecraft.client.model.HumanoidModel
[10вер.2026 18:56:05.198] [modloading-sync-worker/INFO] [mixin/]: Mixing client.HumanoidModelMixin from create.mixins.json into net.minecraft.client.model.HumanoidModel
[10вер.2026 18:56:05.198] [modloading-sync-worker/INFO] [mixin/]: Mixing client.HumanoidPoseMixin from createbigcannons.mixins.json into net.minecraft.client.model.HumanoidModel
[10вер.2026 18:56:05.202] [modloading-sync-worker/INFO] [mixin/]: Mixing accessor.AgeableListModelAccessor from create.mixins.json into net.minecraft.client.model.AgeableListModel
[10вер.2026 18:56:05.210] [modloading-sync-worker/INFO] [mixin/]: Mixing accessor.ItemModelGeneratorsAccessor from create.mixins.json into net.minecraft.data.models.ItemModelGenerators
[10вер.2026 18:56:05.210] [modloading-sync-worker/INFO] [mixin/]: Renaming @Accessor method create$getGENERATED_TRIM_MODELS()Ljava/util/List; to getGENERATED_TRIM_MODELS$create_$md$9d2632$0 in create.mixins.json:accessor.ItemModelGeneratorsAccessor from mod create
[10вер.2026 18:56:05.213] [modloading-sync-worker/INFO] [mixin/]: Mixing lodestone_compat.CompassItemPropertyFunctionMixin from simulated.mixins.json into net.minecraft.client.renderer.item.CompassItemPropertyFunction
[10вер.2026 18:56:05.214] [modloading-sync-worker/INFO] [mixin/]: Mixing camera.camera_rotation.CompassItemPropertyFunctionMixin from sable.mixins.json into net.minecraft.client.renderer.item.CompassItemPropertyFunction
[10вер.2026 18:56:05.242] [modloading-sync-worker/INFO] [mixin/]: Mixing FontMixin from jade.mixins.json into net.minecraft.client.gui.Font
[10вер.2026 18:56:05.243] [modloading-sync-worker/INFO] [mixin/]: Mixing accessor.FontAccessor from create.mixins.json into net.minecraft.client.gui.Font
[10вер.2026 18:56:05.258] [modloading-sync-worker/INFO] [mixin/]: Mixing CanItemPerformAbilityAccess from jade.mixins.json into net.neoforged.neoforge.common.loot.CanItemPerformAbility
[10вер.2026 18:56:06.738] [Render thread/INFO] [mixin/]: Mixing client.DebugTextureManagerMixin from veil.debug.mixins.json into net.minecraft.client.renderer.texture.TextureManager
[10вер.2026 18:56:06.739] [Render thread/INFO] [mixin/]: Renaming synthetic method lambda$applyLabel$0(Lnet/minecraft/client/renderer/texture/AbstractTexture;Lfoundry/veil/api/client/render/ext/VeilDebug;Lnet/minecraft/resources/ResourceLocation;)V to md9d2632$veil$lambda$applyLabel$0$0 in veil.debug.mixins.json:client.DebugTextureManagerMixin from mod veil
[10вер.2026 18:56:06.739] [Render thread/INFO] [mixin/]: Mixing client.PipelineTextureManagerMixin from veil.pipeline.mixins.json into net.minecraft.client.renderer.texture.TextureManager
[10вер.2026 18:56:06.739] [Render thread/INFO] [mixin/]: Renaming synthetic method lambda$veil$registerPreloadedTexture$2(Ljava/lang/Runnable;)V to md9d2632$veil$lambda$veil$registerPreloadedTexture$2$1 in veil.pipeline.mixins.json:client.PipelineTextureManagerMixin from mod veil
[10вер.2026 18:56:06.739] [Render thread/INFO] [mixin/]: Renaming synthetic method lambda$veil$registerPreloadedTexture$1(Ljava/lang/Runnable;)V to md9d2632$veil$lambda$veil$registerPreloadedTexture$1$2 in veil.pipeline.mixins.json:client.PipelineTextureManagerMixin from mod veil
[10вер.2026 18:56:06.739] [Render thread/INFO] [mixin/]: Renaming synthetic method lambda$veil$registerPreloadedTexture$0(Lnet/minecraft/resources/ResourceLocation;Lnet/minecraft/client/renderer/texture/AbstractTexture;)V to md9d2632$veil$lambda$veil$registerPreloadedTexture$0$3 in veil.pipeline.mixins.json:client.PipelineTextureManagerMixin from mod veil
[10вер.2026 18:56:06.748] [Render thread/INFO] [mixin/]: Mixing sounds.SoundManagerMixin from simulated.mixins.json into net.minecraft.client.sounds.SoundManager
[10вер.2026 18:56:06.751] [Render thread/INFO] [mixin/]: Mixing sounds.SoundEngineMixin from simulated.mixins.json into net.minecraft.client.sounds.SoundEngine
[10вер.2026 18:56:06.751] [Render thread/INFO] [mixin/]: Mixing sublevel_sounds.SoundEngineMixin from sable.mixins.json into net.minecraft.client.sounds.SoundEngine
[10вер.2026 18:56:06.752] [Render thread/INFO] [mixin/]: Mixing client.SoundEngineMixin from createbigcannons.mixins.json into net.minecraft.client.sounds.SoundEngine
[10вер.2026 18:56:06.752] [Render thread/INFO] [mixin/]: Renaming synthetic method lambda$createbigcannons$play$0(Lnet/minecraft/client/resources/sounds/SoundInstance;Lcom/mojang/blaze3d/audio/Channel;)V to md9d2632$createbigcannons$lambda$createbigcannons$play$0$0 in createbigcannons.mixins.json:client.SoundEngineMixin from mod createbigcannons
[10вер.2026 18:56:06.776] [Render thread/INFO] [mixin/]: Mixing custom_situational_music.MusicManagerAccessor from aeronautics.mixins.json into net.minecraft.client.sounds.MusicManager
[10вер.2026 18:56:06.785] [Render thread/INFO] [Veil/]: GL Debug supported
[10вер.2026 18:56:06.799] [Render thread/INFO] [mixin/]: Mixing accessor.ResourceModelManagerAccessor from veil.resource.mixins.json into net.minecraft.client.resources.model.ModelManager
[10вер.2026 18:56:06.806] [Render thread/INFO] [mixin/]: Mixing accessor.ResourceAtlasSetAccessor from veil.resource.mixins.json into net.minecraft.client.resources.model.AtlasSet
[10вер.2026 18:56:06.808] [Render thread/INFO] [mixin/]: Mixing sublevel_render.BlockEntityRenderDispatcherMixin from sable.mixins.json into net.minecraft.client.renderer.blockentity.BlockEntityRenderDispatcher
[10вер.2026 18:56:06.810] [Render thread/INFO] [mixin/]: Mixing BlockRenderDispatcherMixin from aeronautics.neoforge.mixins.json into net.minecraft.client.renderer.block.BlockRenderDispatcher
[10вер.2026 18:56:06.812] [Render thread/INFO] [mixin/]: Mixing accessor.EntityRenderDispatcherAccessor from create.mixins.json into net.minecraft.client.renderer.entity.EntityRenderDispatcher
[10вер.2026 18:56:06.813] [Render thread/INFO] [mixin/]: Mixing entity.entities_stick_sublevels.EntityRenderDispatcherMixin from sable.mixins.json into net.minecraft.client.renderer.entity.EntityRenderDispatcher
[10вер.2026 18:56:06.813] [Render thread/INFO] [mixin/]: Mixing entity.entity_rendering.shadows.EntityRenderDispatcherMixin from sable.mixins.json into net.minecraft.client.renderer.entity.EntityRenderDispatcher
[10вер.2026 18:56:06.814] [Render thread/INFO] [mixin/]: Mixing entity.entity_rotations_and_riding.EntityRenderDispatcherMixin from sable.mixins.json into net.minecraft.client.renderer.entity.EntityRenderDispatcher
[10вер.2026 18:56:06.814] [Render thread/INFO] [mixin/]: Renaming synthetic method lambda$sable$rotateEntity$0(Ldev/ryanhcode/sable/sublevel/SubLevel;)Ldev/ryanhcode/sable/companion/math/Pose3dc; to md9d2632$sable$lambda$sable$rotateEntity$0$0 in sable.mixins.json:entity.entity_rotations_and_riding.EntityRenderDispatcherMixin from mod sable
[10вер.2026 18:56:06.814] [Render thread/INFO] [mixin/]: Mixing client.EntityRenderDispatcherMixin from createbigcannons.mixins.json into net.minecraft.client.renderer.entity.EntityRenderDispatcher
[10вер.2026 18:56:06.820] [Render thread/INFO] [mixin/]: Mixing client.RenderBuffersMixin from veil.neoforge.mixins.json into net.minecraft.client.renderer.RenderBuffers
[10вер.2026 18:56:06.820] [Render thread/INFO] [mixin/]: Renaming synthetic method lambda$init$0(Ljava/util/Set;Lnet/minecraft/client/renderer/RenderType;)V to md9d2632$veil$lambda$init$0$0 in veil.neoforge.mixins.json:client.RenderBuffersMixin from mod veil
[10вер.2026 18:56:06.836] [Render thread/INFO] [mixin/]: Mixing ModelBlockRendererMixin from flywheel.impl.neoforge.mixins.json into net.minecraft.client.renderer.block.ModelBlockRenderer
[10вер.2026 18:56:06.836] [Render thread/WARN] [mixin/]: flywheel.impl.neoforge.mixins.json:ModelBlockRendererMixin from mod flywheel: Class version 65 required is higher than the class version supported by the current version of Mixin (JAVA_17 supports class version 61)
[10вер.2026 18:56:06.836] [Render thread/INFO] [mixin/]: Mixing dynamic_directional_shading.ModelBlockRendererMixin from sable.mixins.json into net.minecraft.client.renderer.block.ModelBlockRenderer
[10вер.2026 18:56:06.841] [Render thread/INFO] [mixin/]: Mixing dynamic_directional_shading.ModelBlockRendererCacheMixin from sable.mixins.json into net.minecraft.client.renderer.block.ModelBlockRenderer$Cache
[10вер.2026 18:56:06.847] [Render thread/INFO] [mixin/]: Mixing client.QuasarParticleEngineMixin from veil.quasar.mixins.json into net.minecraft.client.particle.ParticleEngine
[10вер.2026 18:56:06.847] [Render thread/INFO] [mixin/]: Mixing client.accessor.ParticleEngineAccessor from ponder.mixins.json into net.minecraft.client.particle.ParticleEngine
[10вер.2026 18:56:06.847] [Render thread/WARN] [mixin/]: ponder.mixins.json:client.accessor.ParticleEngineAccessor from mod ponder: Class version 65 required is higher than the class version supported by the current version of Mixin (JAVA_17 supports class version 61)
[10вер.2026 18:56:06.847] [Render thread/INFO] [mixin/]: Mixing particle.ParticleEngineMixin from sable.mixins.json into net.minecraft.client.particle.ParticleEngine
[10вер.2026 18:56:06.853] [Render thread/INFO] [mixin/]: Mixing levitite.TerrainParticleMixin from aeronautics.mixins.json into net.minecraft.client.particle.TerrainParticle
[10вер.2026 18:56:06.853] [Render thread/INFO] [mixin/]: Mixing particle.TerrainParticleMixin from sable.mixins.json into net.minecraft.client.particle.TerrainParticle
[10вер.2026 18:56:06.856] [Render thread/INFO] [mixin/]: Mixing client.PipelineParticleRenderTypeMixin from veil.pipeline.mixins.json into net.minecraft.client.particle.ParticleRenderType$1
[10вер.2026 18:56:06.857] [Render thread/INFO] [mixin/]: Mixing client.PipelineParticleRenderTypeMixin from veil.pipeline.mixins.json into net.minecraft.client.particle.ParticleRenderType$3
[10вер.2026 18:56:06.860] [Render thread/INFO] [mixin/]: Mixing particle.BlockMarkerMixin from sable.mixins.json into net.minecraft.client.particle.BlockMarker
[10вер.2026 18:56:06.870] [Render thread/INFO] [mixin/]: Mixing particle.FlameParticleMixin from sable.mixins.json into net.minecraft.client.particle.FlameParticle
[10вер.2026 18:56:06.878] [Render thread/INFO] [mixin/]: Mixing particle.SuspendedParticleMixin from sable.mixins.json into net.minecraft.client.particle.SuspendedParticle
[10вер.2026 18:56:06.887] [Render thread/INFO] [mixin/]: Mixing compatibility.create.particles.AirFlowParticleMixin from sable-neoforge.mixins.json into com.simibubi.create.content.kinetics.fan.AirFlowParticle
[10вер.2026 18:56:06.889] [Render thread/INFO] [mixin/]: Mixing compatibility.create.particles.AirParticleMixin from sable-neoforge.mixins.json into com.simibubi.create.foundation.particle.AirParticle
[10вер.2026 18:56:06.894] [Render thread/INFO] [mixin/]: Mixing FuzeSelectionHandlerMixin from cbcatfix.mixins.json into rbasamoyai.createbigcannons.munitions.fuzes.FuzeSelectionHandler
[10вер.2026 18:56:06.905] [Render thread/INFO] [mixin/]: Mixing client.ResourceTextureAtlasHolderMixin from veil.resource.mixins.json into net.minecraft.client.resources.TextureAtlasHolder
[10вер.2026 18:56:06.913] [Render thread/INFO] [mixin/]: Mixing client.DebugVertexBufferMixin from veil.debug.mixins.json into com.mojang.blaze3d.vertex.VertexBuffer
[10вер.2026 18:56:06.914] [Render thread/INFO] [mixin/]: Mixing client.PipelineVertexBufferMixin from veil.pipeline.mixins.json into com.mojang.blaze3d.vertex.VertexBuffer
[10вер.2026 18:56:06.914] [Render thread/INFO] [mixin/]: Renaming synthetic method lambda$veil$drawIndirect$1(JII)V to md9d2632$veil$lambda$veil$drawIndirect$1$0 in veil.pipeline.mixins.json:client.PipelineVertexBufferMixin from mod veil
[10вер.2026 18:56:06.914] [Render thread/INFO] [mixin/]: Renaming synthetic method lambda$veil$drawInstanced$0(I)V to md9d2632$veil$lambda$veil$drawInstanced$0$1 in veil.pipeline.mixins.json:client.PipelineVertexBufferMixin from mod veil
[10вер.2026 18:56:06.919] [Render thread/INFO] [mixin/]: Mixing client.accessor.BufferBuilderAccessor from ponder-common.mixins.json into com.mojang.blaze3d.vertex.BufferBuilder
[10вер.2026 18:56:06.919] [Render thread/INFO] [mixin/]: Mixing client.BufferBuilderAccessor from createbigcannons.mixins.json into com.mojang.blaze3d.vertex.BufferBuilder
[10вер.2026 18:56:06.929] [Render thread/INFO] [mixin/]: Mixing accessor.GuiAccessor from create.mixins.json into net.minecraft.client.gui.Gui
[10вер.2026 18:56:06.930] [Render thread/INFO] [mixin/]: Mixing camera.camera_rotation.GuiMixin from sable.mixins.json into net.minecraft.client.gui.Gui
[10вер.2026 18:56:06.930] [Render thread/INFO] [mixin/]: Renaming synthetic method lambda$sable$onRenderCrosshair$0(Ldev/ryanhcode/sable/sublevel/SubLevel;)Ldev/ryanhcode/sable/companion/math/Pose3dc; to md9d2632$sable$lambda$sable$onRenderCrosshair$0$0 in sable.mixins.json:camera.camera_rotation.GuiMixin from mod sable
[10вер.2026 18:56:06.935] [Render thread/INFO] [mixin/]: Mixing toast.IntegratedServerMixin from sable.mixins.json into net.minecraft.client.server.IntegratedServer
[10вер.2026 18:56:06.939] [Render thread/INFO] [mixin/]: Mixing client.PipelineDebugScreenOverlayMixin from veil.pipeline.mixins.json into net.minecraft.client.gui.components.DebugScreenOverlay
[10вер.2026 18:56:06.939] [Render thread/INFO] [mixin/]: Mixing debug_render.DebugScreenOverlayMixin from sable.mixins.json into net.minecraft.client.gui.components.DebugScreenOverlay
[10вер.2026 18:56:06.949] [Render thread/INFO] [mixin/]: Mixing debug_render.DebugRendererMixin from sable.mixins.json into net.minecraft.client.renderer.debug.DebugRenderer
[10вер.2026 18:56:06.952] [Render thread/INFO] [mixin/]: Mixing loaded_chunk_debug.ChunkBorderRendererMixin from sable.mixins.json into net.minecraft.client.renderer.debug.ChunkBorderRenderer
[10вер.2026 18:56:06.966] [Render thread/INFO] [net.neoforged.neoforge.gametest.GameTestHooks/]: Enabled Gametest Namespaces: []
[10вер.2026 18:56:06.968] [Render thread/INFO] [mixin/]: Mixing accessor.GameTestHelperAccessor from create.mixins.json into net.minecraft.gametest.framework.GameTestHelper
[10вер.2026 18:56:06.974] [Render thread/INFO] [mixin/]: Mixing game_test.StructureUtilsMixin from sable.mixins.json into net.minecraft.gametest.framework.StructureUtils
[10вер.2026 18:56:07.023] [Render thread/INFO] [mixin/]: Mixing entity.entity_leashing.EntityRendererMixin from sable.mixins.json into net.minecraft.client.renderer.entity.EntityRenderer
[10вер.2026 18:56:07.024] [Render thread/INFO] [mixin/]: Mixing entity.entity_rendering.EntityRendererMixin from sable.mixins.json into net.minecraft.client.renderer.entity.EntityRenderer
[10вер.2026 18:56:07.026] [Render thread/INFO] [mixin/]: Mixing entity.entity_rotations_and_riding.EntityRendererMixin from sable.mixins.json into net.minecraft.client.renderer.entity.EntityRenderer
[10вер.2026 18:56:07.026] [Render thread/INFO] [mixin/]: Renaming synthetic method lambda$sable$renderNameTag$0(Ldev/ryanhcode/sable/sublevel/SubLevel;)Ldev/ryanhcode/sable/companion/math/Pose3dc; to md9d2632$sable$lambda$sable$renderNameTag$0$0 in sable.mixins.json:entity.entity_rotations_and_riding.EntityRendererMixin from mod sable
[10вер.2026 18:56:07.033] [Render thread/INFO] [mixin/]: Mixing client.PlayerRendererMixin from create.mixins.json into net.minecraft.client.renderer.entity.player.PlayerRenderer
[10вер.2026 18:56:07.036] [Render thread/INFO] [mixin/]: Mixing respawn_point.sleeping.LivingEntityRendererMixin from sable.mixins.json into net.minecraft.client.renderer.entity.LivingEntityRenderer
[10вер.2026 18:56:07.043] [Render thread/INFO] [mixin/]: Mixing accessor.HumanoidArmorLayerAccessor from create.mixins.json into net.minecraft.client.renderer.entity.layers.HumanoidArmorLayer
[10вер.2026 18:56:07.044] [Render thread/INFO] [mixin/]: Renaming @Accessor method create$getArmorLocationCache()Ljava/util/Map; to getArmorLocationCache$create_$md$9d2632$0 in create.mixins.json:accessor.HumanoidArmorLayerAccessor from mod create
[10вер.2026 18:56:07.044] [Render thread/INFO] [mixin/]: Mixing client.HumanoidArmorLayerMixin from create.mixins.json into net.minecraft.client.renderer.entity.layers.HumanoidArmorLayer
[10вер.2026 18:56:07.085] [Render thread/INFO] [mixin/]: Mixing RocketRendererMixin from cbcatfix.mixins.json into com.dsvv.cbcat.cannon.rocketpod.munitions.RocketRenderer
[10вер.2026 18:56:07.086] [Render thread/INFO] [mixin/]: Mixing MediumRocketRendererMixin from cbcatfix.mixins.json into com.dsvv.cbcat.cannon.medium_rocketpod.munitions.MediumRocketRenderer
[10вер.2026 18:56:07.092] [Render thread/INFO] [mixin/]: Mixing FuzedBlockEntityRendererMixin from cbcatfix.mixins.json into rbasamoyai.createbigcannons.munitions.big_cannon.FuzedBlockEntityRenderer
[10вер.2026 18:56:07.114] [Render thread/INFO] [mixin/]: Mixing hold_interaction.GoggleOverlayRendererMixin from simulated.mixins.json into com.simibubi.create.content.equipment.goggles.GoggleOverlayRenderer
[10вер.2026 18:56:07.115] [Render thread/INFO] [mixin/]: Mixing client.GoggleOverlayRendererMixin from createbigcannons.mixins.json into com.simibubi.create.content.equipment.goggles.GoggleOverlayRenderer
[10вер.2026 18:56:07.120] [Render thread/INFO] [mixin/]: Mixing compatibility.create.render_fixes.BlockClusterOutlineMixin from sable-neoforge.mixins.json into net.createmod.catnip.outliner.BlockClusterOutline
[10вер.2026 18:56:07.122] [Render thread/INFO] [mixin/]: Mixing compatibility.create.render_fixes.ChasingAABBOutlineMixin from sable-neoforge.mixins.json into net.createmod.catnip.outliner.ChasingAABBOutline
[10вер.2026 18:56:07.122] [Render thread/INFO] [mixin/]: Mixing compatibility.create.render_fixes.ChasingAABBOutlinerMixin from sable-neoforge.mixins.json into net.createmod.catnip.outliner.ChasingAABBOutline
[10вер.2026 18:56:07.125] [Render thread/INFO] [mixin/]: Mixing compatibility.create.toolbox.ToolBoxClientHandlerMixin from sable-neoforge.mixins.json into com.simibubi.create.content.equipment.toolbox.ToolboxHandlerClient
[10вер.2026 18:56:07.132] [Render thread/INFO] [mixin/]: Mixing world_presets.CreateWorldScreenMixin from simulated.mixins.json into net.minecraft.client.gui.screens.worldselection.CreateWorldScreen
[10вер.2026 18:56:07.139] [Render thread/INFO] [mixin/]: Mixing ModelPartAccessor from flywheel.impl.mixins.json into net.minecraft.client.model.geom.ModelPart
[10вер.2026 18:56:07.158] [Render thread/INFO] [mixin/]: Mixing accessor.DynamicBufferProgramAccessor from veil.dynamicbuffer.mixins.json into com.mojang.blaze3d.shaders.Program
[10вер.2026 18:56:07.158] [Render thread/INFO] [mixin/]: Mixing sublevel_render.fancy.ProgramMixin from sable.mixins.json into com.mojang.blaze3d.shaders.Program
[10вер.2026 18:56:07.163] [Render thread/INFO] [mixin/]: Mixing client.ShaderProgramManagerMixin from veil.shader.mixins.json into com.mojang.blaze3d.shaders.ProgramManager
[10вер.2026 18:56:07.197] [Render thread/INFO] [net.minecraft.server.packs.resources.ReloadableResourceManager/]: Reloading ResourceManager: vanilla, mod_resources, mod/create_radar, mod/veil, mod/simulated, mod/jade, mod/cbc_at, mod/jei, mod/aeronautics, mod/aeronautics_bundled, mod/flywheel, mod/ponder, mod/sablecompanion, mod/create, mod/sable, mod/cbcatfix, mod/createbigcannons, mod/offroad, mod/ritchiesprojectilelib, mod/neoforge
[10вер.2026 18:56:07.203] [Render thread/INFO] [mixin/]: Mixing SimpleReloadInstanceMixin from veil.debug.mixins.json into net.minecraft.server.packs.resources.SimpleReloadInstance
[10вер.2026 18:56:07.210] [Render thread/INFO] [mixin/]: Mixing options.OptionsScreenMixin from sable.mixins.json into net.minecraft.client.gui.screens.options.OptionsScreen
[10вер.2026 18:56:07.211] [Render thread/INFO] [mixin/]: Renaming synthetic method lambda$sable$createSableButton$0(Lnet/minecraft/client/gui/components/Button;)V to md9d2632$sable$lambda$sable$createSableButton$0$0 in sable.mixins.json:options.OptionsScreenMixin from mod sable
[10вер.2026 18:56:07.216] [Worker-Main-4/INFO] [mixin/]: Mixing accessor.FluidInteractionRegistryAccessor from create.mixins.json into net.neoforged.neoforge.fluids.FluidInteractionRegistry
[10вер.2026 18:56:07.216] [Worker-Main-4/INFO] [mixin/]: Renaming @Accessor method getInteractions()Ljava/util/Map; to getInteractions$create_$md$9d2632$0 in create.mixins.json:accessor.FluidInteractionRegistryAccessor from mod create
[10вер.2026 18:56:07.239] [Render thread/INFO] [mixin/]: Mixing creative_tab_sections.SpriteContentsMixin from simulated.mixins.json into net.minecraft.client.renderer.texture.SpriteContents
[10вер.2026 18:56:07.277] [NeoForge Version Check/INFO] [net.neoforged.fml.VersionChecker/]: [create] Starting version check at https://api.modrinth.com/updates/create/forge_updates.json?neoforge=only
[10вер.2026 18:56:07.291] [Render thread/INFO] [mixin/]: Mixing end_sea.VanillaSubLevelRenderDispatcherMixin from simulated.mixins.json into dev.ryanhcode.sable.sublevel.render.dispatcher.VanillaSubLevelRenderDispatcher
[10вер.2026 18:56:07.292] [Render thread/INFO] [mixin/]: Mixing diagram.VanillaSubLevelRenderDispatcherMixin from simulated.mixins.json into dev.ryanhcode.sable.sublevel.render.dispatcher.VanillaSubLevelRenderDispatcher
[10вер.2026 18:56:07.302] [Worker-Main-14/INFO] [net.minecraft.client.gui.font.providers.UnihexProvider/]: Found unifont_all_no_pua-15.1.05.hex, loading
[10вер.2026 18:56:07.330] [Worker-Main-4/INFO] [net.minecraft.client.gui.font.providers.UnihexProvider/]: Found unifont_jp_patch-15.1.05.hex, loading
[10вер.2026 18:56:07.330] [Render thread/INFO] [com.happysg.radar.CreateRadar/]: Registering Display Sources!
[10вер.2026 18:56:07.357] [Worker-Main-11/ERROR] [net.minecraft.client.resources.model.ModelManager/]: Failed to load blockstate create_radar:blockstates/radome.json from pack mod/create_radar
com.google.gson.JsonParseException: java.io.EOFException: End of input at line 1 column 1 path $
	at TRANSFORMER/minecraft@1.21.1/net.minecraft.util.GsonHelper.fromNullableJson(GsonHelper.java:434) ~[neoforge-21.1.228.jar%23189!/:?]
	at TRANSFORMER/minecraft@1.21.1/net.minecraft.util.GsonHelper.fromJson(GsonHelper.java:439) ~[neoforge-21.1.228.jar%23189!/:?]
	at TRANSFORMER/minecraft@1.21.1/net.minecraft.util.GsonHelper.parse(GsonHelper.java:503) ~[neoforge-21.1.228.jar%23189!/:?]
	at TRANSFORMER/minecraft@1.21.1/net.minecraft.util.GsonHelper.parse(GsonHelper.java:511) ~[neoforge-21.1.228.jar%23189!/:?]
	at TRANSFORMER/minecraft@1.21.1/net.minecraft.client.resources.model.ModelManager.lambda$loadBlockStates$12(ModelManager.java:180) ~[neoforge-21.1.228.jar%23189!/:?]
	at java.base/java.util.concurrent.CompletableFuture$AsyncSupply.run(CompletableFuture.java:1768) [?:?]
	at java.base/java.util.concurrent.CompletableFuture$AsyncSupply.exec(CompletableFuture.java:1760) [?:?]
	at java.base/java.util.concurrent.ForkJoinTask.doExec(ForkJoinTask.java:387) [?:?]
	at java.base/java.util.concurrent.ForkJoinPool$WorkQueue.topLevelExec(ForkJoinPool.java:1312) [?:?]
	at java.base/java.util.concurrent.ForkJoinPool.scan(ForkJoinPool.java:1843) [?:?]
	at java.base/java.util.concurrent.ForkJoinPool.runWorker(ForkJoinPool.java:1808) [?:?]
	at java.base/java.util.concurrent.ForkJoinWorkerThread.run(ForkJoinWorkerThread.java:188) [?:?]
Caused by: java.io.EOFException: End of input at line 1 column 1 path $
	at MC-BOOTSTRAP/com.google.gson@2.10.1/com.google.gson.stream.JsonReader.nextNonWhitespace(JsonReader.java:1457) ~[gson-2.10.1.jar%23110!/:?]
	at MC-BOOTSTRAP/com.google.gson@2.10.1/com.google.gson.stream.JsonReader.doPeek(JsonReader.java:558) ~[gson-2.10.1.jar%23110!/:?]
	at MC-BOOTSTRAP/com.google.gson@2.10.1/com.google.gson.stream.JsonReader.peek(JsonReader.java:433) ~[gson-2.10.1.jar%23110!/:?]
	at MC-BOOTSTRAP/com.google.gson@2.10.1/com.google.gson.internal.bind.TypeAdapters$28.read(TypeAdapters.java:769) ~[gson-2.10.1.jar%23110!/:?]
	at MC-BOOTSTRAP/com.google.gson@2.10.1/com.google.gson.internal.bind.TypeAdapters$28.read(TypeAdapters.java:725) ~[gson-2.10.1.jar%23110!/:?]
	at MC-BOOTSTRAP/com.google.gson@2.10.1/com.google.gson.internal.bind.TypeAdapters$34$1.read(TypeAdapters.java:1007) ~[gson-2.10.1.jar%23110!/:?]
	at TRANSFORMER/minecraft@1.21.1/net.minecraft.util.GsonHelper.fromNullableJson(GsonHelper.java:432) ~[neoforge-21.1.228.jar%23189!/:?]
	... 11 more
[10вер.2026 18:56:07.385] [Worker-Main-6/ERROR] [net.minecraft.client.resources.model.ModelManager/]: Failed to load blockstate create_radar:blockstates/sky_radar.json from pack mod/create_radar
com.google.gson.JsonParseException: java.io.EOFException: End of input at line 1 column 1 path $
	at TRANSFORMER/minecraft@1.21.1/net.minecraft.util.GsonHelper.fromNullableJson(GsonHelper.java:434) ~[neoforge-21.1.228.jar%23189!/:?]
	at TRANSFORMER/minecraft@1.21.1/net.minecraft.util.GsonHelper.fromJson(GsonHelper.java:439) ~[neoforge-21.1.228.jar%23189!/:?]
	at TRANSFORMER/minecraft@1.21.1/net.minecraft.util.GsonHelper.parse(GsonHelper.java:503) ~[neoforge-21.1.228.jar%23189!/:?]
	at TRANSFORMER/minecraft@1.21.1/net.minecraft.util.GsonHelper.parse(GsonHelper.java:511) ~[neoforge-21.1.228.jar%23189!/:?]
	at TRANSFORMER/minecraft@1.21.1/net.minecraft.client.resources.model.ModelManager.lambda$loadBlockStates$12(ModelManager.java:180) ~[neoforge-21.1.228.jar%23189!/:?]
	at java.base/java.util.concurrent.CompletableFuture$AsyncSupply.run(CompletableFuture.java:1768) [?:?]
	at java.base/java.util.concurrent.CompletableFuture$AsyncSupply.exec(CompletableFuture.java:1760) [?:?]
	at java.base/java.util.concurrent.ForkJoinTask.doExec(ForkJoinTask.java:387) [?:?]
	at java.base/java.util.concurrent.ForkJoinPool$WorkQueue.topLevelExec(ForkJoinPool.java:1312) [?:?]
	at java.base/java.util.concurrent.ForkJoinPool.scan(ForkJoinPool.java:1843) [?:?]
	at java.base/java.util.concurrent.ForkJoinPool.runWorker(ForkJoinPool.java:1808) [?:?]
	at java.base/java.util.concurrent.ForkJoinWorkerThread.run(ForkJoinWorkerThread.java:188) [?:?]
Caused by: java.io.EOFException: End of input at line 1 column 1 path $
	at MC-BOOTSTRAP/com.google.gson@2.10.1/com.google.gson.stream.JsonReader.nextNonWhitespace(JsonReader.java:1457) ~[gson-2.10.1.jar%23110!/:?]
	at MC-BOOTSTRAP/com.google.gson@2.10.1/com.google.gson.stream.JsonReader.doPeek(JsonReader.java:558) ~[gson-2.10.1.jar%23110!/:?]
	at MC-BOOTSTRAP/com.google.gson@2.10.1/com.google.gson.stream.JsonReader.peek(JsonReader.java:433) ~[gson-2.10.1.jar%23110!/:?]
	at MC-BOOTSTRAP/com.google.gson@2.10.1/com.google.gson.internal.bind.TypeAdapters$28.read(TypeAdapters.java:769) ~[gson-2.10.1.jar%23110!/:?]
	at MC-BOOTSTRAP/com.google.gson@2.10.1/com.google.gson.internal.bind.TypeAdapters$28.read(TypeAdapters.java:725) ~[gson-2.10.1.jar%23110!/:?]
	at MC-BOOTSTRAP/com.google.gson@2.10.1/com.google.gson.internal.bind.TypeAdapters$34$1.read(TypeAdapters.java:1007) ~[gson-2.10.1.jar%23110!/:?]
	at TRANSFORMER/minecraft@1.21.1/net.minecraft.util.GsonHelper.fromNullableJson(GsonHelper.java:432) ~[neoforge-21.1.228.jar%23189!/:?]
	... 11 more
[10вер.2026 18:56:07.385] [Worker-Main-16/ERROR] [net.minecraft.client.resources.model.ModelManager/]: Failed to load blockstate create_radar:blockstates/shield_jammer.json from pack mod/create_radar
com.google.gson.JsonParseException: java.io.EOFException: End of input at line 1 column 1 path $
	at TRANSFORMER/minecraft@1.21.1/net.minecraft.util.GsonHelper.fromNullableJson(GsonHelper.java:434) ~[neoforge-21.1.228.jar%23189!/:?]
	at TRANSFORMER/minecraft@1.21.1/net.minecraft.util.GsonHelper.fromJson(GsonHelper.java:439) ~[neoforge-21.1.228.jar%23189!/:?]
	at TRANSFORMER/minecraft@1.21.1/net.minecraft.util.GsonHelper.parse(GsonHelper.java:503) ~[neoforge-21.1.228.jar%23189!/:?]
	at TRANSFORMER/minecraft@1.21.1/net.minecraft.util.GsonHelper.parse(GsonHelper.java:511) ~[neoforge-21.1.228.jar%23189!/:?]
	at TRANSFORMER/minecraft@1.21.1/net.minecraft.client.resources.model.ModelManager.lambda$loadBlockStates$12(ModelManager.java:180) ~[neoforge-21.1.228.jar%23189!/:?]
	at java.base/java.util.concurrent.CompletableFuture$AsyncSupply.run(CompletableFuture.java:1768) [?:?]
	at java.base/java.util.concurrent.CompletableFuture$AsyncSupply.exec(CompletableFuture.java:1760) [?:?]
	at java.base/java.util.concurrent.ForkJoinTask.doExec(ForkJoinTask.java:387) [?:?]
	at java.base/java.util.concurrent.ForkJoinPool$WorkQueue.topLevelExec(ForkJoinPool.java:1312) [?:?]
	at java.base/java.util.concurrent.ForkJoinPool.scan(ForkJoinPool.java:1843) [?:?]
	at java.base/java.util.concurrent.ForkJoinPool.runWorker(ForkJoinPool.java:1808) [?:?]
	at java.base/java.util.concurrent.ForkJoinWorkerThread.run(ForkJoinWorkerThread.java:188) [?:?]
Caused by: java.io.EOFException: End of input at line 1 column 1 path $
	at MC-BOOTSTRAP/com.google.gson@2.10.1/com.google.gson.stream.JsonReader.nextNonWhitespace(JsonReader.java:1457) ~[gson-2.10.1.jar%23110!/:?]
	at MC-BOOTSTRAP/com.google.gson@2.10.1/com.google.gson.stream.JsonReader.doPeek(JsonReader.java:558) ~[gson-2.10.1.jar%23110!/:?]
	at MC-BOOTSTRAP/com.google.gson@2.10.1/com.google.gson.stream.JsonReader.peek(JsonReader.java:433) ~[gson-2.10.1.jar%23110!/:?]
	at MC-BOOTSTRAP/com.google.gson@2.10.1/com.google.gson.internal.bind.TypeAdapters$28.read(TypeAdapters.java:769) ~[gson-2.10.1.jar%23110!/:?]
	at MC-BOOTSTRAP/com.google.gson@2.10.1/com.google.gson.internal.bind.TypeAdapters$28.read(TypeAdapters.java:725) ~[gson-2.10.1.jar%23110!/:?]
	at MC-BOOTSTRAP/com.google.gson@2.10.1/com.google.gson.internal.bind.TypeAdapters$34$1.read(TypeAdapters.java:1007) ~[gson-2.10.1.jar%23110!/:?]
	at TRANSFORMER/minecraft@1.21.1/net.minecraft.util.GsonHelper.fromNullableJson(GsonHelper.java:432) ~[neoforge-21.1.228.jar%23189!/:?]
	... 11 more
[10вер.2026 18:56:07.385] [Worker-Main-5/ERROR] [net.minecraft.client.resources.model.ModelManager/]: Failed to load blockstate create_radar:blockstates/siren.json from pack mod/create_radar
com.google.gson.JsonParseException: java.io.EOFException: End of input at line 1 column 1 path $
	at TRANSFORMER/minecraft@1.21.1/net.minecraft.util.GsonHelper.fromNullableJson(GsonHelper.java:434) ~[neoforge-21.1.228.jar%23189!/:?]
	at TRANSFORMER/minecraft@1.21.1/net.minecraft.util.GsonHelper.fromJson(GsonHelper.java:439) ~[neoforge-21.1.228.jar%23189!/:?]
	at TRANSFORMER/minecraft@1.21.1/net.minecraft.util.GsonHelper.parse(GsonHelper.java:503) ~[neoforge-21.1.228.jar%23189!/:?]
	at TRANSFORMER/minecraft@1.21.1/net.minecraft.util.GsonHelper.parse(GsonHelper.java:511) ~[neoforge-21.1.228.jar%23189!/:?]
	at TRANSFORMER/minecraft@1.21.1/net.minecraft.client.resources.model.ModelManager.lambda$loadBlockStates$12(ModelManager.java:180) ~[neoforge-21.1.228.jar%23189!/:?]
	at java.base/java.util.concurrent.CompletableFuture$AsyncSupply.run(CompletableFuture.java:1768) [?:?]
	at java.base/java.util.concurrent.CompletableFuture$AsyncSupply.exec(CompletableFuture.java:1760) [?:?]
	at java.base/java.util.concurrent.ForkJoinTask.doExec(ForkJoinTask.java:387) [?:?]
	at java.base/java.util.concurrent.ForkJoinPool$WorkQueue.topLevelExec(ForkJoinPool.java:1312) [?:?]
	at java.base/java.util.concurrent.ForkJoinPool.scan(ForkJoinPool.java:1843) [?:?]
	at java.base/java.util.concurrent.ForkJoinPool.runWorker(ForkJoinPool.java:1808) [?:?]
	at java.base/java.util.concurrent.ForkJoinWorkerThread.run(ForkJoinWorkerThread.java:188) [?:?]
Caused by: java.io.EOFException: End of input at line 1 column 1 path $
	at MC-BOOTSTRAP/com.google.gson@2.10.1/com.google.gson.stream.JsonReader.nextNonWhitespace(JsonReader.java:1457) ~[gson-2.10.1.jar%23110!/:?]
	at MC-BOOTSTRAP/com.google.gson@2.10.1/com.google.gson.stream.JsonReader.doPeek(JsonReader.java:558) ~[gson-2.10.1.jar%23110!/:?]
	at MC-BOOTSTRAP/com.google.gson@2.10.1/com.google.gson.stream.JsonReader.peek(JsonReader.java:433) ~[gson-2.10.1.jar%23110!/:?]
	at MC-BOOTSTRAP/com.google.gson@2.10.1/com.google.gson.internal.bind.TypeAdapters$28.read(TypeAdapters.java:769) ~[gson-2.10.1.jar%23110!/:?]
	at MC-BOOTSTRAP/com.google.gson@2.10.1/com.google.gson.internal.bind.TypeAdapters$28.read(TypeAdapters.java:725) ~[gson-2.10.1.jar%23110!/:?]
	at MC-BOOTSTRAP/com.google.gson@2.10.1/com.google.gson.internal.bind.TypeAdapters$34$1.read(TypeAdapters.java:1007) ~[gson-2.10.1.jar%23110!/:?]
	at TRANSFORMER/minecraft@1.21.1/net.minecraft.util.GsonHelper.fromNullableJson(GsonHelper.java:432) ~[neoforge-21.1.228.jar%23189!/:?]
	... 11 more
[10вер.2026 18:56:07.389] [Worker-Main-5/ERROR] [net.minecraft.client.resources.model.ModelManager/]: Failed to load blockstate create_radar:blockstates/sonar_panel.json from pack mod/create_radar
com.google.gson.JsonParseException: java.io.EOFException: End of input at line 1 column 1 path $
	at TRANSFORMER/minecraft@1.21.1/net.minecraft.util.GsonHelper.fromNullableJson(GsonHelper.java:434) ~[neoforge-21.1.228.jar%23189!/:?]
	at TRANSFORMER/minecraft@1.21.1/net.minecraft.util.GsonHelper.fromJson(GsonHelper.java:439) ~[neoforge-21.1.228.jar%23189!/:?]
	at TRANSFORMER/minecraft@1.21.1/net.minecraft.util.GsonHelper.parse(GsonHelper.java:503) ~[neoforge-21.1.228.jar%23189!/:?]
	at TRANSFORMER/minecraft@1.21.1/net.minecraft.util.GsonHelper.parse(GsonHelper.java:511) ~[neoforge-21.1.228.jar%23189!/:?]
	at TRANSFORMER/minecraft@1.21.1/net.minecraft.client.resources.model.ModelManager.lambda$loadBlockStates$12(ModelManager.java:180) ~[neoforge-21.1.228.jar%23189!/:?]
	at java.base/java.util.concurrent.CompletableFuture$AsyncSupply.run(CompletableFuture.java:1768) [?:?]
	at java.base/java.util.concurrent.CompletableFuture$AsyncSupply.exec(CompletableFuture.java:1760) [?:?]
	at java.base/java.util.concurrent.ForkJoinTask.doExec(ForkJoinTask.java:387) [?:?]
	at java.base/java.util.concurrent.ForkJoinPool$WorkQueue.topLevelExec(ForkJoinPool.java:1312) [?:?]
	at java.base/java.util.concurrent.ForkJoinPool.scan(ForkJoinPool.java:1843) [?:?]
	at java.base/java.util.concurrent.ForkJoinPool.runWorker(ForkJoinPool.java:1808) [?:?]
	at java.base/java.util.concurrent.ForkJoinWorkerThread.run(ForkJoinWorkerThread.java:188) [?:?]
Caused by: java.io.EOFException: End of input at line 1 column 1 path $
	at MC-BOOTSTRAP/com.google.gson@2.10.1/com.google.gson.stream.JsonReader.nextNonWhitespace(JsonReader.java:1457) ~[gson-2.10.1.jar%23110!/:?]
	at MC-BOOTSTRAP/com.google.gson@2.10.1/com.google.gson.stream.JsonReader.doPeek(JsonReader.java:558) ~[gson-2.10.1.jar%23110!/:?]
	at MC-BOOTSTRAP/com.google.gson@2.10.1/com.google.gson.stream.JsonReader.peek(JsonReader.java:433) ~[gson-2.10.1.jar%23110!/:?]
	at MC-BOOTSTRAP/com.google.gson@2.10.1/com.google.gson.internal.bind.TypeAdapters$28.read(TypeAdapters.java:769) ~[gson-2.10.1.jar%23110!/:?]
	at MC-BOOTSTRAP/com.google.gson@2.10.1/com.google.gson.internal.bind.TypeAdapters$28.read(TypeAdapters.java:725) ~[gson-2.10.1.jar%23110!/:?]
	at MC-BOOTSTRAP/com.google.gson@2.10.1/com.google.gson.internal.bind.TypeAdapters$34$1.read(TypeAdapters.java:1007) ~[gson-2.10.1.jar%23110!/:?]
	at TRANSFORMER/minecraft@1.21.1/net.minecraft.util.GsonHelper.fromNullableJson(GsonHelper.java:432) ~[neoforge-21.1.228.jar%23189!/:?]
	... 11 more
[10вер.2026 18:56:07.388] [Worker-Main-19/ERROR] [net.minecraft.client.resources.model.ModelManager/]: Failed to load blockstate create_radar:blockstates/smart_mount.json from pack mod/create_radar
com.google.gson.JsonParseException: java.io.EOFException: End of input at line 1 column 1 path $
	at TRANSFORMER/minecraft@1.21.1/net.minecraft.util.GsonHelper.fromNullableJson(GsonHelper.java:434) ~[neoforge-21.1.228.jar%23189!/:?]
	at TRANSFORMER/minecraft@1.21.1/net.minecraft.util.GsonHelper.fromJson(GsonHelper.java:439) ~[neoforge-21.1.228.jar%23189!/:?]
	at TRANSFORMER/minecraft@1.21.1/net.minecraft.util.GsonHelper.parse(GsonHelper.java:503) ~[neoforge-21.1.228.jar%23189!/:?]
	at TRANSFORMER/minecraft@1.21.1/net.minecraft.util.GsonHelper.parse(GsonHelper.java:511) ~[neoforge-21.1.228.jar%23189!/:?]
	at TRANSFORMER/minecraft@1.21.1/net.minecraft.client.resources.model.ModelManager.lambda$loadBlockStates$12(ModelManager.java:180) ~[neoforge-21.1.228.jar%23189!/:?]
	at java.base/java.util.concurrent.CompletableFuture$AsyncSupply.run(CompletableFuture.java:1768) [?:?]
	at java.base/java.util.concurrent.CompletableFuture$AsyncSupply.exec(CompletableFuture.java:1760) [?:?]
	at java.base/java.util.concurrent.ForkJoinTask.doExec(ForkJoinTask.java:387) [?:?]
	at java.base/java.util.concurrent.ForkJoinPool$WorkQueue.topLevelExec(ForkJoinPool.java:1312) [?:?]
	at java.base/java.util.concurrent.ForkJoinPool.scan(ForkJoinPool.java:1843) [?:?]
	at java.base/java.util.concurrent.ForkJoinPool.runWorker(ForkJoinPool.java:1808) [?:?]
	at java.base/java.util.concurrent.ForkJoinWorkerThread.run(ForkJoinWorkerThread.java:188) [?:?]
Caused by: java.io.EOFException: End of input at line 1 column 1 path $
	at MC-BOOTSTRAP/com.google.gson@2.10.1/com.google.gson.stream.JsonReader.nextNonWhitespace(JsonReader.java:1457) ~[gson-2.10.1.jar%23110!/:?]
	at MC-BOOTSTRAP/com.google.gson@2.10.1/com.google.gson.stream.JsonReader.doPeek(JsonReader.java:558) ~[gson-2.10.1.jar%23110!/:?]
	at MC-BOOTSTRAP/com.google.gson@2.10.1/com.google.gson.stream.JsonReader.peek(JsonReader.java:433) ~[gson-2.10.1.jar%23110!/:?]
	at MC-BOOTSTRAP/com.google.gson@2.10.1/com.google.gson.internal.bind.TypeAdapters$28.read(TypeAdapters.java:769) ~[gson-2.10.1.jar%23110!/:?]
	at MC-BOOTSTRAP/com.google.gson@2.10.1/com.google.gson.internal.bind.TypeAdapters$28.read(TypeAdapters.java:725) ~[gson-2.10.1.jar%23110!/:?]
	at MC-BOOTSTRAP/com.google.gson@2.10.1/com.google.gson.internal.bind.TypeAdapters$34$1.read(TypeAdapters.java:1007) ~[gson-2.10.1.jar%23110!/:?]
	at TRANSFORMER/minecraft@1.21.1/net.minecraft.util.GsonHelper.fromNullableJson(GsonHelper.java:432) ~[neoforge-21.1.228.jar%23189!/:?]
	... 11 more
[10вер.2026 18:56:07.389] [Worker-Main-6/ERROR] [net.minecraft.client.resources.model.ModelManager/]: Failed to load blockstate create_radar:blockstates/sonar_bearing.json from pack mod/create_radar
com.google.gson.JsonParseException: java.io.EOFException: End of input at line 1 column 1 path $
	at TRANSFORMER/minecraft@1.21.1/net.minecraft.util.GsonHelper.fromNullableJson(GsonHelper.java:434) ~[neoforge-21.1.228.jar%23189!/:?]
	at TRANSFORMER/minecraft@1.21.1/net.minecraft.util.GsonHelper.fromJson(GsonHelper.java:439) ~[neoforge-21.1.228.jar%23189!/:?]
	at TRANSFORMER/minecraft@1.21.1/net.minecraft.util.GsonHelper.parse(GsonHelper.java:503) ~[neoforge-21.1.228.jar%23189!/:?]
	at TRANSFORMER/minecraft@1.21.1/net.minecraft.util.GsonHelper.parse(GsonHelper.java:511) ~[neoforge-21.1.228.jar%23189!/:?]
	at TRANSFORMER/minecraft@1.21.1/net.minecraft.client.resources.model.ModelManager.lambda$loadBlockStates$12(ModelManager.java:180) ~[neoforge-21.1.228.jar%23189!/:?]
	at java.base/java.util.concurrent.CompletableFuture$AsyncSupply.run(CompletableFuture.java:1768) [?:?]
	at java.base/java.util.concurrent.CompletableFuture$AsyncSupply.exec(CompletableFuture.java:1760) [?:?]
	at java.base/java.util.concurrent.ForkJoinTask.doExec(ForkJoinTask.java:387) [?:?]
	at java.base/java.util.concurrent.ForkJoinPool$WorkQueue.topLevelExec(ForkJoinPool.java:1312) [?:?]
	at java.base/java.util.concurrent.ForkJoinPool.scan(ForkJoinPool.java:1843) [?:?]
	at java.base/java.util.concurrent.ForkJoinPool.runWorker(ForkJoinPool.java:1808) [?:?]
	at java.base/java.util.concurrent.ForkJoinWorkerThread.run(ForkJoinWorkerThread.java:188) [?:?]
Caused by: java.io.EOFException: End of input at line 1 column 1 path $
	at MC-BOOTSTRAP/com.google.gson@2.10.1/com.google.gson.stream.JsonReader.nextNonWhitespace(JsonReader.java:1457) ~[gson-2.10.1.jar%23110!/:?]
	at MC-BOOTSTRAP/com.google.gson@2.10.1/com.google.gson.stream.JsonReader.doPeek(JsonReader.java:558) ~[gson-2.10.1.jar%23110!/:?]
	at MC-BOOTSTRAP/com.google.gson@2.10.1/com.google.gson.stream.JsonReader.peek(JsonReader.java:433) ~[gson-2.10.1.jar%23110!/:?]
	at MC-BOOTSTRAP/com.google.gson@2.10.1/com.google.gson.internal.bind.TypeAdapters$28.read(TypeAdapters.java:769) ~[gson-2.10.1.jar%23110!/:?]
	at MC-BOOTSTRAP/com.google.gson@2.10.1/com.google.gson.internal.bind.TypeAdapters$28.read(TypeAdapters.java:725) ~[gson-2.10.1.jar%23110!/:?]
	at MC-BOOTSTRAP/com.google.gson@2.10.1/com.google.gson.internal.bind.TypeAdapters$34$1.read(TypeAdapters.java:1007) ~[gson-2.10.1.jar%23110!/:?]
	at TRANSFORMER/minecraft@1.21.1/net.minecraft.util.GsonHelper.fromNullableJson(GsonHelper.java:432) ~[neoforge-21.1.228.jar%23189!/:?]
	... 11 more
[10вер.2026 18:56:07.395] [Render thread/INFO] [mixin/]: Mixing balloon.SubLevelAssemblyHelperMixin from aeronautics.mixins.json into dev.ryanhcode.sable.api.SubLevelAssemblyHelper
[10вер.2026 18:56:07.396] [Render thread/INFO] [mixin/]: Mixing SableLauncherTransferMixin from cbcatfix.mixins.json into dev.ryanhcode.sable.api.SubLevelAssemblyHelper
[10вер.2026 18:56:07.397] [Render thread/INFO] [mixin/]: Renaming synthetic method lambda$cbcatfix$receive$0(Lcom/llamalad7/mixinextras/injector/wrapoperation/Operation;Lnet/minecraft/world/level/block/entity/BlockEntity;Lnet/minecraft/nbt/CompoundTag;Lnet/minecraft/core/HolderLookup$Provider;)V to md9d2632$cbcatfix$lambda$cbcatfix$receive$0$0 in cbcatfix.mixins.json:SableLauncherTransferMixin from mod cbcatfix
[10вер.2026 18:56:07.405] [Render thread/INFO] [mixin/]: Mixing LauncherTransferDropsMixin from cbcatfix.mixins.json into net.minecraft.world.Containers
[10вер.2026 18:56:07.408] [Render thread/INFO] [cbcatfix/]: [CBCAT Fix] Launcher inventory transfer hooks loaded (Sable/Create).
[10вер.2026 18:56:07.410] [Render thread/INFO] [mixin/]: Mixing compatibility.create.big_outlines_interaction.BigOutlinesMixin from sable-neoforge.mixins.json into com.simibubi.create.foundation.block.BigOutlines
[10вер.2026 18:56:07.410] [Render thread/INFO] [mixin/]: Renaming synthetic method lambda$sable$useSubLevelInclusiveCast$0(Ljava/util/function/Predicate;Ldev/ryanhcode/sable/sublevel/SubLevel;Lnet/minecraft/core/BlockPos;)Z to md9d2632$sable$lambda$sable$useSubLevelInclusiveCast$0$0 in sable-neoforge.mixins.json:compatibility.create.big_outlines_interaction.BigOutlinesMixin from mod sable
[10вер.2026 18:56:07.430] [Worker-Main-6/ERROR] [net.minecraft.client.resources.model.ModelManager/]: Failed to load model create_radar:models/block/cannon_mount_radar.json
com.google.gson.JsonParseException: JSON data was null or empty
	at TRANSFORMER/minecraft@1.21.1/net.minecraft.util.GsonHelper.fromJson(GsonHelper.java:441) ~[neoforge-21.1.228.jar%23189!/:?]
	at TRANSFORMER/minecraft@1.21.1/net.minecraft.util.GsonHelper.fromJson(GsonHelper.java:491) ~[neoforge-21.1.228.jar%23189!/:?]
	at TRANSFORMER/minecraft@1.21.1/net.minecraft.client.renderer.block.model.BlockModel.fromStream(BlockModel.java:83) ~[neoforge-21.1.228.jar%23189!/:?]
	at TRANSFORMER/minecraft@1.21.1/net.minecraft.client.resources.model.ModelManager.lambda$loadBlockModels$8(ModelManager.java:144) ~[neoforge-21.1.228.jar%23189!/:?]
	at java.base/java.util.concurrent.CompletableFuture$AsyncSupply.run(CompletableFuture.java:1768) [?:?]
	at java.base/java.util.concurrent.CompletableFuture$AsyncSupply.exec(CompletableFuture.java:1760) [?:?]
	at java.base/java.util.concurrent.ForkJoinTask.doExec(ForkJoinTask.java:387) [?:?]
	at java.base/java.util.concurrent.ForkJoinPool$WorkQueue.topLevelExec(ForkJoinPool.java:1312) [?:?]
	at java.base/java.util.concurrent.ForkJoinPool.scan(ForkJoinPool.java:1843) [?:?]
	at java.base/java.util.concurrent.ForkJoinPool.runWorker(ForkJoinPool.java:1808) [?:?]
	at java.base/java.util.concurrent.ForkJoinWorkerThread.run(ForkJoinWorkerThread.java:188) [?:?]
[10вер.2026 18:56:07.445] [Render thread/INFO] [mixin/]: Mixing water_occlusion.FogRendererMixin from sable.mixins.json into net.minecraft.client.renderer.FogRenderer
[10вер.2026 18:56:07.464] [Worker-Main-6/INFO] [mixin/]: Mixing compatibility.create.frogports.SmartBlockEntityRendererMixin from sable-neoforge.mixins.json into com.simibubi.create.foundation.blockEntity.renderer.SmartBlockEntityRenderer
[10вер.2026 18:56:07.471] [Worker-Main-8/INFO] [mixin/]: Mixing MediumRocketPodBreechInstanceMixin from cbcatfix.mixins.json into com.dsvv.cbcat.cannon.medium_rocketpod.breech.MediumRocketPodBreechInstance
[10вер.2026 18:56:07.476] [Worker-Main-16/WARN] [net.minecraft.client.renderer.texture.SpriteLoader/]: Texture create_radar:block/spotlight_light with size 10x10 limits mip level from 4 to 1
[10вер.2026 18:56:07.480] [Worker-Main-12/INFO] [mixin/]: Mixing compatibility.flywheel.AbstractBlockEntityVisualMixin from sable-neoforge.mixins.json into dev.engine_room.flywheel.lib.visual.AbstractBlockEntityVisual
[10вер.2026 18:56:07.484] [Worker-Main-13/INFO] [mixin/]: Mixing accessor.WorldSectionElementAccessor from simulated.mixins.json into net.createmod.ponder.foundation.element.WorldSectionElementImpl
[10вер.2026 18:56:07.485] [Worker-Main-13/INFO] [mixin/]: Mixing ponder.WorldSectionElementImplMixin from simulated.mixins.json into net.createmod.ponder.foundation.element.WorldSectionElementImpl
[10вер.2026 18:56:07.486] [Worker-Main-13/INFO] [mixin/]: Mixing ponder.WorldSectionElementImplAccessor from aeronautics.mixins.json into net.createmod.ponder.foundation.element.WorldSectionElementImpl
[10вер.2026 18:56:07.513] [Worker-Main-8/INFO] [mixin/]: Mixing MediumRocketPodBreechRendererMixin from cbcatfix.mixins.json into com.dsvv.cbcat.cannon.medium_rocketpod.breech.MediumRocketPodBreechRenderer
[10вер.2026 18:56:07.528] [Worker-Main-11/INFO] [mixin/]: Mixing compatibility.create.contraptions.ContraptionVisualMixin from sable-neoforge.mixins.json into com.simibubi.create.content.contraptions.render.ContraptionVisual
[10вер.2026 18:56:07.529] [Worker-Main-4/ERROR] [net.minecraft.client.resources.model.ModelManager/]: Failed to load model create_radar:models/block/shield_jammer.json
com.google.gson.JsonParseException: JSON data was null or empty
	at TRANSFORMER/minecraft@1.21.1/net.minecraft.util.GsonHelper.fromJson(GsonHelper.java:441) ~[neoforge-21.1.228.jar%23189!/:?]
	at TRANSFORMER/minecraft@1.21.1/net.minecraft.util.GsonHelper.fromJson(GsonHelper.java:491) ~[neoforge-21.1.228.jar%23189!/:?]
	at TRANSFORMER/minecraft@1.21.1/net.minecraft.client.renderer.block.model.BlockModel.fromStream(BlockModel.java:83) ~[neoforge-21.1.228.jar%23189!/:?]
	at TRANSFORMER/minecraft@1.21.1/net.minecraft.client.resources.model.ModelManager.lambda$loadBlockModels$8(ModelManager.java:144) ~[neoforge-21.1.228.jar%23189!/:?]
	at java.base/java.util.concurrent.CompletableFuture$AsyncSupply.run(CompletableFuture.java:1768) [?:?]
	at java.base/java.util.concurrent.CompletableFuture$AsyncSupply.exec(CompletableFuture.java:1760) [?:?]
	at java.base/java.util.concurrent.ForkJoinTask.doExec(ForkJoinTask.java:387) [?:?]
	at java.base/java.util.concurrent.ForkJoinPool$WorkQueue.topLevelExec(ForkJoinPool.java:1312) [?:?]
	at java.base/java.util.concurrent.ForkJoinPool.scan(ForkJoinPool.java:1843) [?:?]
	at java.base/java.util.concurrent.ForkJoinPool.runWorker(ForkJoinPool.java:1808) [?:?]
	at java.base/java.util.concurrent.ForkJoinWorkerThread.run(ForkJoinWorkerThread.java:188) [?:?]
[10вер.2026 18:56:07.529] [Worker-Main-18/ERROR] [net.minecraft.client.resources.model.ModelManager/]: Failed to load model create_radar:models/block/sky_radar_mount.json
com.google.gson.JsonParseException: JSON data was null or empty
	at TRANSFORMER/minecraft@1.21.1/net.minecraft.util.GsonHelper.fromJson(GsonHelper.java:441) ~[neoforge-21.1.228.jar%23189!/:?]
	at TRANSFORMER/minecraft@1.21.1/net.minecraft.util.GsonHelper.fromJson(GsonHelper.java:491) ~[neoforge-21.1.228.jar%23189!/:?]
	at TRANSFORMER/minecraft@1.21.1/net.minecraft.client.renderer.block.model.BlockModel.fromStream(BlockModel.java:83) ~[neoforge-21.1.228.jar%23189!/:?]
	at TRANSFORMER/minecraft@1.21.1/net.minecraft.client.resources.model.ModelManager.lambda$loadBlockModels$8(ModelManager.java:144) ~[neoforge-21.1.228.jar%23189!/:?]
	at java.base/java.util.concurrent.CompletableFuture$AsyncSupply.run(CompletableFuture.java:1768) [?:?]
	at java.base/java.util.concurrent.CompletableFuture$AsyncSupply.exec(CompletableFuture.java:1760) [?:?]
	at java.base/java.util.concurrent.ForkJoinTask.doExec(ForkJoinTask.java:387) [?:?]
	at java.base/java.util.concurrent.ForkJoinPool$WorkQueue.topLevelExec(ForkJoinPool.java:1312) [?:?]
	at java.base/java.util.concurrent.ForkJoinPool.scan(ForkJoinPool.java:1843) [?:?]
	at java.base/java.util.concurrent.ForkJoinPool.runWorker(ForkJoinPool.java:1808) [?:?]
	at java.base/java.util.concurrent.ForkJoinWorkerThread.run(ForkJoinWorkerThread.java:188) [?:?]
[10вер.2026 18:56:07.533] [Worker-Main-4/ERROR] [net.minecraft.client.resources.model.ModelManager/]: Failed to load model create_radar:models/block/smart_cannon_mount.json
com.google.gson.JsonParseException: JSON data was null or empty
	at TRANSFORMER/minecraft@1.21.1/net.minecraft.util.GsonHelper.fromJson(GsonHelper.java:441) ~[neoforge-21.1.228.jar%23189!/:?]
	at TRANSFORMER/minecraft@1.21.1/net.minecraft.util.GsonHelper.fromJson(GsonHelper.java:491) ~[neoforge-21.1.228.jar%23189!/:?]
	at TRANSFORMER/minecraft@1.21.1/net.minecraft.client.renderer.block.model.BlockModel.fromStream(BlockModel.java:83) ~[neoforge-21.1.228.jar%23189!/:?]
	at TRANSFORMER/minecraft@1.21.1/net.minecraft.client.resources.model.ModelManager.lambda$loadBlockModels$8(ModelManager.java:144) ~[neoforge-21.1.228.jar%23189!/:?]
	at java.base/java.util.concurrent.CompletableFuture$AsyncSupply.run(CompletableFuture.java:1768) [?:?]
	at java.base/java.util.concurrent.CompletableFuture$AsyncSupply.exec(CompletableFuture.java:1760) [?:?]
	at java.base/java.util.concurrent.ForkJoinTask.doExec(ForkJoinTask.java:387) [?:?]
	at java.base/java.util.concurrent.ForkJoinPool$WorkQueue.topLevelExec(ForkJoinPool.java:1312) [?:?]
	at java.base/java.util.concurrent.ForkJoinPool.scan(ForkJoinPool.java:1843) [?:?]
	at java.base/java.util.concurrent.ForkJoinPool.runWorker(ForkJoinPool.java:1808) [?:?]
	at java.base/java.util.concurrent.ForkJoinWorkerThread.run(ForkJoinWorkerThread.java:188) [?:?]
[10вер.2026 18:56:07.564] [Worker-Main-6/INFO] [mixin/]: Mixing levitite.ChunkRenderTypeSetAccessor from aeronautics.mixins.json into net.neoforged.neoforge.client.ChunkRenderTypeSet
[10вер.2026 18:56:07.564] [Worker-Main-6/INFO] [mixin/]: Renaming @Accessor method setChunkRenderTypesList(Ljava/util/List;)V to setChunkRenderTypesList$aeronautics_$md$9d2632$0 in aeronautics.mixins.json:levitite.ChunkRenderTypeSetAccessor from mod aeronautics
[10вер.2026 18:56:07.564] [Worker-Main-6/INFO] [mixin/]: Renaming @Accessor method setChunkRenderTypes([Lnet/minecraft/client/renderer/RenderType;)V to setChunkRenderTypes$aeronautics_$md$9d2632$1 in aeronautics.mixins.json:levitite.ChunkRenderTypeSetAccessor from mod aeronautics
[10вер.2026 18:56:07.567] [Worker-Main-13/INFO] [mixin/]: Mixing compatibility.create.trains.CarriageContraptionVisualMixin from sable-neoforge.mixins.json into com.simibubi.create.content.trains.entity.CarriageContraptionVisual
[10вер.2026 18:56:07.567] [Worker-Main-9/ERROR] [net.minecraft.client.resources.model.ModelManager/]: Failed to load model create_radar:models/item/artillery_radio.json
com.google.gson.JsonParseException: JSON data was null or empty
	at TRANSFORMER/minecraft@1.21.1/net.minecraft.util.GsonHelper.fromJson(GsonHelper.java:441) ~[neoforge-21.1.228.jar%23189!/:?]
	at TRANSFORMER/minecraft@1.21.1/net.minecraft.util.GsonHelper.fromJson(GsonHelper.java:491) ~[neoforge-21.1.228.jar%23189!/:?]
	at TRANSFORMER/minecraft@1.21.1/net.minecraft.client.renderer.block.model.BlockModel.fromStream(BlockModel.java:83) ~[neoforge-21.1.228.jar%23189!/:?]
	at TRANSFORMER/minecraft@1.21.1/net.minecraft.client.resources.model.ModelManager.lambda$loadBlockModels$8(ModelManager.java:144) ~[neoforge-21.1.228.jar%23189!/:?]
	at java.base/java.util.concurrent.CompletableFuture$AsyncSupply.run(CompletableFuture.java:1768) [?:?]
	at java.base/java.util.concurrent.CompletableFuture$AsyncSupply.exec(CompletableFuture.java:1760) [?:?]
	at java.base/java.util.concurrent.ForkJoinTask.doExec(ForkJoinTask.java:387) [?:?]
	at java.base/java.util.concurrent.ForkJoinPool$WorkQueue.topLevelExec(ForkJoinPool.java:1312) [?:?]
	at java.base/java.util.concurrent.ForkJoinPool.scan(ForkJoinPool.java:1843) [?:?]
	at java.base/java.util.concurrent.ForkJoinPool.runWorker(ForkJoinPool.java:1808) [?:?]
	at java.base/java.util.concurrent.ForkJoinWorkerThread.run(ForkJoinWorkerThread.java:188) [?:?]
[10вер.2026 18:56:07.631] [Worker-Main-8/ERROR] [net.minecraft.client.resources.model.ModelManager/]: Failed to load model create_radar:models/item/radar_goggle.json
com.google.gson.JsonParseException: JSON data was null or empty
	at TRANSFORMER/minecraft@1.21.1/net.minecraft.util.GsonHelper.fromJson(GsonHelper.java:441) ~[neoforge-21.1.228.jar%23189!/:?]
	at TRANSFORMER/minecraft@1.21.1/net.minecraft.util.GsonHelper.fromJson(GsonHelper.java:491) ~[neoforge-21.1.228.jar%23189!/:?]
	at TRANSFORMER/minecraft@1.21.1/net.minecraft.client.renderer.block.model.BlockModel.fromStream(BlockModel.java:83) ~[neoforge-21.1.228.jar%23189!/:?]
	at TRANSFORMER/minecraft@1.21.1/net.minecraft.client.resources.model.ModelManager.lambda$loadBlockModels$8(ModelManager.java:144) ~[neoforge-21.1.228.jar%23189!/:?]
	at java.base/java.util.concurrent.CompletableFuture$AsyncSupply.run(CompletableFuture.java:1768) [?:?]
	at java.base/java.util.concurrent.CompletableFuture$AsyncSupply.exec(CompletableFuture.java:1760) [?:?]
	at java.base/java.util.concurrent.ForkJoinTask.doExec(ForkJoinTask.java:387) [?:?]
	at java.base/java.util.concurrent.ForkJoinPool$WorkQueue.topLevelExec(ForkJoinPool.java:1312) [?:?]
	at java.base/java.util.concurrent.ForkJoinPool.scan(ForkJoinPool.java:1843) [?:?]
	at java.base/java.util.concurrent.ForkJoinPool.runWorker(ForkJoinPool.java:1808) [?:?]
	at java.base/java.util.concurrent.ForkJoinWorkerThread.run(ForkJoinWorkerThread.java:188) [?:?]
[10вер.2026 18:56:07.631] [Worker-Main-9/ERROR] [net.minecraft.client.resources.model.ModelManager/]: Failed to load model create_radar:models/item/radome.json
com.google.gson.JsonParseException: JSON data was null or empty
	at TRANSFORMER/minecraft@1.21.1/net.minecraft.util.GsonHelper.fromJson(GsonHelper.java:441) ~[neoforge-21.1.228.jar%23189!/:?]
	at TRANSFORMER/minecraft@1.21.1/net.minecraft.util.GsonHelper.fromJson(GsonHelper.java:491) ~[neoforge-21.1.228.jar%23189!/:?]
	at TRANSFORMER/minecraft@1.21.1/net.minecraft.client.renderer.block.model.BlockModel.fromStream(BlockModel.java:83) ~[neoforge-21.1.228.jar%23189!/:?]
	at TRANSFORMER/minecraft@1.21.1/net.minecraft.client.resources.model.ModelManager.lambda$loadBlockModels$8(ModelManager.java:144) ~[neoforge-21.1.228.jar%23189!/:?]
	at java.base/java.util.concurrent.CompletableFuture$AsyncSupply.run(CompletableFuture.java:1768) [?:?]
	at java.base/java.util.concurrent.CompletableFuture$AsyncSupply.exec(CompletableFuture.java:1760) [?:?]
	at java.base/java.util.concurrent.ForkJoinTask.doExec(ForkJoinTask.java:387) [?:?]
	at java.base/java.util.concurrent.ForkJoinPool$WorkQueue.topLevelExec(ForkJoinPool.java:1312) [?:?]
	at java.base/java.util.concurrent.ForkJoinPool.scan(ForkJoinPool.java:1843) [?:?]
	at java.base/java.util.concurrent.ForkJoinPool.runWorker(ForkJoinPool.java:1808) [?:?]
	at java.base/java.util.concurrent.ForkJoinWorkerThread.run(ForkJoinWorkerThread.java:188) [?:?]
[10вер.2026 18:56:07.632] [Worker-Main-6/ERROR] [net.minecraft.client.resources.model.ModelManager/]: Failed to load model create_radar:models/item/shield_jammer.json
com.google.gson.JsonParseException: JSON data was null or empty
	at TRANSFORMER/minecraft@1.21.1/net.minecraft.util.GsonHelper.fromJson(GsonHelper.java:441) ~[neoforge-21.1.228.jar%23189!/:?]
	at TRANSFORMER/minecraft@1.21.1/net.minecraft.util.GsonHelper.fromJson(GsonHelper.java:491) ~[neoforge-21.1.228.jar%23189!/:?]
	at TRANSFORMER/minecraft@1.21.1/net.minecraft.client.renderer.block.model.BlockModel.fromStream(BlockModel.java:83) ~[neoforge-21.1.228.jar%23189!/:?]
	at TRANSFORMER/minecraft@1.21.1/net.minecraft.client.resources.model.ModelManager.lambda$loadBlockModels$8(ModelManager.java:144) ~[neoforge-21.1.228.jar%23189!/:?]
	at java.base/java.util.concurrent.CompletableFuture$AsyncSupply.run(CompletableFuture.java:1768) [?:?]
	at java.base/java.util.concurrent.CompletableFuture$AsyncSupply.exec(CompletableFuture.java:1760) [?:?]
	at java.base/java.util.concurrent.ForkJoinTask.doExec(ForkJoinTask.java:387) [?:?]
	at java.base/java.util.concurrent.ForkJoinPool$WorkQueue.topLevelExec(ForkJoinPool.java:1312) [?:?]
	at java.base/java.util.concurrent.ForkJoinPool.scan(ForkJoinPool.java:1843) [?:?]
	at java.base/java.util.concurrent.ForkJoinPool.runWorker(ForkJoinPool.java:1808) [?:?]
	at java.base/java.util.concurrent.ForkJoinWorkerThread.run(ForkJoinWorkerThread.java:188) [?:?]
[10вер.2026 18:56:07.632] [Worker-Main-5/ERROR] [net.minecraft.client.resources.model.ModelManager/]: Failed to load model create_radar:models/item/sky_radar.json
com.google.gson.JsonParseException: JSON data was null or empty
	at TRANSFORMER/minecraft@1.21.1/net.minecraft.util.GsonHelper.fromJson(GsonHelper.java:441) ~[neoforge-21.1.228.jar%23189!/:?]
	at TRANSFORMER/minecraft@1.21.1/net.minecraft.util.GsonHelper.fromJson(GsonHelper.java:491) ~[neoforge-21.1.228.jar%23189!/:?]
	at TRANSFORMER/minecraft@1.21.1/net.minecraft.client.renderer.block.model.BlockModel.fromStream(BlockModel.java:83) ~[neoforge-21.1.228.jar%23189!/:?]
	at TRANSFORMER/minecraft@1.21.1/net.minecraft.client.resources.model.ModelManager.lambda$loadBlockModels$8(ModelManager.java:144) ~[neoforge-21.1.228.jar%23189!/:?]
	at java.base/java.util.concurrent.CompletableFuture$AsyncSupply.run(CompletableFuture.java:1768) [?:?]
	at java.base/java.util.concurrent.CompletableFuture$AsyncSupply.exec(CompletableFuture.java:1760) [?:?]
	at java.base/java.util.concurrent.ForkJoinTask.doExec(ForkJoinTask.java:387) [?:?]
	at java.base/java.util.concurrent.ForkJoinPool$WorkQueue.topLevelExec(ForkJoinPool.java:1312) [?:?]
	at java.base/java.util.concurrent.ForkJoinPool.scan(ForkJoinPool.java:1843) [?:?]
	at java.base/java.util.concurrent.ForkJoinPool.runWorker(ForkJoinPool.java:1808) [?:?]
	at java.base/java.util.concurrent.ForkJoinWorkerThread.run(ForkJoinWorkerThread.java:188) [?:?]
[10вер.2026 18:56:07.632] [Worker-Main-15/ERROR] [net.minecraft.client.resources.model.ModelManager/]: Failed to load model create_radar:models/item/siren.json
com.google.gson.JsonParseException: JSON data was null or empty
	at TRANSFORMER/minecraft@1.21.1/net.minecraft.util.GsonHelper.fromJson(GsonHelper.java:441) ~[neoforge-21.1.228.jar%23189!/:?]
	at TRANSFORMER/minecraft@1.21.1/net.minecraft.util.GsonHelper.fromJson(GsonHelper.java:491) ~[neoforge-21.1.228.jar%23189!/:?]
	at TRANSFORMER/minecraft@1.21.1/net.minecraft.client.renderer.block.model.BlockModel.fromStream(BlockModel.java:83) ~[neoforge-21.1.228.jar%23189!/:?]
	at TRANSFORMER/minecraft@1.21.1/net.minecraft.client.resources.model.ModelManager.lambda$loadBlockModels$8(ModelManager.java:144) ~[neoforge-21.1.228.jar%23189!/:?]
	at java.base/java.util.concurrent.CompletableFuture$AsyncSupply.run(CompletableFuture.java:1768) [?:?]
	at java.base/java.util.concurrent.CompletableFuture$AsyncSupply.exec(CompletableFuture.java:1760) [?:?]
	at java.base/java.util.concurrent.ForkJoinTask.doExec(ForkJoinTask.java:387) [?:?]
	at java.base/java.util.concurrent.ForkJoinPool$WorkQueue.topLevelExec(ForkJoinPool.java:1312) [?:?]
	at java.base/java.util.concurrent.ForkJoinPool.scan(ForkJoinPool.java:1843) [?:?]
	at java.base/java.util.concurrent.ForkJoinPool.runWorker(ForkJoinPool.java:1808) [?:?]
	at java.base/java.util.concurrent.ForkJoinWorkerThread.run(ForkJoinWorkerThread.java:188) [?:?]
[10вер.2026 18:56:07.634] [Worker-Main-9/ERROR] [net.minecraft.client.resources.model.ModelManager/]: Failed to load model create_radar:models/item/sonar_bearing.json
com.google.gson.JsonParseException: JSON data was null or empty
	at TRANSFORMER/minecraft@1.21.1/net.minecraft.util.GsonHelper.fromJson(GsonHelper.java:441) ~[neoforge-21.1.228.jar%23189!/:?]
	at TRANSFORMER/minecraft@1.21.1/net.minecraft.util.GsonHelper.fromJson(GsonHelper.java:491) ~[neoforge-21.1.228.jar%23189!/:?]
	at TRANSFORMER/minecraft@1.21.1/net.minecraft.client.renderer.block.model.BlockModel.fromStream(BlockModel.java:83) ~[neoforge-21.1.228.jar%23189!/:?]
	at TRANSFORMER/minecraft@1.21.1/net.minecraft.client.resources.model.ModelManager.lambda$loadBlockModels$8(ModelManager.java:144) ~[neoforge-21.1.228.jar%23189!/:?]
	at java.base/java.util.concurrent.CompletableFuture$AsyncSupply.run(CompletableFuture.java:1768) [?:?]
	at java.base/java.util.concurrent.CompletableFuture$AsyncSupply.exec(CompletableFuture.java:1760) [?:?]
	at java.base/java.util.concurrent.ForkJoinTask.doExec(ForkJoinTask.java:387) [?:?]
	at java.base/java.util.concurrent.ForkJoinPool$WorkQueue.topLevelExec(ForkJoinPool.java:1312) [?:?]
	at java.base/java.util.concurrent.ForkJoinPool.scan(ForkJoinPool.java:1843) [?:?]
	at java.base/java.util.concurrent.ForkJoinPool.runWorker(ForkJoinPool.java:1808) [?:?]
	at java.base/java.util.concurrent.ForkJoinWorkerThread.run(ForkJoinWorkerThread.java:188) [?:?]
[10вер.2026 18:56:07.634] [Worker-Main-1/ERROR] [net.minecraft.client.resources.model.ModelManager/]: Failed to load model create_radar:models/item/sonar_panel.json
com.google.gson.JsonParseException: JSON data was null or empty
	at TRANSFORMER/minecraft@1.21.1/net.minecraft.util.GsonHelper.fromJson(GsonHelper.java:441) ~[neoforge-21.1.228.jar%23189!/:?]
	at TRANSFORMER/minecraft@1.21.1/net.minecraft.util.GsonHelper.fromJson(GsonHelper.java:491) ~[neoforge-21.1.228.jar%23189!/:?]
	at TRANSFORMER/minecraft@1.21.1/net.minecraft.client.renderer.block.model.BlockModel.fromStream(BlockModel.java:83) ~[neoforge-21.1.228.jar%23189!/:?]
	at TRANSFORMER/minecraft@1.21.1/net.minecraft.client.resources.model.ModelManager.lambda$loadBlockModels$8(ModelManager.java:144) ~[neoforge-21.1.228.jar%23189!/:?]
	at java.base/java.util.concurrent.CompletableFuture$AsyncSupply.run(CompletableFuture.java:1768) [?:?]
	at java.base/java.util.concurrent.CompletableFuture$AsyncSupply.exec(CompletableFuture.java:1760) [?:?]
	at java.base/java.util.concurrent.ForkJoinTask.doExec(ForkJoinTask.java:387) [?:?]
	at java.base/java.util.concurrent.ForkJoinPool$WorkQueue.topLevelExec(ForkJoinPool.java:1312) [?:?]
	at java.base/java.util.concurrent.ForkJoinPool.scan(ForkJoinPool.java:1843) [?:?]
	at java.base/java.util.concurrent.ForkJoinPool.runWorker(ForkJoinPool.java:1808) [?:?]
	at java.base/java.util.concurrent.ForkJoinWorkerThread.run(ForkJoinWorkerThread.java:188) [?:?]
[10вер.2026 18:56:07.672] [Worker-Main-13/INFO] [mixin/]: Mixing compatibility.create.render_fixes.ChainConveyorRendererMixin from sable-neoforge.mixins.json into com.simibubi.create.content.kinetics.chainConveyor.ChainConveyorRenderer
[10вер.2026 18:56:07.699] [Worker-Main-13/INFO] [mixin/]: Mixing compatibility.create.belt.BeltRendererMixin from sable-neoforge.mixins.json into com.simibubi.create.content.kinetics.belt.BeltRenderer
[10вер.2026 18:56:07.701] [Worker-Main-13/INFO] [mixin/]: Mixing compatibility.create.render_fixes.BeltRendererMixin from sable-neoforge.mixins.json into com.simibubi.create.content.kinetics.belt.BeltRenderer
[10вер.2026 18:56:07.721] [Worker-Main-13/INFO] [mixin/]: Mixing compatibility.create.frogports.FrogportVisualMixin from sable-neoforge.mixins.json into com.simibubi.create.content.logistics.packagePort.frogport.FrogportVisual
[10вер.2026 18:56:07.727] [Worker-Main-13/INFO] [mixin/]: Mixing compatibility.create.frogports.FrogportRendererMixin from sable-neoforge.mixins.json into com.simibubi.create.content.logistics.packagePort.frogport.FrogportRenderer
[10вер.2026 18:56:07.752] [Worker-Main-13/INFO] [mixin/]: Mixing compatibility.create.contraptions.ContraptionControlsRendererMixin from sable-neoforge.mixins.json into com.simibubi.create.content.contraptions.actors.contraptionControls.ContraptionControlsRenderer
[10вер.2026 18:56:07.762] [Worker-Main-13/INFO] [mixin/]: Mixing compatibility.create.behaviour_compatibility.harvester_block_entity.HarvesterRendererMixin from sable-neoforge.mixins.json into com.simibubi.create.content.contraptions.actors.harvester.HarvesterRenderer
[10вер.2026 18:56:07.802] [Worker-Main-13/INFO] [mixin/]: Mixing compatibility.create.depot.DepotRendererMixin from sable-neoforge.mixins.json into com.simibubi.create.content.logistics.depot.DepotRenderer
[10вер.2026 18:56:07.858] [NeoForge Version Check/INFO] [net.neoforged.fml.VersionChecker/]: [create] Found status: OUTDATED Current: 6.0.10 Target: 6.0.10+mc1.21.1
[10вер.2026 18:56:08.085] [Worker-Main-6/WARN] [net.minecraft.client.resources.model.ModelBakery/]: Unable to load model: 'cbc_at:block/twin_autocannon/cast_iron_assembled_vert_twin_autocannon_silencer' referenced from: cbc_at:block/twin_autocannon/cast_iron_assembled_vert_twin_autocannon_silencer: java.io.FileNotFoundException: cbc_at:models/block/twin_autocannon/cast_iron_assembled_vert_twin_autocannon_silencer.json
[10вер.2026 18:56:08.086] [Worker-Main-6/WARN] [net.minecraft.client.resources.model.ModelBakery/]: Unable to load model: 'cbc_at:block/twin_autocannon/cast_iron_assembled_vert_twin_autocannon_muzzle_brake' referenced from: cbc_at:block/twin_autocannon/cast_iron_assembled_vert_twin_autocannon_muzzle_brake: java.io.FileNotFoundException: cbc_at:models/block/twin_autocannon/cast_iron_assembled_vert_twin_autocannon_muzzle_brake.json
[10вер.2026 18:56:08.088] [Worker-Main-6/WARN] [net.minecraft.client.resources.model.BlockStateModelLoader/]: Exception loading blockstate definition: 'cbc_at:blockstates/unbored_cast_iron_rocket_pod_rail.json' missing model for variant: 'cbc_at:unbored_cast_iron_rocket_pod_rail#assembled=true,facing=up,waterlogged=true'
[10вер.2026 18:56:08.088] [Worker-Main-6/WARN] [net.minecraft.client.resources.model.BlockStateModelLoader/]: Exception loading blockstate definition: 'cbc_at:blockstates/unbored_cast_iron_rocket_pod_rail.json' missing model for variant: 'cbc_at:unbored_cast_iron_rocket_pod_rail#assembled=true,facing=down,waterlogged=true'
[10вер.2026 18:56:08.089] [Worker-Main-6/WARN] [net.minecraft.client.resources.model.BlockStateModelLoader/]: Exception loading blockstate definition: 'cbc_at:blockstates/unbored_cast_iron_rocket_pod_rail.json' missing model for variant: 'cbc_at:unbored_cast_iron_rocket_pod_rail#assembled=true,facing=up,waterlogged=false'
[10вер.2026 18:56:08.089] [Worker-Main-6/WARN] [net.minecraft.client.resources.model.BlockStateModelLoader/]: Exception loading blockstate definition: 'cbc_at:blockstates/unbored_cast_iron_rocket_pod_rail.json' missing model for variant: 'cbc_at:unbored_cast_iron_rocket_pod_rail#assembled=true,facing=south,waterlogged=false'
[10вер.2026 18:56:08.089] [Worker-Main-6/WARN] [net.minecraft.client.resources.model.BlockStateModelLoader/]: Exception loading blockstate definition: 'cbc_at:blockstates/unbored_cast_iron_rocket_pod_rail.json' missing model for variant: 'cbc_at:unbored_cast_iron_rocket_pod_rail#assembled=true,facing=west,waterlogged=true'
[10вер.2026 18:56:08.089] [Worker-Main-6/WARN] [net.minecraft.client.resources.model.BlockStateModelLoader/]: Exception loading blockstate definition: 'cbc_at:blockstates/unbored_cast_iron_rocket_pod_rail.json' missing model for variant: 'cbc_at:unbored_cast_iron_rocket_pod_rail#assembled=true,facing=north,waterlogged=false'
[10вер.2026 18:56:08.089] [Worker-Main-6/WARN] [net.minecraft.client.resources.model.BlockStateModelLoader/]: Exception loading blockstate definition: 'cbc_at:blockstates/unbored_cast_iron_rocket_pod_rail.json' missing model for variant: 'cbc_at:unbored_cast_iron_rocket_pod_rail#assembled=true,facing=down,waterlogged=false'
[10вер.2026 18:56:08.089] [Worker-Main-6/WARN] [net.minecraft.client.resources.model.BlockStateModelLoader/]: Exception loading blockstate definition: 'cbc_at:blockstates/unbored_cast_iron_rocket_pod_rail.json' missing model for variant: 'cbc_at:unbored_cast_iron_rocket_pod_rail#assembled=true,facing=east,waterlogged=true'
[10вер.2026 18:56:08.089] [Worker-Main-6/WARN] [net.minecraft.client.resources.model.BlockStateModelLoader/]: Exception loading blockstate definition: 'cbc_at:blockstates/unbored_cast_iron_rocket_pod_rail.json' missing model for variant: 'cbc_at:unbored_cast_iron_rocket_pod_rail#assembled=true,facing=south,waterlogged=true'
[10вер.2026 18:56:08.089] [Worker-Main-6/WARN] [net.minecraft.client.resources.model.BlockStateModelLoader/]: Exception loading blockstate definition: 'cbc_at:blockstates/unbored_cast_iron_rocket_pod_rail.json' missing model for variant: 'cbc_at:unbored_cast_iron_rocket_pod_rail#assembled=true,facing=north,waterlogged=true'
[10вер.2026 18:56:08.089] [Worker-Main-6/WARN] [net.minecraft.client.resources.model.BlockStateModelLoader/]: Exception loading blockstate definition: 'cbc_at:blockstates/unbored_cast_iron_rocket_pod_rail.json' missing model for variant: 'cbc_at:unbored_cast_iron_rocket_pod_rail#assembled=true,facing=east,waterlogged=false'
[10вер.2026 18:56:08.089] [Worker-Main-6/WARN] [net.minecraft.client.resources.model.BlockStateModelLoader/]: Exception loading blockstate definition: 'cbc_at:blockstates/unbored_cast_iron_rocket_pod_rail.json' missing model for variant: 'cbc_at:unbored_cast_iron_rocket_pod_rail#assembled=true,facing=west,waterlogged=false'
[10вер.2026 18:56:08.090] [Worker-Main-6/WARN] [net.minecraft.client.resources.model.BlockStateModelLoader/]: Exception loading blockstate definition: 'cbc_at:blockstates/unbored_bronze_rocket_pod_rail.json' missing model for variant: 'cbc_at:unbored_bronze_rocket_pod_rail#assembled=true,facing=up,waterlogged=false'
[10вер.2026 18:56:08.090] [Worker-Main-6/WARN] [net.minecraft.client.resources.model.BlockStateModelLoader/]: Exception loading blockstate definition: 'cbc_at:blockstates/unbored_bronze_rocket_pod_rail.json' missing model for variant: 'cbc_at:unbored_bronze_rocket_pod_rail#assembled=true,facing=north,waterlogged=false'
[10вер.2026 18:56:08.090] [Worker-Main-6/WARN] [net.minecraft.client.resources.model.BlockStateModelLoader/]: Exception loading blockstate definition: 'cbc_at:blockstates/unbored_bronze_rocket_pod_rail.json' missing model for variant: 'cbc_at:unbored_bronze_rocket_pod_rail#assembled=true,facing=south,waterlogged=true'
[10вер.2026 18:56:08.090] [Worker-Main-6/WARN] [net.minecraft.client.resources.model.BlockStateModelLoader/]: Exception loading blockstate definition: 'cbc_at:blockstates/unbored_bronze_rocket_pod_rail.json' missing model for variant: 'cbc_at:unbored_bronze_rocket_pod_rail#assembled=true,facing=down,waterlogged=true'
[10вер.2026 18:56:08.090] [Worker-Main-6/WARN] [net.minecraft.client.resources.model.BlockStateModelLoader/]: Exception loading blockstate definition: 'cbc_at:blockstates/unbored_bronze_rocket_pod_rail.json' missing model for variant: 'cbc_at:unbored_bronze_rocket_pod_rail#assembled=true,facing=south,waterlogged=false'
[10вер.2026 18:56:08.090] [Worker-Main-6/WARN] [net.minecraft.client.resources.model.BlockStateModelLoader/]: Exception loading blockstate definition: 'cbc_at:blockstates/unbored_bronze_rocket_pod_rail.json' missing model for variant: 'cbc_at:unbored_bronze_rocket_pod_rail#assembled=true,facing=west,waterlogged=true'
[10вер.2026 18:56:08.090] [Worker-Main-6/WARN] [net.minecraft.client.resources.model.BlockStateModelLoader/]: Exception loading blockstate definition: 'cbc_at:blockstates/unbored_bronze_rocket_pod_rail.json' missing model for variant: 'cbc_at:unbored_bronze_rocket_pod_rail#assembled=true,facing=east,waterlogged=true'
[10вер.2026 18:56:08.090] [Worker-Main-6/WARN] [net.minecraft.client.resources.model.BlockStateModelLoader/]: Exception loading blockstate definition: 'cbc_at:blockstates/unbored_bronze_rocket_pod_rail.json' missing model for variant: 'cbc_at:unbored_bronze_rocket_pod_rail#assembled=true,facing=west,waterlogged=false'
[10вер.2026 18:56:08.090] [Worker-Main-6/WARN] [net.minecraft.client.resources.model.BlockStateModelLoader/]: Exception loading blockstate definition: 'cbc_at:blockstates/unbored_bronze_rocket_pod_rail.json' missing model for variant: 'cbc_at:unbored_bronze_rocket_pod_rail#assembled=true,facing=down,waterlogged=false'
[10вер.2026 18:56:08.090] [Worker-Main-6/WARN] [net.minecraft.client.resources.model.BlockStateModelLoader/]: Exception loading blockstate definition: 'cbc_at:blockstates/unbored_bronze_rocket_pod_rail.json' missing model for variant: 'cbc_at:unbored_bronze_rocket_pod_rail#assembled=true,facing=north,waterlogged=true'
[10вер.2026 18:56:08.090] [Worker-Main-6/WARN] [net.minecraft.client.resources.model.BlockStateModelLoader/]: Exception loading blockstate definition: 'cbc_at:blockstates/unbored_bronze_rocket_pod_rail.json' missing model for variant: 'cbc_at:unbored_bronze_rocket_pod_rail#assembled=true,facing=east,waterlogged=false'
[10вер.2026 18:56:08.090] [Worker-Main-6/WARN] [net.minecraft.client.resources.model.BlockStateModelLoader/]: Exception loading blockstate definition: 'cbc_at:blockstates/unbored_bronze_rocket_pod_rail.json' missing model for variant: 'cbc_at:unbored_bronze_rocket_pod_rail#assembled=true,facing=up,waterlogged=true'
[10вер.2026 18:56:08.092] [Worker-Main-6/WARN] [net.minecraft.client.resources.model.ModelBakery/]: Unable to load model: 'cbc_at:block/autocannon/unbored_cast_iron_assembled_autocannon_silencer' referenced from: cbc_at:block/autocannon/unbored_cast_iron_assembled_autocannon_silencer: java.io.FileNotFoundException: cbc_at:models/block/autocannon/unbored_cast_iron_assembled_autocannon_silencer.json
[10вер.2026 18:56:08.094] [Worker-Main-6/WARN] [net.minecraft.client.resources.model.ModelBakery/]: Unable to load model: 'cbc_at:block/autocannon/unbored_bronze_assembled_autocannon_silencer' referenced from: cbc_at:block/autocannon/unbored_bronze_assembled_autocannon_silencer: java.io.FileNotFoundException: cbc_at:models/block/autocannon/unbored_bronze_assembled_autocannon_silencer.json
[10вер.2026 18:56:08.094] [Worker-Main-6/WARN] [net.minecraft.client.resources.model.ModelBakery/]: Unable to load model: 'cbc_at:block/autocannon/unbored_steel_assembled_autocannon_silencer' referenced from: cbc_at:block/autocannon/unbored_steel_assembled_autocannon_silencer: java.io.FileNotFoundException: cbc_at:models/block/autocannon/unbored_steel_assembled_autocannon_silencer.json
[10вер.2026 18:56:08.094] [Worker-Main-6/WARN] [net.minecraft.client.resources.model.ModelBakery/]: Unable to load model: 'cbc_at:block/autocannon/unbored_cast_iron_assembled_autocannon_muzzle_brake' referenced from: cbc_at:block/autocannon/unbored_cast_iron_assembled_autocannon_muzzle_brake: java.io.FileNotFoundException: cbc_at:models/block/autocannon/unbored_cast_iron_assembled_autocannon_muzzle_brake.json
[10вер.2026 18:56:08.095] [Worker-Main-6/WARN] [net.minecraft.client.resources.model.ModelBakery/]: Unable to load model: 'cbc_at:block/autocannon/unbored_bronze_assembled_autocannon_muzzle_brake' referenced from: cbc_at:block/autocannon/unbored_bronze_assembled_autocannon_muzzle_brake: java.io.FileNotFoundException: cbc_at:models/block/autocannon/unbored_bronze_assembled_autocannon_muzzle_brake.json
[10вер.2026 18:56:08.095] [Worker-Main-6/WARN] [net.minecraft.client.resources.model.ModelBakery/]: Unable to load model: 'cbc_at:block/autocannon/unbored_steel_assembled_autocannon_muzzle_brake' referenced from: cbc_at:block/autocannon/unbored_steel_assembled_autocannon_muzzle_brake: java.io.FileNotFoundException: cbc_at:models/block/autocannon/unbored_steel_assembled_autocannon_muzzle_brake.json
[10вер.2026 18:56:08.253] [Worker-Main-6/WARN] [net.minecraft.client.resources.model.ModelBakery/]: Unable to load model: 'cbc_at:block/heavy_autocannon/cast_iron_recoil_spring' referenced from: cbc_at:block/heavy_autocannon/cast_iron_recoil_spring: java.io.FileNotFoundException: cbc_at:models/block/heavy_autocannon/cast_iron_recoil_spring.json
[10вер.2026 18:56:08.253] [Worker-Main-6/WARN] [net.minecraft.client.resources.model.ModelBakery/]: Unable to load model: 'cbc_at:block/heavy_autocannon/steel_recoil_spring' referenced from: cbc_at:block/heavy_autocannon/steel_recoil_spring: java.io.FileNotFoundException: cbc_at:models/block/heavy_autocannon/steel_recoil_spring.json
[10вер.2026 18:56:08.253] [Worker-Main-6/WARN] [net.minecraft.client.resources.model.ModelBakery/]: Unable to load model: 'cbc_at:block/heavy_autocannon/bronze_recoil_spring' referenced from: cbc_at:block/heavy_autocannon/bronze_recoil_spring: java.io.FileNotFoundException: cbc_at:models/block/heavy_autocannon/bronze_recoil_spring.json
[10вер.2026 18:56:08.844] [Worker-Main-6/WARN] [net.minecraft.client.resources.model.ModelManager/]: Missing textures in model cbc_at:built_up_nethersteel_rifled_barrel#facing=up:
    minecraft:textures/atlas/blocks.png:cbc_at:block/built_up_nethersteel_barrel_side
[10вер.2026 18:56:08.844] [Worker-Main-6/WARN] [net.minecraft.client.resources.model.ModelManager/]: Missing textures in model cbc_at:unbored_cast_iron_rocket_pod_rail#assembled=false,facing=north,waterlogged=false:
    minecraft:textures/atlas/blocks.png:cbc_at:block/cast_iron_rocket_pod
[10вер.2026 18:56:08.844] [Worker-Main-6/WARN] [net.minecraft.client.resources.model.ModelManager/]: Missing textures in model cbc_at:unbored_bronze_rocket_pod_breech#facing=up,waterlogged=false:
    minecraft:textures/atlas/blocks.png:cbc_at:block/bronze_rocket_pod
[10вер.2026 18:56:08.844] [Worker-Main-6/WARN] [net.minecraft.client.resources.model.ModelManager/]: Missing textures in model cbc_at:block/twin_autocannon/bronze_recoil_spring#standalone:
    minecraft:textures/atlas/blocks.png:minecraft:0
[10вер.2026 18:56:08.844] [Worker-Main-6/WARN] [net.minecraft.client.resources.model.ModelManager/]: Missing textures in model cbc_at:cast_iron_rocket_pod_rail#assembled=false,facing=up,waterlogged=true:
    minecraft:textures/atlas/blocks.png:cbc_at:block/cast_iron_rocket_pod
[10вер.2026 18:56:08.844] [Worker-Main-6/WARN] [net.minecraft.client.resources.model.ModelManager/]: Missing textures in model cbc_at:bronze_rocket_pod_rail#assembled=false,facing=north,waterlogged=false:
    minecraft:textures/atlas/blocks.png:cbc_at:block/bronze_rocket_pod
[10вер.2026 18:56:08.845] [Worker-Main-6/WARN] [net.minecraft.client.resources.model.ModelManager/]: Missing textures in model cbc_at:unbored_cast_iron_rocket_pod_breech#facing=west,waterlogged=false:
    minecraft:textures/atlas/blocks.png:cbc_at:block/cast_iron_rocket_pod
[10вер.2026 18:56:08.845] [Worker-Main-6/WARN] [net.minecraft.client.resources.model.ModelManager/]: Missing textures in model cbc_at:unbored_cast_iron_rocket_pod_breech#facing=north,waterlogged=true:
    minecraft:textures/atlas/blocks.png:cbc_at:block/cast_iron_rocket_pod
[10вер.2026 18:56:08.845] [Worker-Main-6/WARN] [net.minecraft.client.resources.model.ModelManager/]: Missing textures in model cbc_at:cast_iron_rocket_pod_rail#assembled=false,facing=east,waterlogged=false:
    minecraft:textures/atlas/blocks.png:cbc_at:block/cast_iron_rocket_pod
[10вер.2026 18:56:08.845] [Worker-Main-6/WARN] [net.minecraft.client.resources.model.ModelManager/]: Missing textures in model cbc_at:steel_rocket_pod_rail#assembled=false,facing=west,waterlogged=true:
    minecraft:textures/atlas/blocks.png:cbc_at:block/bronze_rocket_pod
[10вер.2026 18:56:08.845] [Worker-Main-6/WARN] [net.minecraft.client.resources.model.ModelManager/]: Missing textures in model cbc_at:unbored_cast_iron_rocket_pod_breech#inventory:
    minecraft:textures/atlas/blocks.png:cbc_at:block/cast_iron_rocket_pod
[10вер.2026 18:56:08.845] [Worker-Main-6/WARN] [net.minecraft.client.resources.model.ModelManager/]: Missing textures in model cbc_at:bronze_rocket_pod_rail#assembled=true,facing=north,waterlogged=true:
    minecraft:textures/atlas/blocks.png:cbc_at:block/bronze_rocket_pod
[10вер.2026 18:56:08.845] [Worker-Main-6/WARN] [net.minecraft.client.resources.model.ModelManager/]: Missing textures in model cbc_at:steel_rocket_pod_rail#assembled=false,facing=north,waterlogged=false:
    minecraft:textures/atlas/blocks.png:cbc_at:block/bronze_rocket_pod
[10вер.2026 18:56:08.845] [Worker-Main-6/WARN] [net.minecraft.client.resources.model.ModelManager/]: Missing textures in model cbc_at:steel_rocket_pod_rail#inventory:
    minecraft:textures/atlas/blocks.png:cbc_at:block/bronze_rocket_pod
[10вер.2026 18:56:08.845] [Worker-Main-6/WARN] [net.minecraft.client.resources.model.ModelManager/]: Missing textures in model cbc_at:unbored_bronze_fume_extractor#facing=down:
    minecraft:textures/atlas/blocks.png:minecraft:bronze_cannon_barrel_side
[10вер.2026 18:56:08.845] [Worker-Main-6/WARN] [net.minecraft.client.resources.model.ModelManager/]: Missing textures in model cbc_at:bronze_rocket_pod_breech#inventory:
    minecraft:textures/atlas/blocks.png:cbc_at:block/bronze_rocket_pod
[10вер.2026 18:56:08.845] [Worker-Main-6/WARN] [net.minecraft.client.resources.model.ModelManager/]: Missing textures in model cbc_at:unbored_steel_rocket_pod_breech#facing=west,waterlogged=true:
    minecraft:textures/atlas/blocks.png:cbc_at:block/bronze_rocket_pod
[10вер.2026 18:56:08.845] [Worker-Main-6/WARN] [net.minecraft.client.resources.model.ModelManager/]: Missing textures in model cbc_at:unbored_cast_iron_rocket_pod_rail#assembled=false,facing=south,waterlogged=false:
    minecraft:textures/atlas/blocks.png:cbc_at:block/cast_iron_rocket_pod
[10вер.2026 18:56:08.845] [Worker-Main-6/WARN] [net.minecraft.client.resources.model.ModelManager/]: Missing textures in model cbc_at:steel_rocket_pod_rail#assembled=false,facing=south,waterlogged=true:
    minecraft:textures/atlas/blocks.png:cbc_at:block/bronze_rocket_pod
[10вер.2026 18:56:08.845] [Worker-Main-6/WARN] [net.minecraft.client.resources.model.ModelManager/]: Missing textures in model cbc_at:unbored_steel_rocket_pod_breech#facing=east,waterlogged=false:
    minecraft:textures/atlas/blocks.png:cbc_at:block/bronze_rocket_pod
[10вер.2026 18:56:08.845] [Worker-Main-6/WARN] [net.minecraft.client.resources.model.ModelManager/]: Missing textures in model cbc_at:cast_iron_rocket_pod_rail#assembled=true,facing=up,waterlogged=false:
    minecraft:textures/atlas/blocks.png:cbc_at:block/cast_iron_rocket_pod
[10вер.2026 18:56:08.845] [Worker-Main-6/WARN] [net.minecraft.client.resources.model.ModelManager/]: Missing textures in model cbc_at:bronze_rocket_pod_rail#assembled=true,facing=down,waterlogged=true:
    minecraft:textures/atlas/blocks.png:cbc_at:block/bronze_rocket_pod
[10вер.2026 18:56:08.845] [Worker-Main-6/WARN] [net.minecraft.client.resources.model.ModelManager/]: Missing textures in model cbc_at:cast_iron_rocket_pod_rail#assembled=true,facing=south,waterlogged=false:
    minecraft:textures/atlas/blocks.png:cbc_at:block/cast_iron_rocket_pod
[10вер.2026 18:56:08.845] [Worker-Main-6/WARN] [net.minecraft.client.resources.model.ModelManager/]: Missing textures in model cbc_at:unbored_steel_rocket_pod_rail#assembled=false,facing=east,waterlogged=false:
    minecraft:textures/atlas/blocks.png:cbc_at:block/bronze_rocket_pod
[10вер.2026 18:56:08.845] [Worker-Main-6/WARN] [net.minecraft.client.resources.model.ModelManager/]: Missing textures in model cbc_at:bronze_rocket_pod_rail#inventory:
    minecraft:textures/atlas/blocks.png:cbc_at:block/bronze_rocket_pod
[10вер.2026 18:56:08.845] [Worker-Main-6/WARN] [net.minecraft.client.resources.model.ModelManager/]: Missing textures in model cbc_at:cast_iron_rocket_pod_breech#facing=east,waterlogged=true:
    minecraft:textures/atlas/blocks.png:cbc_at:block/cast_iron_rocket_pod
[10вер.2026 18:56:08.845] [Worker-Main-6/WARN] [net.minecraft.client.resources.model.ModelManager/]: Missing textures in model cbc_at:bronze_rocket_pod_rail#assembled=false,facing=south,waterlogged=true:
    minecraft:textures/atlas/blocks.png:cbc_at:block/bronze_rocket_pod
[10вер.2026 18:56:08.846] [Worker-Main-6/WARN] [net.minecraft.client.resources.model.ModelManager/]: Missing textures in model cbc_at:unbored_bronze_fume_extractor#facing=west:
    minecraft:textures/atlas/blocks.png:minecraft:bronze_cannon_barrel_side
[10вер.2026 18:56:08.846] [Worker-Main-6/WARN] [net.minecraft.client.resources.model.ModelManager/]: Missing textures in model cbc_at:bronze_rocket_pod_rail#assembled=false,facing=down,waterlogged=true:
    minecraft:textures/atlas/blocks.png:cbc_at:block/bronze_rocket_pod
[10вер.2026 18:56:08.846] [Worker-Main-6/WARN] [net.minecraft.client.resources.model.ModelManager/]: Missing textures in model cbc_at:unbored_steel_rocket_pod_breech#facing=down,waterlogged=true:
    minecraft:textures/atlas/blocks.png:cbc_at:block/bronze_rocket_pod
[10вер.2026 18:56:08.846] [Worker-Main-6/WARN] [net.minecraft.client.resources.model.ModelManager/]: Missing textures in model cbc_at:unbored_bronze_fume_extractor#facing=north:
    minecraft:textures/atlas/blocks.png:minecraft:bronze_cannon_barrel_side
[10вер.2026 18:56:08.846] [Worker-Main-6/WARN] [net.minecraft.client.resources.model.ModelManager/]: Missing textures in model cbc_at:steel_rocket_pod_rail#assembled=false,facing=down,waterlogged=false:
    minecraft:textures/atlas/blocks.png:cbc_at:block/bronze_rocket_pod
[10вер.2026 18:56:08.846] [Worker-Main-6/WARN] [net.minecraft.client.resources.model.ModelManager/]: Missing textures in model cbc_at:unbored_cast_iron_rocket_pod_breech#facing=up,waterlogged=true:
    minecraft:textures/atlas/blocks.png:cbc_at:block/cast_iron_rocket_pod
[10вер.2026 18:56:08.846] [Worker-Main-6/WARN] [net.minecraft.client.resources.model.ModelManager/]: Missing textures in model cbc_at:heavy_autocannon_qfbreech_mould#inventory:
    minecraft:textures/atlas/blocks.png:minecraft:cast_mould
[10вер.2026 18:56:08.846] [Worker-Main-6/WARN] [net.minecraft.client.resources.model.ModelManager/]: Missing textures in model cbc_at:steel_rocket_pod_breech#facing=south,waterlogged=false:
    minecraft:textures/atlas/blocks.png:cbc_at:block/bronze_rocket_pod
[10вер.2026 18:56:08.846] [Worker-Main-6/WARN] [net.minecraft.client.resources.model.ModelManager/]: Missing textures in model cbc_at:cast_iron_rocket_pod_rail#inventory:
    minecraft:textures/atlas/blocks.png:cbc_at:block/cast_iron_rocket_pod
[10вер.2026 18:56:08.846] [Worker-Main-6/WARN] [net.minecraft.client.resources.model.ModelManager/]: Missing textures in model cbc_at:unbored_bronze_fume_extractor#inventory:
    minecraft:textures/atlas/blocks.png:minecraft:bronze_cannon_barrel_side
[10вер.2026 18:56:08.846] [Worker-Main-6/WARN] [net.minecraft.client.resources.model.ModelManager/]: Missing textures in model cbc_at:bronze_rocket_pod_breech#facing=west,waterlogged=false:
    minecraft:textures/atlas/blocks.png:cbc_at:block/bronze_rocket_pod
[10вер.2026 18:56:08.846] [Worker-Main-6/WARN] [net.minecraft.client.resources.model.ModelManager/]: Missing textures in model cbc_at:steel_rocket_pod_rail#assembled=false,facing=up,waterlogged=false:
    minecraft:textures/atlas/blocks.png:cbc_at:block/bronze_rocket_pod
[10вер.2026 18:56:08.846] [Worker-Main-6/WARN] [net.minecraft.client.resources.model.ModelManager/]: Missing textures in model cbc_at:bronze_rocket_pod_breech#facing=north,waterlogged=false:
    minecraft:textures/atlas/blocks.png:cbc_at:block/bronze_rocket_pod
[10вер.2026 18:56:08.846] [Worker-Main-6/WARN] [net.minecraft.client.resources.model.ModelManager/]: Missing textures in model cbc_at:unbored_bronze_rocket_pod_breech#facing=west,waterlogged=false:
    minecraft:textures/atlas/blocks.png:cbc_at:block/bronze_rocket_pod
[10вер.2026 18:56:08.846] [Worker-Main-6/WARN] [net.minecraft.client.resources.model.ModelManager/]: Missing textures in model cbc_at:unbored_steel_rocket_pod_rail#inventory:
    minecraft:textures/atlas/blocks.png:cbc_at:block/bronze_rocket_pod
[10вер.2026 18:56:08.846] [Worker-Main-6/WARN] [net.minecraft.client.resources.model.ModelManager/]: Missing textures in model cbc_at:cast_iron_rocket_pod_rail#assembled=false,facing=down,waterlogged=true:
    minecraft:textures/atlas/blocks.png:cbc_at:block/cast_iron_rocket_pod
[10вер.2026 18:56:08.846] [Worker-Main-6/WARN] [net.minecraft.client.resources.model.ModelManager/]: Missing textures in model cbc_at:bronze_fume_extractor#inventory:
    minecraft:textures/atlas/blocks.png:minecraft:bronze_cannon_barrel_side
[10вер.2026 18:56:08.846] [Worker-Main-6/WARN] [net.minecraft.client.resources.model.ModelManager/]: Missing textures in model cbc_at:bronze_rocket_pod_breech#facing=down,waterlogged=true:
    minecraft:textures/atlas/blocks.png:cbc_at:block/bronze_rocket_pod
[10вер.2026 18:56:08.846] [Worker-Main-6/WARN] [net.minecraft.client.resources.model.ModelManager/]: Missing textures in model cbc_at:unbored_bronze_rocket_pod_rail#assembled=false,facing=south,waterlogged=true:
    minecraft:textures/atlas/blocks.png:cbc_at:block/bronze_rocket_pod
[10вер.2026 18:56:08.846] [Worker-Main-6/WARN] [net.minecraft.client.resources.model.ModelManager/]: Missing textures in model cbc_at:bronze_rocket_pod_breech#facing=south,waterlogged=true:
    minecraft:textures/atlas/blocks.png:cbc_at:block/bronze_rocket_pod
[10вер.2026 18:56:08.846] [Worker-Main-6/WARN] [net.minecraft.client.resources.model.ModelManager/]: Missing textures in model cbc_at:steel_rocket_pod_breech#facing=down,waterlogged=false:
    minecraft:textures/atlas/blocks.png:cbc_at:block/bronze_rocket_pod
[10вер.2026 18:56:08.847] [Worker-Main-6/WARN] [net.minecraft.client.resources.model.ModelManager/]: Missing textures in model cbc_at:cast_iron_rocket_pod_breech#facing=west,waterlogged=true:
    minecraft:textures/atlas/blocks.png:cbc_at:block/cast_iron_rocket_pod
[10вер.2026 18:56:08.847] [Worker-Main-6/WARN] [net.minecraft.client.resources.model.ModelManager/]: Missing textures in model cbc_at:cast_iron_rocket_pod_rail#assembled=true,facing=west,waterlogged=true:
    minecraft:textures/atlas/blocks.png:cbc_at:block/cast_iron_rocket_pod
[10вер.2026 18:56:08.847] [Worker-Main-6/WARN] [net.minecraft.client.resources.model.ModelManager/]: Missing textures in model cbc_at:cast_iron_rocket_pod_breech#inventory:
    minecraft:textures/atlas/blocks.png:cbc_at:block/cast_iron_rocket_pod
[10вер.2026 18:56:08.847] [Worker-Main-6/WARN] [net.minecraft.client.resources.model.ModelManager/]: Missing textures in model cbc_at:bronze_rocket_pod_rail#assembled=true,facing=west,waterlogged=true:
    minecraft:textures/atlas/blocks.png:cbc_at:block/bronze_rocket_pod
[10вер.2026 18:56:08.847] [Worker-Main-6/WARN] [net.minecraft.client.resources.model.ModelManager/]: Missing textures in model cbc_at:unbored_bronze_rocket_pod_breech#inventory:
    minecraft:textures/atlas/blocks.png:cbc_at:block/bronze_rocket_pod
[10вер.2026 18:56:08.847] [Worker-Main-6/WARN] [net.minecraft.client.resources.model.ModelManager/]: Missing textures in model cbc_at:unbored_cast_iron_rocket_pod_rail#assembled=false,facing=east,waterlogged=true:
    minecraft:textures/atlas/blocks.png:cbc_at:block/cast_iron_rocket_pod
[10вер.2026 18:56:08.847] [Worker-Main-6/WARN] [net.minecraft.client.resources.model.ModelManager/]: Missing textures in model cbc_at:unbored_bronze_fume_extractor#facing=east:
    minecraft:textures/atlas/blocks.png:minecraft:bronze_cannon_barrel_side
[10вер.2026 18:56:08.847] [Worker-Main-6/WARN] [net.minecraft.client.resources.model.ModelManager/]: Missing textures in model cbc_at:steel_rocket_pod_breech#facing=north,waterlogged=true:
    minecraft:textures/atlas/blocks.png:cbc_at:block/bronze_rocket_pod
[10вер.2026 18:56:08.847] [Worker-Main-6/WARN] [net.minecraft.client.resources.model.ModelManager/]: Missing textures in model cbc_at:unbored_bronze_rocket_pod_rail#assembled=false,facing=down,waterlogged=false:
    minecraft:textures/atlas/blocks.png:cbc_at:block/bronze_rocket_pod
[10вер.2026 18:56:08.847] [Worker-Main-6/WARN] [net.minecraft.client.resources.model.ModelManager/]: Missing textures in model cbc_at:unbored_steel_rocket_pod_rail#assembled=true,facing=south,waterlogged=true:
    minecraft:textures/atlas/blocks.png:cbc_at:block/bronze_rocket_pod
[10вер.2026 18:56:08.847] [Worker-Main-6/WARN] [net.minecraft.client.resources.model.ModelManager/]: Missing textures in model cbc_at:unbored_bronze_rocket_pod_breech#facing=south,waterlogged=false:
    minecraft:textures/atlas/blocks.png:cbc_at:block/bronze_rocket_pod
[10вер.2026 18:56:08.847] [Worker-Main-6/WARN] [net.minecraft.client.resources.model.ModelManager/]: Missing textures in model cbc_at:cast_iron_rocket_pod_rail#assembled=false,facing=south,waterlogged=false:
    minecraft:textures/atlas/blocks.png:cbc_at:block/cast_iron_rocket_pod
[10вер.2026 18:56:08.847] [Worker-Main-6/WARN] [net.minecraft.client.resources.model.ModelManager/]: Missing textures in model cbc_at:unbored_steel_rocket_pod_breech#facing=south,waterlogged=true:
    minecraft:textures/atlas/blocks.png:cbc_at:block/bronze_rocket_pod
[10вер.2026 18:56:08.847] [Worker-Main-6/WARN] [net.minecraft.client.resources.model.ModelManager/]: Missing textures in model cbc_at:steel_rocket_pod_rail#assembled=true,facing=east,waterlogged=true:
    minecraft:textures/atlas/blocks.png:cbc_at:block/bronze_rocket_pod
[10вер.2026 18:56:08.847] [Worker-Main-6/WARN] [net.minecraft.client.resources.model.ModelManager/]: Missing textures in model cbc_at:unbored_steel_rocket_pod_breech#inventory:
    minecraft:textures/atlas/blocks.png:cbc_at:block/bronze_rocket_pod
[10вер.2026 18:56:08.847] [Worker-Main-6/WARN] [net.minecraft.client.resources.model.ModelManager/]: Missing textures in model cbc_at:steel_rocket_pod_breech#facing=west,waterlogged=false:
    minecraft:textures/atlas/blocks.png:cbc_at:block/bronze_rocket_pod
[10вер.2026 18:56:08.847] [Worker-Main-6/WARN] [net.minecraft.client.resources.model.ModelManager/]: Missing textures in model cbc_at:wrought_iron_medium_rocket_rail_breech#inventory:
    minecraft:textures/atlas/blocks.png:cbc_at:block/bronze_medium_rocket_rail
[10вер.2026 18:56:08.848] [Worker-Main-6/WARN] [net.minecraft.client.resources.model.ModelManager/]: Missing textures in model cbc_at:heavy_autocannon_empty_cartridge#inventory:
    minecraft:textures/atlas/blocks.png:minecraft:cartridge_side
[10вер.2026 18:56:08.848] [Worker-Main-6/WARN] [net.minecraft.client.resources.model.ModelManager/]: Missing textures in model cbc_at:unbored_bronze_rocket_pod_rail#assembled=false,facing=up,waterlogged=true:
    minecraft:textures/atlas/blocks.png:cbc_at:block/bronze_rocket_pod
[10вер.2026 18:56:08.848] [Worker-Main-6/WARN] [net.minecraft.client.resources.model.ModelManager/]: Missing textures in model cbc_at:unbored_steel_rocket_pod_rail#assembled=false,facing=west,waterlogged=false:
    minecraft:textures/atlas/blocks.png:cbc_at:block/bronze_rocket_pod
[10вер.2026 18:56:08.848] [Worker-Main-6/WARN] [net.minecraft.client.resources.model.ModelManager/]: Missing textures in model cbc_at:unbored_steel_rocket_pod_rail#assembled=false,facing=down,waterlogged=true:
    minecraft:textures/atlas/blocks.png:cbc_at:block/bronze_rocket_pod
[10вер.2026 18:56:08.848] [Worker-Main-6/WARN] [net.minecraft.client.resources.model.ModelManager/]: Missing textures in model cbc_at:bronze_rocket_pod_rail#assembled=true,facing=east,waterlogged=true:
    minecraft:textures/atlas/blocks.png:cbc_at:block/bronze_rocket_pod
[10вер.2026 18:56:08.848] [Worker-Main-6/WARN] [net.minecraft.client.resources.model.ModelManager/]: Missing textures in model cbc_at:steel_rocket_pod_rail#assembled=true,facing=down,waterlogged=false:
    minecraft:textures/atlas/blocks.png:cbc_at:block/bronze_rocket_pod
[10вер.2026 18:56:08.848] [Worker-Main-6/WARN] [net.minecraft.client.resources.model.ModelManager/]: Missing textures in model cbc_at:unbored_bronze_rocket_pod_rail#assembled=false,facing=east,waterlogged=true:
    minecraft:textures/atlas/blocks.png:cbc_at:block/bronze_rocket_pod
[10вер.2026 18:56:08.848] [Worker-Main-6/WARN] [net.minecraft.client.resources.model.ModelManager/]: Missing textures in model cbc_at:bronze_rocket_pod_rail#assembled=true,facing=up,waterlogged=false:
    minecraft:textures/atlas/blocks.png:cbc_at:block/bronze_rocket_pod
[10вер.2026 18:56:08.848] [Worker-Main-6/WARN] [net.minecraft.client.resources.model.ModelManager/]: Missing textures in model cbc_at:steel_rocket_pod_breech#inventory:
    minecraft:textures/atlas/blocks.png:cbc_at:block/bronze_rocket_pod
[10вер.2026 18:56:08.848] [Worker-Main-6/WARN] [net.minecraft.client.resources.model.ModelManager/]: Missing textures in model cbc_at:unbored_steel_rocket_pod_breech#facing=north,waterlogged=true:
    minecraft:textures/atlas/blocks.png:cbc_at:block/bronze_rocket_pod
[10вер.2026 18:56:08.848] [Worker-Main-6/WARN] [net.minecraft.client.resources.model.ModelManager/]: Missing textures in model cbc_at:unbored_steel_rocket_pod_rail#assembled=false,facing=north,waterlogged=true:
    minecraft:textures/atlas/blocks.png:cbc_at:block/bronze_rocket_pod
[10вер.2026 18:56:08.848] [Worker-Main-6/WARN] [net.minecraft.client.resources.model.ModelManager/]: Missing textures in model cbc_at:unbored_bronze_rocket_pod_breech#facing=east,waterlogged=true:
    minecraft:textures/atlas/blocks.png:cbc_at:block/bronze_rocket_pod
[10вер.2026 18:56:08.848] [Worker-Main-6/WARN] [net.minecraft.client.resources.model.ModelManager/]: Missing textures in model cbc_at:unbored_steel_rocket_pod_rail#assembled=false,facing=south,waterlogged=false:
    minecraft:textures/atlas/blocks.png:cbc_at:block/bronze_rocket_pod
[10вер.2026 18:56:08.848] [Worker-Main-6/WARN] [net.minecraft.client.resources.model.ModelManager/]: Missing textures in model cbc_at:unbored_bronze_fume_extractor#facing=south:
    minecraft:textures/atlas/blocks.png:minecraft:bronze_cannon_barrel_side
[10вер.2026 18:56:08.848] [Worker-Main-6/WARN] [net.minecraft.client.resources.model.ModelManager/]: Missing textures in model cbc_at:bronze_rocket_pod_rail#assembled=false,facing=east,waterlogged=true:
    minecraft:textures/atlas/blocks.png:cbc_at:block/bronze_rocket_pod
[10вер.2026 18:56:08.848] [Worker-Main-6/WARN] [net.minecraft.client.resources.model.ModelManager/]: Missing textures in model cbc_at:unbored_bronze_rocket_pod_breech#facing=north,waterlogged=true:
    minecraft:textures/atlas/blocks.png:cbc_at:block/bronze_rocket_pod
[10вер.2026 18:56:08.848] [Worker-Main-6/WARN] [net.minecraft.client.resources.model.ModelManager/]: Missing textures in model cbc_at:bronze_rocket_pod_breech#facing=east,waterlogged=false:
    minecraft:textures/atlas/blocks.png:cbc_at:block/bronze_rocket_pod
[10вер.2026 18:56:08.848] [Worker-Main-6/WARN] [net.minecraft.client.resources.model.ModelManager/]: Missing textures in model cbc_at:built_up_nethersteel_rifled_barrel#facing=east:
    minecraft:textures/atlas/blocks.png:cbc_at:block/built_up_nethersteel_barrel_side
[10вер.2026 18:56:08.848] [Worker-Main-6/WARN] [net.minecraft.client.resources.model.ModelManager/]: Missing textures in model cbc_at:block/twin_autocannon/cast_iron_vert_recoil_spring#standalone:
    minecraft:textures/atlas/blocks.png:minecraft:0
[10вер.2026 18:56:08.848] [Worker-Main-6/WARN] [net.minecraft.client.resources.model.ModelManager/]: Missing textures in model cbc_at:steel_rocket_pod_rail#assembled=true,facing=up,waterlogged=false:
    minecraft:textures/atlas/blocks.png:cbc_at:block/bronze_rocket_pod
[10вер.2026 18:56:08.848] [Worker-Main-6/WARN] [net.minecraft.client.resources.model.ModelManager/]: Missing textures in model cbc_at:bronze_rocket_pod_rail#assembled=false,facing=up,waterlogged=true:
    minecraft:textures/atlas/blocks.png:cbc_at:block/bronze_rocket_pod
[10вер.2026 18:56:08.848] [Worker-Main-6/WARN] [net.minecraft.client.resources.model.ModelManager/]: Missing textures in model cbc_at:unbored_bronze_fume_extractor#facing=up:
    minecraft:textures/atlas/blocks.png:minecraft:bronze_cannon_barrel_side
[10вер.2026 18:56:08.848] [Worker-Main-6/WARN] [net.minecraft.client.resources.model.ModelManager/]: Missing textures in model cbc_at:unbored_cast_iron_rocket_pod_rail#assembled=false,facing=down,waterlogged=false:
    minecraft:textures/atlas/blocks.png:cbc_at:block/cast_iron_rocket_pod
[10вер.2026 18:56:08.848] [Worker-Main-6/WARN] [net.minecraft.client.resources.model.ModelManager/]: Missing textures in model cbc_at:unbored_cast_iron_rocket_pod_rail#assembled=false,facing=up,waterlogged=true:
    minecraft:textures/atlas/blocks.png:cbc_at:block/cast_iron_rocket_pod
[10вер.2026 18:56:08.848] [Worker-Main-6/WARN] [net.minecraft.client.resources.model.ModelManager/]: Missing textures in model cbc_at:bronze_rocket_pod_breech#facing=up,waterlogged=true:
    minecraft:textures/atlas/blocks.png:cbc_at:block/bronze_rocket_pod
[10вер.2026 18:56:08.848] [Worker-Main-6/WARN] [net.minecraft.client.resources.model.ModelManager/]: Missing textures in model cbc_at:steel_rocket_pod_breech#facing=up,waterlogged=false:
    minecraft:textures/atlas/blocks.png:cbc_at:block/bronze_rocket_pod
[10вер.2026 18:56:08.848] [Worker-Main-6/WARN] [net.minecraft.client.resources.model.ModelManager/]: Missing textures in model cbc_at:unbored_cast_iron_rocket_pod_breech#facing=down,waterlogged=true:
    minecraft:textures/atlas/blocks.png:cbc_at:block/cast_iron_rocket_pod
[10вер.2026 18:56:08.848] [Worker-Main-6/WARN] [net.minecraft.client.resources.model.ModelManager/]: Missing textures in model cbc_at:unbored_cast_iron_rocket_pod_breech#facing=south,waterlogged=false:
    minecraft:textures/atlas/blocks.png:cbc_at:block/cast_iron_rocket_pod
[10вер.2026 18:56:08.848] [Worker-Main-6/WARN] [net.minecraft.client.resources.model.ModelManager/]: Missing textures in model cbc_at:wrought_iron_medium_rocket_rail#inventory:
    minecraft:textures/atlas/blocks.png:cbc_at:block/bronze_medium_rocket_rail
[10вер.2026 18:56:08.848] [Worker-Main-6/WARN] [net.minecraft.client.resources.model.ModelManager/]: Missing textures in model cbc_at:cast_iron_rocket_pod_breech#facing=south,waterlogged=true:
    minecraft:textures/atlas/blocks.png:cbc_at:block/cast_iron_rocket_pod
[10вер.2026 18:56:08.848] [Worker-Main-6/WARN] [net.minecraft.client.resources.model.ModelManager/]: Missing textures in model cbc_at:unbored_bronze_rocket_pod_rail#assembled=false,facing=west,waterlogged=true:
    minecraft:textures/atlas/blocks.png:cbc_at:block/bronze_rocket_pod
[10вер.2026 18:56:08.848] [Worker-Main-6/WARN] [net.minecraft.client.resources.model.ModelManager/]: Missing textures in model cbc_at:unbored_steel_rocket_pod_rail#assembled=true,facing=west,waterlogged=true:
    minecraft:textures/atlas/blocks.png:cbc_at:block/bronze_rocket_pod
[10вер.2026 18:56:08.848] [Worker-Main-6/WARN] [net.minecraft.client.resources.model.ModelManager/]: Missing textures in model cbc_at:built_up_nethersteel_rifled_barrel#facing=down:
    minecraft:textures/atlas/blocks.png:cbc_at:block/built_up_nethersteel_barrel_side
[10вер.2026 18:56:08.848] [Worker-Main-6/WARN] [net.minecraft.client.resources.model.ModelManager/]: Missing textures in model cbc_at:cast_iron_rocket_pod_breech#facing=up,waterlogged=false:
    minecraft:textures/atlas/blocks.png:cbc_at:block/cast_iron_rocket_pod
[10вер.2026 18:56:08.848] [Worker-Main-6/WARN] [net.minecraft.client.resources.model.ModelManager/]: Missing textures in model cbc_at:cast_iron_rocket_pod_rail#assembled=true,facing=east,waterlogged=false:
    minecraft:textures/atlas/blocks.png:cbc_at:block/cast_iron_rocket_pod
[10вер.2026 18:56:08.849] [Worker-Main-6/WARN] [net.minecraft.client.resources.model.ModelManager/]: Missing textures in model cbc_at:cast_iron_rocket_pod_breech#facing=down,waterlogged=false:
    minecraft:textures/atlas/blocks.png:cbc_at:block/cast_iron_rocket_pod
[10вер.2026 18:56:08.849] [Worker-Main-6/WARN] [net.minecraft.client.resources.model.ModelManager/]: Missing textures in model cbc_at:unbored_bronze_rocket_pod_rail#inventory:
    minecraft:textures/atlas/blocks.png:cbc_at:block/bronze_rocket_pod
[10вер.2026 18:56:08.849] [Worker-Main-6/WARN] [net.minecraft.client.resources.model.ModelManager/]: Missing textures in model cbc_at:bronze_rocket_pod_rail#assembled=false,facing=west,waterlogged=true:
    minecraft:textures/atlas/blocks.png:cbc_at:block/bronze_rocket_pod
[10вер.2026 18:56:08.849] [Worker-Main-6/WARN] [net.minecraft.client.resources.model.ModelManager/]: Missing textures in model cbc_at:unbored_bronze_rocket_pod_breech#facing=down,waterlogged=false:
    minecraft:textures/atlas/blocks.png:cbc_at:block/bronze_rocket_pod
[10вер.2026 18:56:08.849] [Worker-Main-6/WARN] [net.minecraft.client.resources.model.ModelManager/]: Missing textures in model cbc_at:cast_iron_rocket_pod_rail#assembled=true,facing=down,waterlogged=true:
    minecraft:textures/atlas/blocks.png:cbc_at:block/cast_iron_rocket_pod
[10вер.2026 18:56:08.849] [Worker-Main-6/WARN] [net.minecraft.client.resources.model.ModelManager/]: Missing textures in model cbc_at:unbored_steel_rocket_pod_breech#facing=up,waterlogged=true:
    minecraft:textures/atlas/blocks.png:cbc_at:block/bronze_rocket_pod
[10вер.2026 18:56:08.849] [Worker-Main-6/WARN] [net.minecraft.client.resources.model.ModelManager/]: Missing textures in model cbc_at:cast_iron_rocket_pod_rail#assembled=true,facing=north,waterlogged=true:
    minecraft:textures/atlas/blocks.png:cbc_at:block/cast_iron_rocket_pod
[10вер.2026 18:56:08.849] [Worker-Main-6/WARN] [net.minecraft.client.resources.model.ModelManager/]: Missing textures in model cbc_at:unbored_cast_iron_rocket_pod_rail#inventory:
    minecraft:textures/atlas/blocks.png:cbc_at:block/cast_iron_rocket_pod
[10вер.2026 18:56:08.849] [Worker-Main-6/WARN] [net.minecraft.client.resources.model.ModelManager/]: Missing textures in model cbc_at:unbored_steel_rocket_pod_rail#assembled=false,facing=up,waterlogged=false:
    minecraft:textures/atlas/blocks.png:cbc_at:block/bronze_rocket_pod
[10вер.2026 18:56:08.849] [Worker-Main-6/WARN] [net.minecraft.client.resources.model.ModelManager/]: Missing textures in model cbc_at:built_up_nethersteel_rifled_barrel#inventory:
    minecraft:textures/atlas/blocks.png:cbc_at:block/built_up_nethersteel_barrel_side
[10вер.2026 18:56:08.849] [Worker-Main-6/WARN] [net.minecraft.client.resources.model.ModelManager/]: Missing textures in model cbc_at:block/twin_autocannon/bronze_vert_recoil_spring#standalone:
    minecraft:textures/atlas/blocks.png:minecraft:0
[10вер.2026 18:56:08.849] [Worker-Main-6/WARN] [net.minecraft.client.resources.model.ModelManager/]: Missing textures in model cbc_at:bronze_rocket_pod_rail#assembled=true,facing=south,waterlogged=false:
    minecraft:textures/atlas/blocks.png:cbc_at:block/bronze_rocket_pod
[10вер.2026 18:56:08.849] [Worker-Main-6/WARN] [net.minecraft.client.resources.model.ModelManager/]: Missing textures in model cbc_at:cast_iron_rocket_pod_breech#facing=north,waterlogged=false:
    minecraft:textures/atlas/blocks.png:cbc_at:block/cast_iron_rocket_pod
[10вер.2026 18:56:08.849] [Worker-Main-6/WARN] [net.minecraft.client.resources.model.ModelManager/]: Missing textures in model cbc_at:unbored_cast_iron_rocket_pod_breech#facing=east,waterlogged=false:
    minecraft:textures/atlas/blocks.png:cbc_at:block/cast_iron_rocket_pod
[10вер.2026 18:56:08.849] [Worker-Main-6/WARN] [net.minecraft.client.resources.model.ModelManager/]: Missing textures in model cbc_at:built_up_nethersteel_rifled_barrel#facing=south:
    minecraft:textures/atlas/blocks.png:cbc_at:block/built_up_nethersteel_barrel_side
[10вер.2026 18:56:08.849] [Worker-Main-6/WARN] [net.minecraft.client.resources.model.ModelManager/]: Missing textures in model cbc_at:steel_rocket_pod_rail#assembled=false,facing=east,waterlogged=true:
    minecraft:textures/atlas/blocks.png:cbc_at:block/bronze_rocket_pod
[10вер.2026 18:56:08.849] [Worker-Main-6/WARN] [net.minecraft.client.resources.model.ModelManager/]: Missing textures in model cbc_at:unbored_bronze_rocket_pod_rail#assembled=false,facing=north,waterlogged=false:
    minecraft:textures/atlas/blocks.png:cbc_at:block/bronze_rocket_pod
[10вер.2026 18:56:08.849] [Worker-Main-6/WARN] [net.minecraft.client.resources.model.ModelManager/]: Missing textures in model cbc_at:cast_iron_rocket_pod_rail#assembled=false,facing=west,waterlogged=true:
    minecraft:textures/atlas/blocks.png:cbc_at:block/cast_iron_rocket_pod
[10вер.2026 18:56:08.849] [Worker-Main-6/WARN] [net.minecraft.client.resources.model.ModelManager/]: Missing textures in model cbc_at:steel_rocket_pod_breech#facing=east,waterlogged=true:
    minecraft:textures/atlas/blocks.png:cbc_at:block/bronze_rocket_pod
[10вер.2026 18:56:08.849] [Worker-Main-6/WARN] [net.minecraft.client.resources.model.ModelManager/]: Missing textures in model cbc_at:cast_iron_rocket_pod_rail#assembled=false,facing=north,waterlogged=false:
    minecraft:textures/atlas/blocks.png:cbc_at:block/cast_iron_rocket_pod
[10вер.2026 18:56:08.849] [Worker-Main-6/WARN] [net.minecraft.client.resources.model.ModelManager/]: Missing textures in model cbc_at:built_up_nethersteel_rifled_barrel#facing=west:
    minecraft:textures/atlas/blocks.png:cbc_at:block/built_up_nethersteel_barrel_side
[10вер.2026 18:56:08.849] [Worker-Main-6/WARN] [net.minecraft.client.resources.model.ModelManager/]: Missing textures in model cbc_at:block/twin_autocannon/cast_iron_recoil_spring#standalone:
    minecraft:textures/atlas/blocks.png:minecraft:0
[10вер.2026 18:56:08.849] [Worker-Main-6/WARN] [net.minecraft.client.resources.model.ModelManager/]: Missing textures in model cbc_at:built_up_nethersteel_rifled_barrel#facing=north:
    minecraft:textures/atlas/blocks.png:cbc_at:block/built_up_nethersteel_barrel_side
[10вер.2026 18:56:08.849] [Worker-Main-6/WARN] [net.minecraft.client.resources.model.ModelManager/]: Missing textures in model cbc_at:unbored_steel_rocket_pod_rail#assembled=true,facing=north,waterlogged=false:
    minecraft:textures/atlas/blocks.png:cbc_at:block/bronze_rocket_pod
[10вер.2026 18:56:08.849] [Worker-Main-6/WARN] [net.minecraft.client.resources.model.ModelManager/]: Missing textures in model cbc_at:unbored_cast_iron_rocket_pod_rail#assembled=false,facing=west,waterlogged=false:
    minecraft:textures/atlas/blocks.png:cbc_at:block/cast_iron_rocket_pod
[10вер.2026 18:56:08.937] [Render thread/INFO] [Veil/]: Loaded 0 shader modifications
[10вер.2026 18:56:09.040] [Render thread/INFO] [Veil/]: Loaded 29 shaders from: pinwheel/shaders/program
[10вер.2026 18:56:09.081] [Worker-Main-13/INFO] [snownee.jade.Jade/]: Start loading plugin from snownee.jade.addon.vanilla.VanillaPlugin
[10вер.2026 18:56:09.092] [Worker-Main-14/INFO] [mixin/]: Mixing ponder.TickingInstructionAccessor from aeronautics.mixins.json into net.createmod.ponder.foundation.instruction.TickingInstruction
[10вер.2026 18:56:09.093] [Worker-Main-14/INFO] [mixin/]: Mixing ponder.TickingInstructionMixin from aeronautics.mixins.json into net.createmod.ponder.foundation.instruction.TickingInstruction
[10вер.2026 18:56:09.102] [Worker-Main-13/INFO] [snownee.jade.Jade/]: Bootstrapped plugin from snownee.jade.addon.vanilla.VanillaPlugin in 19.80 ms
[10вер.2026 18:56:09.106] [Worker-Main-13/INFO] [snownee.jade.Jade/]: Loaded plugin from snownee.jade.addon.vanilla.VanillaPlugin in 23.71 ms
[10вер.2026 18:56:09.106] [Worker-Main-13/INFO] [snownee.jade.Jade/]: Start loading plugin from snownee.jade.addon.universal.UniversalPlugin
[10вер.2026 18:56:09.109] [Worker-Main-13/INFO] [snownee.jade.Jade/]: Bootstrapped plugin from snownee.jade.addon.universal.UniversalPlugin in 2.529 ms
[10вер.2026 18:56:09.109] [Worker-Main-14/INFO] [mixin/]: Mixing ponder.DisplayWorldSectionInstructionMixin from aeronautics.mixins.json into net.createmod.ponder.foundation.instruction.DisplayWorldSectionInstruction
[10вер.2026 18:56:09.109] [Worker-Main-13/INFO] [snownee.jade.Jade/]: Loaded plugin from snownee.jade.addon.universal.UniversalPlugin in 2.808 ms
[10вер.2026 18:56:09.109] [Worker-Main-14/INFO] [mixin/]: Renaming synthetic method lambda$firstTick$0(Ljava/util/function/Supplier;)V to md9d2632$aeronautics$lambda$firstTick$0$0 in aeronautics.mixins.json:ponder.DisplayWorldSectionInstructionMixin from mod aeronautics
[10вер.2026 18:56:09.109] [Worker-Main-13/INFO] [snownee.jade.Jade/]: Start loading plugin from snownee.jade.addon.debug.DebugPlugin
[10вер.2026 18:56:09.111] [Worker-Main-13/INFO] [snownee.jade.Jade/]: Bootstrapped plugin from snownee.jade.addon.debug.DebugPlugin in 1.030 ms
[10вер.2026 18:56:09.112] [Worker-Main-13/INFO] [snownee.jade.Jade/]: Loaded plugin from snownee.jade.addon.debug.DebugPlugin in 1.212 ms
[10вер.2026 18:56:09.112] [Worker-Main-13/INFO] [snownee.jade.Jade/]: Start loading plugin from snownee.jade.addon.core.CorePlugin
[10вер.2026 18:56:09.112] [Worker-Main-14/INFO] [com.happysg.radar.CreateRadar/]: Registering Ponder!
[10вер.2026 18:56:09.114] [Worker-Main-13/INFO] [snownee.jade.Jade/]: Bootstrapped plugin from snownee.jade.addon.core.CorePlugin in 1.897 ms
[10вер.2026 18:56:09.114] [Worker-Main-13/INFO] [snownee.jade.Jade/]: Loaded plugin from snownee.jade.addon.core.CorePlugin in 1.996 ms
[10вер.2026 18:56:09.114] [Worker-Main-13/INFO] [snownee.jade.Jade/]: Start loading plugin from snownee.jade.addon.access.AccessibilityPlugin
[10вер.2026 18:56:09.116] [Worker-Main-13/INFO] [snownee.jade.Jade/]: Bootstrapped plugin from snownee.jade.addon.access.AccessibilityPlugin in 1.543 ms
[10вер.2026 18:56:09.116] [Worker-Main-13/INFO] [snownee.jade.Jade/]: Loaded plugin from snownee.jade.addon.access.AccessibilityPlugin in 1.631 ms
[10вер.2026 18:56:09.116] [Worker-Main-13/INFO] [snownee.jade.Jade/]: Start loading plugin from com.cbcatfix.compat.jade.RocketJadePlugin
[10вер.2026 18:56:09.117] [Worker-Main-13/INFO] [snownee.jade.Jade/]: Bootstrapped plugin from com.cbcatfix.compat.jade.RocketJadePlugin in 385.0 μs
[10вер.2026 18:56:09.117] [Worker-Main-13/INFO] [snownee.jade.Jade/]: Loaded plugin from com.cbcatfix.compat.jade.RocketJadePlugin in 494.1 μs
[10вер.2026 18:56:09.141] [Worker-Main-14/INFO] [PonderIndex/]: Registering Ponder Scenes took 82.21 ms
[10вер.2026 18:56:09.145] [Worker-Main-14/INFO] [PonderIndex/]: Registering Ponder Tags took 3.959 ms
[10вер.2026 18:56:09.186] [Render thread/INFO] [mixin/]: Mixing compatibility.jade.BlockAccessorImplMixin from sable.mixins.json into snownee.jade.impl.BlockAccessorImpl
[10вер.2026 18:56:09.237] [Render thread/WARN] [net.minecraft.client.sounds.SoundEngine/]: Missing sound for event: minecraft:item.goat_horn.play
[10вер.2026 18:56:09.237] [Render thread/WARN] [net.minecraft.client.sounds.SoundEngine/]: Missing sound for event: minecraft:entity.goat.screaming.horn_break
[10вер.2026 18:56:09.267] [Render thread/INFO] [com.mojang.blaze3d.audio.Library/]: OpenAL initialized on device OpenAL Soft on Lautsprecher (Steam Streaming Speakers)
[10вер.2026 18:56:09.267] [Render thread/INFO] [net.minecraft.client.sounds.SoundEngine/SOUNDS]: Sound engine started
[10вер.2026 18:56:09.334] [Render thread/INFO] [net.minecraft.client.renderer.texture.TextureAtlas/]: Created: 2048x2048x4 minecraft:textures/atlas/blocks.png-atlas
[10вер.2026 18:56:09.335] [Render thread/INFO] [mixin/]: Mixing creative_tab_sections.SpriteContentsTickerMixin from simulated.mixins.json into net.minecraft.client.renderer.texture.SpriteContents$Ticker
[10вер.2026 18:56:09.349] [Render thread/INFO] [net.minecraft.client.renderer.texture.TextureAtlas/]: Created: 256x256x4 minecraft:textures/atlas/signs.png-atlas
[10вер.2026 18:56:09.349] [Render thread/INFO] [net.minecraft.client.renderer.texture.TextureAtlas/]: Created: 512x512x4 minecraft:textures/atlas/shield_patterns.png-atlas
[10вер.2026 18:56:09.350] [Render thread/INFO] [net.minecraft.client.renderer.texture.TextureAtlas/]: Created: 512x512x4 minecraft:textures/atlas/banner_patterns.png-atlas
[10вер.2026 18:56:09.350] [Render thread/INFO] [net.minecraft.client.renderer.texture.TextureAtlas/]: Created: 2048x1024x4 minecraft:textures/atlas/armor_trims.png-atlas
[10вер.2026 18:56:09.358] [Render thread/INFO] [net.minecraft.client.renderer.texture.TextureAtlas/]: Created: 256x256x4 minecraft:textures/atlas/chest.png-atlas
[10вер.2026 18:56:09.359] [Render thread/INFO] [net.minecraft.client.renderer.texture.TextureAtlas/]: Created: 128x64x4 minecraft:textures/atlas/decorated_pot.png-atlas
[10вер.2026 18:56:09.359] [Render thread/INFO] [net.minecraft.client.renderer.texture.TextureAtlas/]: Created: 512x256x4 minecraft:textures/atlas/shulker_boxes.png-atlas
[10вер.2026 18:56:09.359] [Render thread/INFO] [net.minecraft.client.renderer.texture.TextureAtlas/]: Created: 512x256x4 minecraft:textures/atlas/beds.png-atlas
[10вер.2026 18:56:09.396] [Render thread/INFO] [net.minecraft.client.renderer.texture.TextureAtlas/]: Created: 512x512x0 minecraft:textures/atlas/particles.png-atlas
[10вер.2026 18:56:09.398] [Render thread/INFO] [net.minecraft.client.renderer.texture.TextureAtlas/]: Created: 512x256x0 minecraft:textures/atlas/paintings.png-atlas
[10вер.2026 18:56:09.399] [Render thread/INFO] [net.minecraft.client.renderer.texture.TextureAtlas/]: Created: 256x128x0 minecraft:textures/atlas/mob_effects.png-atlas
[10вер.2026 18:56:09.399] [Render thread/INFO] [net.minecraft.client.renderer.texture.TextureAtlas/]: Created: 64x64x0 minecraft:textures/atlas/map_decorations.png-atlas
[10вер.2026 18:56:09.399] [Render thread/INFO] [net.minecraft.client.renderer.texture.TextureAtlas/]: Created: 1024x512x0 minecraft:textures/atlas/gui.png-atlas
[10вер.2026 18:56:09.416] [Render thread/WARN] [net.minecraft.client.renderer.ShaderInstance/]: Shader rendertype_entity_translucent_emissive could not find sampler named Sampler2 in the specified shader program.
[10вер.2026 18:56:09.430] [Render thread/INFO] [mixin/]: Mixing accessor.DebugPostChainAccessor from veil.debug.mixins.json into net.minecraft.client.renderer.PostChain
[10вер.2026 18:56:09.434] [Render thread/INFO] [mixin/]: Mixing client.ShaderEffectInstanceMixin from veil.shader.mixins.json into net.minecraft.client.renderer.EffectInstance
[10вер.2026 18:56:09.450] [Render thread/INFO] [Veil/]: Loaded 3 framebuffers
[10вер.2026 18:56:09.464] [Render thread/INFO] [Veil/]: Loaded 6 post pipelines
[10вер.2026 18:56:09.473] [Render thread/INFO] [Veil/]: Loaded 4 render types
[10вер.2026 18:56:09.473] [Render thread/INFO] [Veil/]: Enabled bloom pipeline
[10вер.2026 18:56:09.474] [Render thread/INFO] [Veil/]: Loaded 0 quasar particles
[10вер.2026 18:56:09.474] [Render thread/INFO] [Veil/]: Loaded 0 templates
[10вер.2026 18:56:09.474] [Render thread/INFO] [Veil/]: Loaded 0 modules
[10вер.2026 18:56:09.479] [Render thread/INFO] [net.minecraft.client.renderer.texture.TextureAtlas/]: Created: 256x256x0 jei:textures/atlas/gui.png-atlas
[10вер.2026 18:56:09.485] [Render thread/INFO] [mixin/]: Mixing compatibility.flywheel.ShaderSourcesMixin from sable-neoforge.mixins.json into dev.engine_room.flywheel.backend.glsl.ShaderSources
[10вер.2026 18:56:09.506] [Render thread/INFO] [flywheel/backend/shaders/]: Loaded 77 shader sources in 17,579 ms
[10вер.2026 18:56:09.549] [Render thread/INFO] [com.simibubi.create.Create/]: Loaded 58 train hat configurations.
[10вер.2026 18:56:09.557] [Render thread/INFO] [Veil/]: Compiled 60 vanilla shaders in 113.1 ms
[10вер.2026 18:56:09.559] [Render thread/INFO] [net.neoforged.neoforge.client.entity.animation.json.AnimationLoader/]: Loaded 0 entity animations
[10вер.2026 18:56:09.567] [Render thread/INFO] [mixin/]: Mixing diagram.VisualizationManagerImplMixin from simulated-neoforge.mixins.json into dev.engine_room.flywheel.impl.visualization.VisualizationManagerImpl
[10вер.2026 18:56:09.570] [Render thread/INFO] [mixin/]: Mixing compatibility.flywheel.BlockEntityStorageMixin from sable-neoforge.mixins.json into dev.engine_room.flywheel.impl.visualization.storage.BlockEntityStorage
[10вер.2026 18:56:09.612] [Render thread/INFO] [mixin/]: Mixing linked_typewriter.PonderTooltipHandlerMixin from simulated.mixins.json into net.createmod.ponder.foundation.PonderTooltipHandler
[10вер.2026 18:56:09.612] [Render thread/INFO] [mixin/]: Mixing new_ponder.PonderTooltipHandlerAccessor from simulated.mixins.json into net.createmod.ponder.foundation.PonderTooltipHandler
[10вер.2026 18:56:09.612] [Render thread/INFO] [mixin/]: Renaming @Accessor method getTrackingStack()Lnet/minecraft/world/item/ItemStack; to getTrackingStack$simulated_$md$9d2632$0 in simulated.mixins.json:new_ponder.PonderTooltipHandlerAccessor from mod simulated
[10вер.2026 18:56:09.612] [Render thread/INFO] [mixin/]: Mixing new_ponder.PonderTooltipHandlerMixin from simulated.mixins.json into net.createmod.ponder.foundation.PonderTooltipHandler
[10вер.2026 18:56:09.618] [Render thread/INFO] [mixin/]: Mixing new_ponder.PonderUIMixin from simulated.mixins.json into net.createmod.ponder.foundation.ui.PonderUI
[10вер.2026 18:56:09.618] [Render thread/INFO] [mixin/]: Mixing ponder.PonderUIMixin from simulated.mixins.json into net.createmod.ponder.foundation.ui.PonderUI
[10вер.2026 18:56:09.618] [Render thread/WARN] [mixin/]: @Shadow target simulated.mixins.json:ponder.PonderUIMixin from mod simulated::scenes is final but shadow is not decorated with @Final
[10вер.2026 18:56:09.618] [Render thread/INFO] [mixin/]: Mixing levitite.PonderUIMixin from aeronautics.mixins.json into net.createmod.ponder.foundation.ui.PonderUI
[10вер.2026 18:56:10.598] [Render thread/INFO] [Veil/]: Finished uploading vanilla shaders
[10вер.2026 18:56:11.596] [Render thread/INFO] [mixin/]: Mixing StringRenderOutputMixin from jade.mixins.json into net.minecraft.client.gui.Font$StringRenderOutput
[10вер.2026 18:56:11.597] [Render thread/WARN] [mixin/]: Write access to @Mutable @Final field dimFactor:F in jade.mixins.json:StringRenderOutputMixin from mod jade::handler$zhg000$jade$init
[10вер.2026 18:56:11.597] [Render thread/WARN] [mixin/]: Write access to @Mutable @Final field r:F in jade.mixins.json:StringRenderOutputMixin from mod jade::handler$zhg000$jade$init
[10вер.2026 18:56:11.597] [Render thread/WARN] [mixin/]: Write access to @Mutable @Final field g:F in jade.mixins.json:StringRenderOutputMixin from mod jade::handler$zhg000$jade$init
[10вер.2026 18:56:11.597] [Render thread/WARN] [mixin/]: Write access to @Mutable @Final field b:F in jade.mixins.json:StringRenderOutputMixin from mod jade::handler$zhg000$jade$init
[10вер.2026 18:56:11.597] [Render thread/WARN] [mixin/]: Write access to @Mutable @Final field a:F in jade.mixins.json:StringRenderOutputMixin from mod jade::handler$zhg000$jade$init
[10вер.2026 18:56:11.841] [Render thread/INFO] [mixin/]: Mixing sublevel_sounds.AbstractSoundInstanceMixin from sable.mixins.json into net.minecraft.client.resources.sounds.AbstractSoundInstance
[10вер.2026 18:56:23.138] [Sound engine/INFO] [mixin/]: Mixing sublevel_sounds.ChannelAccessor from sable.mixins.json into com.mojang.blaze3d.audio.Channel
[10вер.2026 18:56:23.138] [Sound engine/INFO] [mixin/]: Mixing client.Blaze3DAudioChannelAccessor from createbigcannons.mixins.json into com.mojang.blaze3d.audio.Channel
[10вер.2026 18:56:24.729] [Render thread/INFO] [com.simibubi.create.Create/]: Created 157 recipes which will be injected into the game
[10вер.2026 18:56:24.732] [Render thread/INFO] [com.simibubi.create.Create/]: Created 0 tags which will be injected into the game
[10вер.2026 18:56:24.738] [Render thread/INFO] [mixin/]: Mixing RocketSectionBreakingMixin from cbcatfix.mixins.json into net.minecraft.server.level.ServerPlayerGameMode
[10вер.2026 18:56:24.949] [Render thread/INFO] [mixin/]: Mixing world_presets.PrimaryLevelDataMixin from simulated.mixins.json into net.minecraft.world.level.storage.PrimaryLevelData
[10вер.2026 18:56:25.428] [Render thread/INFO] [net.minecraft.world.item.crafting.RecipeManager/]: Loaded 3226 recipes
[10вер.2026 18:56:25.610] [Render thread/INFO] [net.minecraft.advancements.AdvancementTree/]: Loaded 2716 advancements
[10вер.2026 18:56:26.734] [Render thread/INFO] [snownee.jade.Jade/]: LootTableMineableCollector took 3.610 ms
[10вер.2026 18:56:26.773] [Render thread/INFO] [mixin/]: Mixing player_freezing.PlayerListMixin from sable.mixins.json into net.minecraft.server.players.PlayerList
[10вер.2026 18:56:26.773] [Render thread/INFO] [mixin/]: Mixing plot.PlayerListMixin from sable.mixins.json into net.minecraft.server.players.PlayerList
[10вер.2026 18:56:26.774] [Render thread/INFO] [mixin/]: Mixing udp.PlayerListMixin from sable.mixins.json into net.minecraft.server.players.PlayerList
[10вер.2026 18:56:26.781] [Render thread/INFO] [mixin/]: Mixing udp.ServerConnectionListenerMixin from sable.mixins.json into net.minecraft.server.network.ServerConnectionListener
[10вер.2026 18:56:26.789] [Render thread/INFO] [mixin/]: Mixing accessor.PotionBrewingAccessor from create.mixins.json into net.minecraft.world.item.alchemy.PotionBrewing
[10вер.2026 18:56:26.796] [Server thread/INFO] [net.minecraft.client.server.IntegratedServer/]: Starting integrated minecraft server version 1.21.1
[10вер.2026 18:56:26.796] [Server thread/INFO] [net.minecraft.server.MinecraftServer/]: Generating keypair
[10вер.2026 18:56:26.866] [Server thread/INFO] [mixin/]: Mixing accessor.BiomeManagerAccessor from ponder-common.mixins.json into net.minecraft.world.level.biome.BiomeManager
[10вер.2026 18:56:26.878] [Server thread/INFO] [dev.ryanhcode.sable.Sable/]: Creating physics pipeline for ResourceKey[minecraft:dimension / minecraft:overworld] using RapierPhysicsPipelineProvider
[10вер.2026 18:56:26.997] [Server thread/INFO] [mixin/]: Mixing plot.serialization.LevelChunkTicksMixin from sable.mixins.json into net.minecraft.world.ticks.LevelChunkTicks
[10вер.2026 18:56:27.014] [Server thread/INFO] [mixin/]: Mixing entity.entity_unloading.PersistentEntitySectionManagerMixin from sable.mixins.json into net.minecraft.world.level.entity.PersistentEntitySectionManager
[10вер.2026 18:56:27.022] [Server thread/INFO] [mixin/]: Mixing entity.server_entities_tick.ChunkMapMixin from sable.mixins.json into net.minecraft.server.level.ChunkMap
[10вер.2026 18:56:27.022] [Server thread/INFO] [mixin/]: Mixing plot.ChunkMapMixin from sable.mixins.json into net.minecraft.server.level.ChunkMap
[10вер.2026 18:56:27.023] [Server thread/INFO] [mixin/]: Renaming synthetic method lambda$sable$hasWork$0(Lnet/minecraft/server/level/ChunkHolder;)Z to md9d2632$sable$lambda$sable$hasWork$0$0 in sable.mixins.json:plot.ChunkMapMixin from mod sable
[10вер.2026 18:56:27.024] [Server thread/INFO] [mixin/]: Mixing plot.serialization.ChunkMapMixin from sable.mixins.json into net.minecraft.server.level.ChunkMap
[10вер.2026 18:56:27.026] [Server thread/WARN] [mixin/]: Write access to @Mutable @Final field unloadQueue:Ljava/util/Queue; in sable.mixins.json:plot.serialization.ChunkMapMixin from mod sable::handler$baf000$sable$init
[10вер.2026 18:56:27.045] [Server thread/INFO] [mixin/]: Mixing light.LightEngineAccessor from flywheel.backend.mixins.json into net.minecraft.world.level.lighting.LightEngine
[10вер.2026 18:56:27.048] [Server thread/INFO] [mixin/]: Mixing light.LayerLightSectionStorageAccessor from flywheel.backend.mixins.json into net.minecraft.world.level.lighting.LayerLightSectionStorage
[10вер.2026 18:56:27.050] [Server thread/INFO] [mixin/]: Mixing light.SkyLightSectionStorageMixin from flywheel.backend.mixins.json into net.minecraft.world.level.lighting.SkyLightSectionStorage
[10вер.2026 18:56:27.052] [Server thread/INFO] [mixin/]: Mixing light.SkyDataLayerStorageMapAccessor from flywheel.backend.mixins.json into net.minecraft.world.level.lighting.SkyLightSectionStorage$SkyDataLayerStorageMap
[10вер.2026 18:56:27.067] [Server thread/INFO] [mixin/]: Mixing chunk_container_replacement.LevelChunkSectionMixin from sable.mixins.json into net.minecraft.world.level.chunk.LevelChunkSection
[10вер.2026 18:56:27.080] [Server thread/INFO] [mixin/]: Mixing sculk_vibrations.GameEventDispatcherMixin from sable.mixins.json into net.minecraft.world.level.gameevent.GameEventDispatcher
[10вер.2026 18:56:27.080] [Server thread/INFO] [mixin/]: Renaming synthetic method lambda$sable$visitShipListeners$0(Ldev/ryanhcode/sable/companion/math/BoundingBox3dc;Lcom/llamalad7/mixinextras/sugar/ref/LocalRef;Ldev/ryanhcode/sable/companion/math/BoundingBox3i;Lcom/llamalad7/mixinextras/injector/wrapoperation/Operation;Lnet/minecraft/core/Holder;Lnet/minecraft/world/phys/Vec3;Lnet/minecraft/world/level/gameevent/GameEvent$Context;Ldev/ryanhcode/sable/sublevel/SubLevel;)V to md9d2632$sable$lambda$sable$visitShipListeners$0$0 in sable.mixins.json:sculk_vibrations.GameEventDispatcherMixin from mod sable
[10вер.2026 18:56:27.094] [Server thread/INFO] [dev.ryanhcode.sable.Sable/]: Creating physics pipeline for ResourceKey[minecraft:dimension / minecraft:the_end] using RapierPhysicsPipelineProvider
[10вер.2026 18:56:27.114] [Server thread/INFO] [dev.ryanhcode.sable.Sable/]: Creating physics pipeline for ResourceKey[minecraft:dimension / minecraft:the_nether] using RapierPhysicsPipelineProvider
[10вер.2026 18:56:27.123] [Server thread/INFO] [net.minecraft.server.MinecraftServer/]: Preparing start region for dimension minecraft:overworld
[10вер.2026 18:56:27.225] [progressListener/INFO] [net.minecraft.server.level.progress.LoggerChunkProgressListener/]: Preparing spawn area: 0%
[10вер.2026 18:56:27.255] [entity-deserializer/INFO] [mixin/]: Mixing entity.entity_pathfinding.WalkNodeEvaluatorMixin from sable.mixins.json into net.minecraft.world.level.pathfinder.WalkNodeEvaluator
[10вер.2026 18:56:27.268] [Server thread/INFO] [net.neoforged.neoforge.server.permission.PermissionAPI/]: Successfully initialized permission handler neoforge:default_handler
[10вер.2026 18:56:27.278] [progressListener/INFO] [net.minecraft.server.level.progress.LoggerChunkProgressListener/]: Time elapsed: 141 ms
[10вер.2026 18:56:27.353] [Server thread/INFO] [mixin/]: Mixing compatibility.create.contraptions.VisualizationEventHandlerMixin from sable-neoforge.mixins.json into dev.engine_room.flywheel.impl.visualization.VisualizationEventHandler
[10вер.2026 18:56:27.357] [Server thread/INFO] [mixin/]: Mixing entity.entity_tracking.TrackedEntityMixin from sable.mixins.json into net.minecraft.server.level.ChunkMap$TrackedEntity
[10вер.2026 18:56:27.375] [Server thread/INFO] [net.minecraft.client.server.IntegratedServer/]: Changing view distance to 12, from 10
[10вер.2026 18:56:27.375] [Server thread/INFO] [net.minecraft.client.server.IntegratedServer/]: Changing simulation distance to 12, from 0
[10вер.2026 18:56:27.399] [Server thread/INFO] [mixin/]: Mixing entity.entities_stick_sublevels.packet_mixin.ClientboundMoveEntityPacketPosMixin from sable.mixins.json into net.minecraft.network.protocol.game.ClientboundMoveEntityPacket$Pos
[10вер.2026 18:56:27.408] [Server thread/INFO] [mixin/]: Mixing compatibility.create.toolbox.ToolboxHandlerMixin from sable-neoforge.mixins.json into com.simibubi.create.content.equipment.toolbox.ToolboxHandler
[10вер.2026 18:56:27.408] [Server thread/INFO] [mixin/]: Renaming synthetic method lambda$sable$getNearestToolBoxRedirect$1(Lnet/minecraft/world/level/LevelAccessor;Lnet/minecraft/world/phys/Vec3;Lnet/minecraft/core/BlockPos;)D to md9d2632$sable$lambda$sable$getNearestToolBoxRedirect$1$0 in sable-neoforge.mixins.json:compatibility.create.toolbox.ToolboxHandlerMixin from mod sable
[10вер.2026 18:56:27.408] [Server thread/INFO] [mixin/]: Renaming synthetic method lambda$sable$getNearestToolBoxRedirect$0(Lnet/minecraft/world/level/LevelAccessor;Lnet/minecraft/world/phys/Vec3;DLnet/minecraft/core/BlockPos;)Z to md9d2632$sable$lambda$sable$getNearestToolBoxRedirect$0$1 in sable-neoforge.mixins.json:compatibility.create.toolbox.ToolboxHandlerMixin from mod sable
[10вер.2026 18:56:27.416] [Server thread/INFO] [mixin/]: Mixing compat.sable.EntitySubLevelUtilMixin from createbigcannons.mixins.json into dev.ryanhcode.sable.api.entity.EntitySubLevelUtil
[10вер.2026 18:56:27.459] [Render thread/INFO] [dev.ryanhcode.sable.Sable/]: Adding local UDP server channel future
[10вер.2026 18:56:27.468] [Render thread/WARN] [io.netty.bootstrap.Bootstrap/]: Unknown channel option 'SO_BROADCAST' for channel '[id: 0x000635db]'
[10вер.2026 18:56:27.472] [Server thread/INFO] [mixin/]: Mixing entity.entities_stick_sublevels.packet_mixin.ClientboundMoveEntityPacketPosRotMixin from sable.mixins.json into net.minecraft.network.protocol.game.ClientboundMoveEntityPacket$PosRot
[10вер.2026 18:56:27.475] [Netty Server IO #1/INFO] [dev.ryanhcode.sable.Sable/]: Server UDP channel active
[10вер.2026 18:56:27.497] [Render thread/INFO] [dev.ryanhcode.sable.Sable/]: Starting local client UDP channel future
[10вер.2026 18:56:27.499] [Netty Local Client IO #1/INFO] [dev.ryanhcode.sable.Sable/]: Client UDP channel active
[10вер.2026 18:56:27.605] [Render thread/INFO] [com.simibubi.create.Create/]: Created 157 recipes which will be injected into the game
[10вер.2026 18:56:27.606] [Render thread/INFO] [com.simibubi.create.Create/]: Created 0 tags which will be injected into the game
[10вер.2026 18:56:27.620] [Server thread/INFO] [mixin/]: Mixing entity.entities_stick_sublevels.packet_mixin.ClientboundTeleportEntityPacketMixin from sable.mixins.json into net.minecraft.network.protocol.game.ClientboundTeleportEntityPacket
[10вер.2026 18:56:27.695] [Render thread/INFO] [mixin/]: Mixing entity.entities_stick_sublevels.player.ServerboundMovePlayerPacketMixin from sable.mixins.json into net.minecraft.network.protocol.game.ServerboundMovePlayerPacket
[10вер.2026 18:56:27.696] [Render thread/WARN] [mixin/]: Write access to @Mutable @Final field x:D in sable.mixins.json:entity.entities_stick_sublevels.player.ServerboundMovePlayerPacketMixin from mod sable::sable$handle
[10вер.2026 18:56:27.696] [Render thread/WARN] [mixin/]: Write access to @Mutable @Final field y:D in sable.mixins.json:entity.entities_stick_sublevels.player.ServerboundMovePlayerPacketMixin from mod sable::sable$handle
[10вер.2026 18:56:27.696] [Render thread/WARN] [mixin/]: Write access to @Mutable @Final field z:D in sable.mixins.json:entity.entities_stick_sublevels.player.ServerboundMovePlayerPacketMixin from mod sable::sable$handle
[10вер.2026 18:56:27.696] [Render thread/WARN] [mixin/]: Write access to @Mutable @Final field x:D in sable.mixins.json:entity.entities_stick_sublevels.player.ServerboundMovePlayerPacketMixin from mod sable::sable$handle
[10вер.2026 18:56:27.696] [Render thread/WARN] [mixin/]: Write access to @Mutable @Final field y:D in sable.mixins.json:entity.entities_stick_sublevels.player.ServerboundMovePlayerPacketMixin from mod sable::sable$handle
[10вер.2026 18:56:27.696] [Render thread/WARN] [mixin/]: Write access to @Mutable @Final field z:D in sable.mixins.json:entity.entities_stick_sublevels.player.ServerboundMovePlayerPacketMixin from mod sable::sable$handle
[10вер.2026 18:56:27.707] [Render thread/INFO] [mixin/]: Mixing loaded_chunk_debug.BlockUpdatePacketMixin from sable.mixins.json into net.minecraft.network.protocol.game.ClientboundBlockUpdatePacket
[10вер.2026 18:56:27.737] [Render thread/INFO] [mixin/]: Mixing client.accessor.ClientPacketListenerAccessor from ponder-common.mixins.json into net.minecraft.client.multiplayer.ClientPacketListener
[10вер.2026 18:56:27.737] [Render thread/INFO] [mixin/]: Mixing entity.entities_stick_sublevels.ClientPacketListenerMixin from sable.mixins.json into net.minecraft.client.multiplayer.ClientPacketListener
[10вер.2026 18:56:27.738] [Render thread/INFO] [mixin/]: Mixing entity.entity_rotations_and_riding.ClientPacketListenerMixin from sable.mixins.json into net.minecraft.client.multiplayer.ClientPacketListener
[10вер.2026 18:56:27.738] [Render thread/INFO] [mixin/]: Mixing plot.lighting.ClientPacketListenerMixin from sable.mixins.json into net.minecraft.client.multiplayer.ClientPacketListener
[10вер.2026 18:56:27.750] [Render thread/INFO] [mixin/]: Mixing entity.entities_stick_sublevels.player.RemotePlayerMixin from sable.mixins.json into net.minecraft.client.player.RemotePlayer
[10вер.2026 18:56:27.754] [Render thread/INFO] [mixin/]: Mixing search_alias.SessionSearchTreesMixin from simulated.mixins.json into net.minecraft.client.multiplayer.SessionSearchTrees
[10вер.2026 18:56:27.755] [Render thread/INFO] [mixin/]: Mixing tooltip_flag.SessionSearchTreesMixin from simulated.mixins.json into net.minecraft.client.multiplayer.SessionSearchTrees
[10вер.2026 18:56:27.755] [Render thread/INFO] [mixin/]: Mixing SessionSearchTreesMixin from jade.mixins.json into net.minecraft.client.multiplayer.SessionSearchTrees
[10вер.2026 18:56:27.756] [Render thread/WARN] [mixin/]: @At("STORE" implicit TooltipFlag) has invalid IMPLICIT discriminator for opcode 5 in net/minecraft/client/multiplayer/SessionSearchTrees::lambda$updateCreativeTooltips$15(Lnet/minecraft/core/HolderLookup$Provider;Lnet/minecraft/client/multiplayer/SessionSearchTrees$Key;Ljava/util/List;)V: Found 0 candidate variables but exactly 1 is required.
[10вер.2026 18:56:27.758] [Render thread/INFO] [mixin/]: Mixing client.ClientCommandSourceMixin from veil.command.mixins.json into net.minecraft.client.multiplayer.ClientSuggestionProvider
[10вер.2026 18:56:27.815] [Server thread/INFO] [net.minecraft.server.players.PlayerList/]: Dev[local:E:b145c1fd] logged in with entity id 22 at (-25.727710889027616, -60.0, 40.340620774907414)
[10вер.2026 18:56:27.819] [Server thread/INFO] [dev.ryanhcode.sable.Sable/]: Beginning attempted authentication with player Dev
[10вер.2026 18:56:27.821] [Server thread/INFO] [mixin/]: Mixing sable_hooks.SableCommonEventsMixin from simulated.mixins.json into dev.ryanhcode.sable.SableCommonEvents
[10вер.2026 18:56:27.821] [Server thread/INFO] [mixin/]: Mixing sable_hooks.SableCommonEventsMixin from aeronautics.mixins.json into dev.ryanhcode.sable.SableCommonEvents
[10вер.2026 18:56:27.821] [Server thread/INFO] [mixin/]: Mixing compat.sable.SableCommonEventsMixin from createbigcannons.mixins.json into dev.ryanhcode.sable.SableCommonEvents
[10вер.2026 18:56:27.830] [Render thread/INFO] [mixin/]: Mixing quiet_use.MultiPlayerGameModeMixin from simulated.mixins.json into net.minecraft.client.multiplayer.MultiPlayerGameMode
[10вер.2026 18:56:27.830] [Render thread/INFO] [mixin/]: Mixing punching.MultiPlayerGameModeMixin from sable.mixins.json into net.minecraft.client.multiplayer.MultiPlayerGameMode
[10вер.2026 18:56:27.840] [Render thread/INFO] [mixin/]: Mixing ClientChunkCacheMixin from flywheel.impl.mixins.json into net.minecraft.client.multiplayer.ClientChunkCache
[10вер.2026 18:56:27.840] [Render thread/INFO] [mixin/]: Mixing plot.ClientChunkCacheMixin from sable.mixins.json into net.minecraft.client.multiplayer.ClientChunkCache
[10вер.2026 18:56:27.865] [Render thread/INFO] [mixin/]: Mixing loaded_chunk_debug.ClientChunkCacheStorageAccessor from sable.mixins.json into net.minecraft.client.multiplayer.ClientChunkCache$Storage
[10вер.2026 18:56:27.873] [Server thread/INFO] [net.minecraft.server.MinecraftServer/]: Dev joined the game
[10вер.2026 18:56:27.879] [Render thread/INFO] [mixin/]: Mixing visualmanage.SectionCompilerMixin from flywheel.impl.mixins.json into net.minecraft.client.renderer.chunk.SectionCompiler
[10вер.2026 18:56:27.879] [Render thread/INFO] [mixin/]: Mixing dynamic_directional_shading.SectionCompilerMixin from sable-neoforge.mixins.json into net.minecraft.client.renderer.chunk.SectionCompiler
[10вер.2026 18:56:27.883] [Render thread/INFO] [mixin/]: Mixing sublevel_render.impl.vanilla.ViewAreaMixin from sable.mixins.json into net.minecraft.client.renderer.ViewArea
[10вер.2026 18:56:27.885] [Render thread/INFO] [mixin/]: Mixing sublevel_render.RenderSectionAccessor from sable.mixins.json into net.minecraft.client.renderer.chunk.SectionRenderDispatcher$RenderSection
[10вер.2026 18:56:27.885] [Render thread/INFO] [mixin/]: Mixing sublevel_render.RenderSectionMixin from sable.mixins.json into net.minecraft.client.renderer.chunk.SectionRenderDispatcher$RenderSection
[10вер.2026 18:56:27.885] [Render thread/INFO] [mixin/]: Renaming synthetic method lambda$setDirty$0()V to md9d2632$sable$lambda$setDirty$0$0 in sable.mixins.json:sublevel_render.RenderSectionMixin from mod sable
[10вер.2026 18:56:27.956] [Server thread/INFO] [mixin/]: Mixing sculk_vibrations.EuclideanGameEventListenerRegistryMixin from sable.mixins.json into net.minecraft.world.level.gameevent.EuclideanGameEventListenerRegistry
[10вер.2026 18:56:28.542] [Server thread/INFO] [mixin/]: Mixing entity.entity_pathfinding.RandomPosMixin from sable.mixins.json into net.minecraft.world.entity.ai.util.RandomPos
[10вер.2026 18:56:28.548] [Server thread/INFO] [mixin/]: Mixing entity.entity_pathfinding.PathfindingContextMixin from sable.mixins.json into net.minecraft.world.level.pathfinder.PathfindingContext
[10вер.2026 18:56:28.549] [Server thread/WARN] [mixin/]: Write access to @Mutable @Final field mobPosition:Lnet/minecraft/core/BlockPos; in sable.mixins.json:entity.entity_pathfinding.PathfindingContextMixin from mod sable::handler$znj000$sable$init
[10вер.2026 18:56:28.559] [Server thread/INFO] [mixin/]: Mixing entity.entity_pathfinding.PathMixin from sable.mixins.json into net.minecraft.world.level.pathfinder.Path
[10вер.2026 18:56:28.608] [Server thread/INFO] [mixin/]: Mixing compatibility.create.schematics.StructureTemplateMixin from sable-neoforge.mixins.json into net.minecraft.world.level.levelgen.structure.templatesystem.StructureTemplate
[10вер.2026 18:56:28.608] [Server thread/INFO] [mixin/]: Renaming synthetic method lambda$fillEntityList$0(Ldev/ryanhcode/sable/ActiveSableCompanion;Ldev/ryanhcode/sable/sublevel/SubLevel;Lnet/minecraft/world/entity/Entity;)Z to md9d2632$sable$lambda$fillEntityList$0$0 in sable-neoforge.mixins.json:compatibility.create.schematics.StructureTemplateMixin from mod sable
[10вер.2026 18:56:28.796] [Render thread/INFO] [mixin/]: Mixing client.command.ClientCommandSourceStackMixin from veil.neoforge.mixins.json into net.neoforged.neoforge.client.ClientCommandSourceStack
[10вер.2026 18:56:28.800] [Render thread/INFO] [mixin/]: Mixing compatibility.flywheel.RenderDispatcherImplMixin from sable-neoforge.mixins.json into dev.engine_room.flywheel.impl.visualization.VisualizationManagerImpl$RenderDispatcherImpl
[10вер.2026 18:56:28.806] [Render thread/INFO] [flywheel/]: Started 10 worker threads
[10вер.2026 18:56:28.806] [Render thread/INFO] [mixin/]: Mixing diagram.VisualManagerImplMixin from simulated-neoforge.mixins.json into dev.engine_room.flywheel.impl.visualization.VisualManagerImpl
[10вер.2026 18:56:28.806] [Render thread/INFO] [mixin/]: Mixing compatibility.flywheel.VisualManagerImplMixin from sable-neoforge.mixins.json into dev.engine_room.flywheel.impl.visualization.VisualManagerImpl
[10вер.2026 18:56:28.848] [Render thread/INFO] [mixin/]: Mixing tooltip_flag.TooltipFlagDefaultMixin from simulated.mixins.json into net.minecraft.world.item.TooltipFlag$Default
[10вер.2026 18:56:28.850] [Render thread/INFO] [mixin/]: Mixing tooltip_flag.ClientTooltipFlagMixin from simulated-neoforge.mixins.json into net.neoforged.neoforge.client.ClientTooltipFlag
[10вер.2026 18:56:28.853] [Render thread/INFO] [mezz.jei.core.util.LoggedTimer/]: Starting JEI...
[10вер.2026 18:56:28.859] [Render thread/INFO] [mezz.jei.library.load.PluginCaller/]: Registering item subtypes...
[10вер.2026 18:56:28.865] [Render thread/INFO] [mezz.jei.library.load.PluginCaller/]: Registering item subtypes took 4.847 milliseconds
[10вер.2026 18:56:28.865] [Render thread/INFO] [mezz.jei.library.load.PluginCaller/]: Registering fluid subtypes...
[10вер.2026 18:56:28.867] [Render thread/INFO] [mezz.jei.library.load.PluginCaller/]: Registering fluid subtypes took 1.893 milliseconds
[10вер.2026 18:56:28.870] [Render thread/INFO] [mezz.jei.library.load.PluginCaller/]: Registering ingredients...
[10вер.2026 18:56:28.874] [Render thread/INFO] [mixin/]: Mixing silence_jei.ItemStackListFactoryMixin from simulated.mixins.json into mezz.jei.library.plugins.vanilla.ingredients.ItemStackListFactory
[10вер.2026 18:56:28.947] [Render thread/WARN] [mezz.jei.library.plugins.vanilla.ingredients.ItemStackListFactory/]: 25 duplicate items were found in 'CBC: Advanced Technologies' creative tab's: displayItems
This may indicate that these types of item need a subtype interpreter added to JEI:
[cbc_at:cluster_caseless, createbigcannons:autocannon_cartridge, cbc_at:heavy_autocannon_cartridge, cbc_at:cluster, cbc_at:cluster_cartridge]
[10вер.2026 18:56:28.966] [Render thread/WARN] [mezz.jei.library.plugins.vanilla.ingredients.ItemStackListFactory/]: 1 duplicate items were found in 'Create Big Cannons' creative tab's: displayItems
This may indicate that these types of item need a subtype interpreter added to JEI:
[createbigcannons:big_cartridge]
[10вер.2026 18:56:28.993] [Render thread/INFO] [mezz.jei.library.load.PluginCallerTimerRunnable/]: Registering ingredients: jei:minecraft took 122.9 milliseconds
[10вер.2026 18:56:28.993] [Render thread/INFO] [mezz.jei.library.load.PluginCaller/]: Registering ingredients took 123.5 milliseconds
[10вер.2026 18:56:28.994] [Render thread/INFO] [mezz.jei.library.load.PluginCaller/]: Registering extra ingredients...
[10вер.2026 18:56:28.998] [Render thread/INFO] [mezz.jei.library.load.PluginCaller/]: Registering extra ingredients took 4.548 milliseconds
[10вер.2026 18:56:28.999] [Render thread/INFO] [mezz.jei.library.load.PluginCaller/]: Registering search ingredient aliases...
[10вер.2026 18:56:29.000] [Render thread/INFO] [mezz.jei.library.load.PluginCaller/]: Registering search ingredient aliases took 1.178 milliseconds
[10вер.2026 18:56:29.015] [Render thread/INFO] [mezz.jei.library.load.PluginCaller/]: Registering Mod Info...
[10вер.2026 18:56:29.015] [Render thread/INFO] [mezz.jei.library.load.PluginCaller/]: Registering Mod Info took 444.1 microseconds
[10вер.2026 18:56:29.035] [Render thread/INFO] [mezz.jei.library.load.PluginCaller/]: Registering categories...
[10вер.2026 18:56:29.051] [Render thread/INFO] [mezz.jei.library.load.PluginCallerTimerRunnable/]: Registering categories: jei:minecraft took 14.95 milliseconds
[10вер.2026 18:56:29.098] [Render thread/INFO] [mezz.jei.library.load.PluginCallerTimerRunnable/]: Registering categories: create:jei_plugin took 46.88 milliseconds
[10вер.2026 18:56:29.107] [Render thread/INFO] [mezz.jei.library.load.PluginCaller/]: Registering categories took 71.81 milliseconds
[10вер.2026 18:56:29.108] [Render thread/INFO] [mezz.jei.library.load.PluginCaller/]: Registering vanilla category extensions...
[10вер.2026 18:56:29.111] [Render thread/INFO] [mezz.jei.library.load.PluginCaller/]: Registering vanilla category extensions took 3.100 milliseconds
[10вер.2026 18:56:29.112] [Render thread/INFO] [mezz.jei.library.load.PluginCaller/]: Registering recipe catalysts...
[10вер.2026 18:56:29.114] [Render thread/INFO] [mezz.jei.library.load.PluginCaller/]: Registering recipe catalysts took 1.547 milliseconds
[10вер.2026 18:56:29.114] [Render thread/INFO] [mezz.jei.core.util.LoggedTimer/]: Building recipe registry...
[10вер.2026 18:56:29.129] [Render thread/INFO] [mezz.jei.core.util.LoggedTimer/]: Building recipe registry took 15.02 milliseconds
[10вер.2026 18:56:29.131] [Render thread/INFO] [mezz.jei.library.load.PluginCaller/]: Registering advanced plugins...
[10вер.2026 18:56:29.132] [Render thread/INFO] [mezz.jei.library.load.PluginCaller/]: Registering advanced plugins took 249.9 microseconds
[10вер.2026 18:56:29.133] [Render thread/INFO] [mezz.jei.library.load.PluginCaller/]: Registering recipes...
[10вер.2026 18:56:29.245] [Render thread/INFO] [mezz.jei.library.load.PluginCallerTimerRunnable/]: Registering recipes: jei:minecraft took 112.0 milliseconds
[10вер.2026 18:56:29.323] [Render thread/INFO] [mezz.jei.library.load.PluginCallerTimerRunnable/]: Registering recipes: create:jei_plugin took 75.12 milliseconds
[10вер.2026 18:56:29.335] [Render thread/INFO] [mezz.jei.library.load.PluginCallerTimerRunnable/]: Registering recipes: createbigcannons:jei_plugin took 12.33 milliseconds
[10вер.2026 18:56:29.335] [Render thread/INFO] [mezz.jei.library.load.PluginCaller/]: Registering recipes took 203.0 milliseconds
[10вер.2026 18:56:29.344] [Render thread/INFO] [mezz.jei.library.load.PluginCaller/]: Registering recipes transfer handlers...
[10вер.2026 18:56:29.348] [Render thread/INFO] [mezz.jei.library.load.PluginCaller/]: Registering recipes transfer handlers took 3.891 milliseconds
[10вер.2026 18:56:29.355] [Render thread/INFO] [mezz.jei.core.util.LoggedTimer/]: Building runtime...
[10вер.2026 18:56:29.356] [Render thread/INFO] [mixin/]: Mixing creative_tab_sections.CreativeModeInventoryScreenMixin from simulated.mixins.json into net.minecraft.client.gui.screens.inventory.CreativeModeInventoryScreen
[10вер.2026 18:56:29.364] [Render thread/INFO] [mezz.jei.library.load.PluginCaller/]: Registering gui handlers...
[10вер.2026 18:56:29.374] [Render thread/INFO] [mezz.jei.library.load.PluginCaller/]: Registering gui handlers took 10.02 milliseconds
[10вер.2026 18:56:29.380] [Render thread/INFO] [mezz.jei.library.load.PluginCaller/]: Registering Runtime...
[10вер.2026 18:56:29.381] [Render thread/INFO] [mezz.jei.gui.startup.JeiGuiStarter/]: Starting JEI GUI
[10вер.2026 18:56:29.383] [Render thread/INFO] [mezz.jei.core.util.LoggedTimer/]: Building ingredient list...
[10вер.2026 18:56:29.401] [Render thread/INFO] [mezz.jei.core.util.LoggedTimer/]: Building ingredient list took 17.72 milliseconds
[10вер.2026 18:56:29.401] [Render thread/INFO] [mezz.jei.core.util.LoggedTimer/]: Building ingredient filter...
[10вер.2026 18:56:29.430] [Render thread/INFO] [mezz.jei.gui.ingredients.IngredientFilter/]: Adding 2945 ingredients
[10вер.2026 18:56:29.657] [Render thread/INFO] [mezz.jei.gui.ingredients.IngredientFilter/]: Added 2945 ingredients
[10вер.2026 18:56:29.659] [Render thread/INFO] [mezz.jei.core.util.LoggedTimer/]: Building ingredient filter took 257.5 milliseconds
[10вер.2026 18:56:29.771] [Render thread/INFO] [mezz.jei.library.load.PluginCallerTimerRunnable/]: Registering Runtime: jei:neoforge_gui took 390.8 milliseconds
[10вер.2026 18:56:29.771] [Render thread/INFO] [mezz.jei.library.load.PluginCaller/]: Registering Runtime took 391.7 milliseconds
[10вер.2026 18:56:29.773] [Render thread/INFO] [mezz.jei.core.util.LoggedTimer/]: Building runtime took 417.8 milliseconds
[10вер.2026 18:56:29.773] [Render thread/INFO] [mezz.jei.library.load.PluginCaller/]: Sending Runtime...
[10вер.2026 18:56:29.774] [Render thread/INFO] [rbasamoyai.createbigcannons.CreateBigCannons/]: Attempting to load CBC deployer recipes
[10вер.2026 18:56:29.778] [Render thread/INFO] [mezz.jei.library.load.PluginCaller/]: Sending Runtime took 4.477 milliseconds
[10вер.2026 18:56:29.778] [Render thread/INFO] [mezz.jei.core.util.LoggedTimer/]: Starting JEI took 924.8 milliseconds
[10вер.2026 18:56:29.792] [Render thread/INFO] [snownee.jade.Jade/]: Received config from the server: 
[10вер.2026 18:56:29.801] [Render thread/INFO] [mixin/]: Mixing levitite.VanillaChunkedSubLevelRenderDataMixin from aeronautics.mixins.json into dev.ryanhcode.sable.sublevel.render.vanilla.VanillaChunkedSubLevelRenderData
[10вер.2026 18:56:29.817] [Render thread/INFO] [mixin/]: Mixing compatibility.flywheel.EngineImplMixin from sable-neoforge.mixins.json into dev.engine_room.flywheel.backend.engine.EngineImpl
[10вер.2026 18:56:29.818] [Render thread/WARN] [mixin/]: Write access to @Mutable @Final field lightStorage:Ldev/engine_room/flywheel/backend/engine/LightStorage; in sable-neoforge.mixins.json:compatibility.flywheel.EngineImplMixin from mod sable::handler$bml000$sable$replaceLightStorage
[10вер.2026 18:56:29.821] [Render thread/INFO] [mixin/]: Mixing compatibility.flywheel.LightStorageAccessor from sable-neoforge.mixins.json into dev.engine_room.flywheel.backend.engine.LightStorage
[10вер.2026 18:56:29.855] [Render thread/INFO] [mixin/]: Mixing compatibility.flywheel.MatrixBufferMixin from sable-neoforge.mixins.json into dev.engine_room.flywheel.backend.engine.indirect.MatrixBuffer
[10вер.2026 18:56:29.858] [Render thread/INFO] [mixin/]: Mixing compatibility.flywheel.EnvironmentStorageMixin from sable-neoforge.mixins.json into dev.engine_room.flywheel.backend.engine.embed.EnvironmentStorage
[10вер.2026 18:56:29.872] [Render thread/INFO] [net.minecraft.advancements.AdvancementTree/]: Loaded 129 advancements
[10вер.2026 18:56:29.926] [Render thread/INFO] [mixin/]: Mixing compatibility.create.render_fixes.PlacementClientMixin from sable-neoforge.mixins.json into net.createmod.catnip.placement.PlacementClient
[10вер.2026 18:56:29.932] [Render thread/INFO] [mixin/]: Mixing compatibility.create.render_fixes.ValueBoxMixin from sable-neoforge.mixins.json into com.simibubi.create.foundation.blockEntity.behaviour.ValueBox
[10вер.2026 18:56:29.936] [Render thread/INFO] [mixin/]: Mixing ProjectileUtilMixin from create.mixins.json into net.minecraft.world.entity.projectile.ProjectileUtil
[10вер.2026 18:56:29.936] [Render thread/INFO] [mixin/]: Mixing entity.entity_interaction.ProjectileUtilMixin from sable.mixins.json into net.minecraft.world.entity.projectile.ProjectileUtil
[10вер.2026 18:56:29.943] [Render thread/INFO] [mixin/]: Mixing compatibility.create.raycast.RaycastHelperMixin from sable-neoforge.mixins.json into com.simibubi.create.foundation.utility.RaycastHelper
[10вер.2026 18:56:29.974] [Render thread/INFO] [mixin/]: Mixing compatibility.create.render_fixes.FilteringRendererMixin from sable-neoforge.mixins.json into com.simibubi.create.foundation.blockEntity.behaviour.filtering.FilteringRenderer
[10вер.2026 18:56:29.977] [Render thread/INFO] [mixin/]: Mixing compatibility.create.render_fixes.LinkRendererMixin from sable-neoforge.mixins.json into com.simibubi.create.content.redstone.link.LinkRenderer
[10вер.2026 18:56:29.992] [Render thread/INFO] [mixin/]: Mixing compatibility.create.tracks.TrackTargetingClientMixin from sable-neoforge.mixins.json into com.simibubi.create.content.trains.track.TrackTargetingClient
[10вер.2026 18:56:30.000] [Render thread/INFO] [mixin/]: Mixing compatibility.create.frogports.ChainConveyorRidingHandlerMixin from sable-neoforge.mixins.json into com.simibubi.create.content.kinetics.chainConveyor.ChainConveyorRidingHandler
[10вер.2026 18:56:30.003] [Render thread/INFO] [mixin/]: Mixing compatibility.create.frogports.PackagePortTargetSelectionHandlerMixin from sable-neoforge.mixins.json into com.simibubi.create.content.logistics.packagePort.PackagePortTargetSelectionHandler
[10вер.2026 18:56:30.007] [Render thread/INFO] [mixin/]: Mixing compatibility.create.factory_panel.FactoryPanelConnectionHandlerMixin from sable-neoforge.mixins.json into com.simibubi.create.content.logistics.factoryBoard.FactoryPanelConnectionHandler
[10вер.2026 18:56:30.045] [Render thread/INFO] [mixin/]: Mixing plot.lighting.RenderChunkRegionMixin from sable.mixins.json into net.minecraft.client.renderer.chunk.RenderChunkRegion
[10вер.2026 18:56:30.061] [rend_chk_rebuild/INFO] [mixin/]: Mixing dynamic_directional_shading.AmbientOcclusionFaceMixin from sable.mixins.json into net.minecraft.client.renderer.block.ModelBlockRenderer$AmbientOcclusionFace
[10вер.2026 18:56:30.066] [Render thread/INFO] [mixin/]: Mixing compatibility.flywheel.EmbeddedEnvironmentMixin from sable-neoforge.mixins.json into dev.engine_room.flywheel.backend.engine.embed.EmbeddedEnvironment
[10вер.2026 18:56:30.104] [Render thread/INFO] [Veil/]: Multi-Bind supported, using core
[10вер.2026 18:56:30.107] [Render thread/INFO] [mixin/]: Mixing client.PerformanceScreenEffectRendererMixin from veil.performance.mixins.json into net.minecraft.client.renderer.ScreenEffectRenderer
[10вер.2026 18:56:30.109] [Render thread/INFO] [mixin/]: Mixing client.ScreenEffectRendererMixin from createbigcannons.mixins.json into net.minecraft.client.renderer.ScreenEffectRenderer
[10вер.2026 18:56:30.270] [Render thread/INFO] [mixin/]: Mixing compatibility.jade.RayTracingMixin from sable.mixins.json into snownee.jade.overlay.RayTracing
[10вер.2026 18:56:31.882] [Render thread/INFO] [mixin/]: Mixing compatibility.create.stock_ticker.EntityHatsMixin from sable-neoforge.mixins.json into com.simibubi.create.content.equipment.hats.EntityHats
[10вер.2026 18:56:34.485] [Server thread/INFO] [net.minecraft.server.MinecraftServer/]: [Dev: Set the time to 1000]
[10вер.2026 18:56:34.498] [Render thread/INFO] [net.minecraft.client.gui.components.ChatComponent/]: [System] [CHAT] Set the time to 1000
[10вер.2026 18:56:42.768] [Render thread/INFO] [mixin/]: Mixing compatibility.create.frogports.ChainPackageInteractionHandlerMixin from sable-neoforge.mixins.json into com.simibubi.create.content.kinetics.chainConveyor.ChainPackageInteractionHandler
[10вер.2026 18:56:42.777] [Render thread/INFO] [mixin/]: Mixing sound.MovingSoundInstanceDelegateMixin from sable-neoforge.mixins.json into dev.ryanhcode.sable.sound.MovingSoundInstanceDelegate
[10вер.2026 18:56:42.848] [Server thread/INFO] [mixin/]: Mixing propeller_collision.ContraptionColliderMixin from aeronautics.mixins.json into com.simibubi.create.content.contraptions.ContraptionCollider
[10вер.2026 18:56:42.849] [Server thread/INFO] [mixin/]: Mixing compatibility.create.contraptions.ContraptionColliderMixin from sable-neoforge.mixins.json into com.simibubi.create.content.contraptions.ContraptionCollider
[10вер.2026 18:56:42.850] [Server thread/INFO] [mixin/]: Mixing compat.create.ContraptionColliderMixin from createbigcannons.mixins.json into com.simibubi.create.content.contraptions.ContraptionCollider
[10вер.2026 18:56:43.001] [Render thread/INFO] [mixin/]: Mixing compatibility.create.contraptions.Matrix3dAccessor from sable-neoforge.mixins.json into com.simibubi.create.foundation.collision.Matrix3d
[10вер.2026 18:56:46.474] [Render thread/INFO] [mixin/]: Mixing compatibility.create.elevator_controls.ElevatorControlsHandlerMixin from sable-neoforge.mixins.json into com.simibubi.create.content.contraptions.elevator.ElevatorControlsHandler
[10вер.2026 18:57:25.720] [Server thread/INFO] [net.minecraft.client.server.IntegratedServer/]: Saving and pausing game...
[10вер.2026 18:57:25.732] [Server thread/INFO] [net.minecraft.server.MinecraftServer/]: Saving chunks for level 'ServerLevel[New World]'/minecraft:overworld
[10вер.2026 18:57:25.732] [Server thread/INFO] [dev.ryanhcode.sable.Sable/]: Saving sub-levels for level 'ServerLevel[New World]'/minecraft:overworld
[10вер.2026 18:57:25.757] [Server thread/INFO] [net.minecraft.server.MinecraftServer/]: Saving chunks for level 'ServerLevel[New World]'/minecraft:the_end
[10вер.2026 18:57:25.757] [Server thread/INFO] [dev.ryanhcode.sable.Sable/]: Saving sub-levels for level 'ServerLevel[New World]'/minecraft:the_end
[10вер.2026 18:57:25.758] [Server thread/INFO] [net.minecraft.server.MinecraftServer/]: Saving chunks for level 'ServerLevel[New World]'/minecraft:the_nether
[10вер.2026 18:57:25.758] [Server thread/INFO] [dev.ryanhcode.sable.Sable/]: Saving sub-levels for level 'ServerLevel[New World]'/minecraft:the_nether
[10вер.2026 18:57:29.043] [Server thread/INFO] [mixin/]: Mixing extra_kinetics.RotationPropagatorMixin from simulated.mixins.json into com.simibubi.create.content.kinetics.RotationPropagator
[10вер.2026 18:57:29.044] [Server thread/INFO] [mixin/]: Mixing compat.create.rotation_propagation.RotationPropagatorMixin from createbigcannons.mixins.json into com.simibubi.create.content.kinetics.RotationPropagator
[10вер.2026 18:57:29.045] [Server thread/INFO] [mixin/]: Mixing RotationPropagatorMixin from offroad.mixins.json into com.simibubi.create.content.kinetics.RotationPropagator
[10вер.2026 18:57:29.045] [Server thread/INFO] [mixin/]: Mixing flicker_tally_removal.RotationPropagatorMixin from simulated.mixins.json into com.simibubi.create.content.kinetics.RotationPropagator
[10вер.2026 18:57:30.974] [Render thread/ERROR] [dev.ryanhcode.sable.Sable/]: Received a sub-level movement packet for a non-existent sub-level
[10вер.2026 18:57:31.474] [Render thread/ERROR] [dev.ryanhcode.sable.Sable/]: Received a sub-level movement packet for a non-existent sub-level
[10вер.2026 19:00:19.819] [Server thread/INFO] [net.minecraft.client.server.IntegratedServer/]: Saving and pausing game...
[10вер.2026 19:00:19.832] [Server thread/INFO] [net.minecraft.server.MinecraftServer/]: Saving chunks for level 'ServerLevel[New World]'/minecraft:overworld
[10вер.2026 19:00:19.832] [Server thread/INFO] [dev.ryanhcode.sable.Sable/]: Saving sub-levels for level 'ServerLevel[New World]'/minecraft:overworld
[10вер.2026 19:00:19.859] [Server thread/INFO] [net.minecraft.server.MinecraftServer/]: Saving chunks for level 'ServerLevel[New World]'/minecraft:the_end
[10вер.2026 19:00:19.859] [Server thread/INFO] [dev.ryanhcode.sable.Sable/]: Saving sub-levels for level 'ServerLevel[New World]'/minecraft:the_end
[10вер.2026 19:00:19.859] [Server thread/INFO] [net.minecraft.server.MinecraftServer/]: Saving chunks for level 'ServerLevel[New World]'/minecraft:the_nether
[10вер.2026 19:00:19.860] [Server thread/INFO] [dev.ryanhcode.sable.Sable/]: Saving sub-levels for level 'ServerLevel[New World]'/minecraft:the_nether
[10вер.2026 19:01:25.409] [Render thread/INFO] [mixin/]: Mixing creative_tab_sections.ItemPickerMenuMixin from simulated.mixins.json into net.minecraft.client.gui.screens.inventory.CreativeModeInventoryScreen$ItemPickerMenu
[10вер.2026 19:01:30.191] [Server thread/INFO] [dev.ryanhcode.sable.Sable/]: Saving sub-levels for level 'ServerLevel[New World]'/minecraft:overworld
[10вер.2026 19:01:30.207] [Server thread/INFO] [dev.ryanhcode.sable.Sable/]: Saving sub-levels for level 'ServerLevel[New World]'/minecraft:the_end
[10вер.2026 19:01:30.208] [Server thread/INFO] [dev.ryanhcode.sable.Sable/]: Saving sub-levels for level 'ServerLevel[New World]'/minecraft:the_nether
[10вер.2026 19:06:10.953] [Server thread/WARN] [com.happysg.radar.block.behavior.networks.WeaponFiringControl/]: setTarget() -> new target=(-266.3022877853364, -51.016923980467254, -214.39407898113132) config=TargetingConfig[player=false, contraption=false, mob=true, animal=true, projectile=false, autoTarget=false, autoFire=true, lineOfSight=false] atTick=1996457
[10вер.2026 19:06:11.073] [Server thread/WARN] [com.happysg.radar.block.behavior.networks.WeaponFiringControl/]: setTarget() -> new target=(-266.3022877853364, -51.016923980467254, -214.39407898113132) config=TargetingConfig[player=false, contraption=false, mob=true, animal=true, projectile=false, autoTarget=false, autoFire=true, lineOfSight=false] atTick=1996460
[10вер.2026 19:06:15.075] [Server thread/WARN] [com.happysg.radar.block.behavior.networks.WeaponFiringControl/]: WFC FIREGATES: auto=true lead=false laserNoLead=false yawPitchOk=false safeOk=true cannonReady=true stableOk=true firingBE=false target=(-266.3022877853364, -51.016923980467254, -214.39407898113132) aim=(-266.3022877853364, -51.016923980467254, -214.39407898113132) offset=0.0 stable=18/2
[10вер.2026 19:06:15.077] [Server thread/WARN] [com.happysg.radar.block.behavior.networks.WeaponFiringControl/]: WFC AIMCHK: yawCtrl=BlockPos{x=20481031, y=128, z=20487173} pitchCtrl=BlockPos{x=20481030, y=129, z=20487173} atYaw=false atPitch=true targYaw=135.00851440429688 targPitch=-3.57029028236866E-4
[10вер.2026 19:06:15.078] [Server thread/WARN] [com.happysg.radar.block.behavior.networks.WeaponFiringControl/]: WFC BLOCK: no lead solution
[10вер.2026 19:06:15.079] [Server thread/WARN] [com.happysg.radar.block.behavior.networks.WeaponFiringControl/]: WFC BLOCK: yaw/pitch not aligned
[10вер.2026 19:06:16.074] [Server thread/WARN] [com.happysg.radar.block.behavior.networks.WeaponFiringControl/]: WFC FIREGATES: auto=true lead=false laserNoLead=false yawPitchOk=true safeOk=true cannonReady=true stableOk=true firingBE=false target=(-266.3022877853364, -51.016923980467254, -214.39407898113132) aim=(-266.3022877853364, -51.016923980467254, -214.39407898113132) offset=0.0 stable=38/2
[10вер.2026 19:06:16.074] [Server thread/WARN] [com.happysg.radar.block.behavior.networks.WeaponFiringControl/]: WFC BLOCK: no lead solution
[10вер.2026 19:06:17.073] [Server thread/WARN] [com.happysg.radar.block.behavior.networks.WeaponFiringControl/]: WFC FIREGATES: auto=true lead=false laserNoLead=false yawPitchOk=true safeOk=true cannonReady=true stableOk=true firingBE=false target=(-266.3022877853364, -51.016923980467254, -214.39407898113132) aim=(-266.3022877853364, -51.016923980467254, -214.39407898113132) offset=0.0 stable=58/2
[10вер.2026 19:06:17.074] [Server thread/WARN] [com.happysg.radar.block.behavior.networks.WeaponFiringControl/]: WFC BLOCK: no lead solution
[10вер.2026 19:06:18.074] [Server thread/WARN] [com.happysg.radar.block.behavior.networks.WeaponFiringControl/]: WFC FIREGATES: auto=true lead=false laserNoLead=false yawPitchOk=true safeOk=true cannonReady=true stableOk=true firingBE=false target=(-266.3022877853364, -51.016923980467254, -214.39407898113132) aim=(-266.3022877853364, -51.016923980467254, -214.39407898113132) offset=0.0 stable=78/2
[10вер.2026 19:06:18.074] [Server thread/WARN] [com.happysg.radar.block.behavior.networks.WeaponFiringControl/]: WFC BLOCK: no lead solution
[10вер.2026 19:06:19.073] [Server thread/WARN] [com.happysg.radar.block.behavior.networks.WeaponFiringControl/]: WFC FIREGATES: auto=true lead=false laserNoLead=false yawPitchOk=true safeOk=true cannonReady=true stableOk=true firingBE=false target=(-266.3022877853364, -51.016923980467254, -214.39407898113132) aim=(-266.3022877853364, -51.016923980467254, -214.39407898113132) offset=0.0 stable=98/2
[10вер.2026 19:06:19.074] [Server thread/WARN] [com.happysg.radar.block.behavior.networks.WeaponFiringControl/]: WFC BLOCK: no lead solution
[10вер.2026 19:06:20.073] [Server thread/WARN] [com.happysg.radar.block.behavior.networks.WeaponFiringControl/]: WFC FIREGATES: auto=true lead=false laserNoLead=false yawPitchOk=true safeOk=true cannonReady=true stableOk=true firingBE=false target=(-266.3022877853364, -51.016923980467254, -214.39407898113132) aim=(-266.3022877853364, -51.016923980467254, -214.39407898113132) offset=0.0 stable=118/2
[10вер.2026 19:06:20.073] [Server thread/WARN] [com.happysg.radar.block.behavior.networks.WeaponFiringControl/]: WFC BLOCK: no lead solution
[10вер.2026 19:06:21.075] [Server thread/WARN] [com.happysg.radar.block.behavior.networks.WeaponFiringControl/]: WFC FIREGATES: auto=true lead=false laserNoLead=false yawPitchOk=true safeOk=true cannonReady=true stableOk=true firingBE=false target=(-266.3022877853364, -51.016923980467254, -214.39407898113132) aim=(-266.3022877853364, -51.016923980467254, -214.39407898113132) offset=0.0 stable=138/2
[10вер.2026 19:06:21.076] [Server thread/WARN] [com.happysg.radar.block.behavior.networks.WeaponFiringControl/]: WFC BLOCK: no lead solution
[10вер.2026 19:06:21.464] [Server thread/WARN] [com.happysg.radar.block.behavior.networks.WeaponFiringControl/]: setTarget() -> new target=(-270.74988673534244, -52.52518726262497, -212.06134510412812) config=TargetingConfig[player=false, contraption=false, mob=true, animal=true, projectile=false, autoTarget=false, autoFire=true, lineOfSight=false] atTick=1996667
[10вер.2026 19:06:21.575] [Server thread/WARN] [com.happysg.radar.block.behavior.networks.WeaponFiringControl/]: setTarget() -> new target=(-270.74988673534244, -52.52518726262497, -212.06134510412812) config=TargetingConfig[player=false, contraption=false, mob=true, animal=true, projectile=false, autoTarget=false, autoFire=true, lineOfSight=false] atTick=1996670
[10вер.2026 19:06:22.073] [Server thread/WARN] [com.happysg.radar.block.behavior.networks.WeaponFiringControl/]: WFC FIREGATES: auto=true lead=false laserNoLead=false yawPitchOk=true safeOk=true cannonReady=true stableOk=true firingBE=false target=(-270.74988673534244, -52.52518726262497, -212.06134510412812) aim=(-270.74988673534244, -52.52518726262497, -212.06134510412812) offset=0.0 stable=10/2
[10вер.2026 19:06:22.073] [Server thread/WARN] [com.happysg.radar.block.behavior.networks.WeaponFiringControl/]: WFC BLOCK: no lead solution
[10вер.2026 19:06:23.073] [Server thread/WARN] [com.happysg.radar.block.behavior.networks.WeaponFiringControl/]: WFC FIREGATES: auto=true lead=false laserNoLead=false yawPitchOk=true safeOk=true cannonReady=true stableOk=true firingBE=false target=(-270.74988673534244, -52.52518726262497, -212.06134510412812) aim=(-270.74988673534244, -52.52518726262497, -212.06134510412812) offset=0.0 stable=30/2
[10вер.2026 19:06:23.074] [Server thread/WARN] [com.happysg.radar.block.behavior.networks.WeaponFiringControl/]: WFC BLOCK: no lead solution
[10вер.2026 19:06:24.074] [Server thread/WARN] [com.happysg.radar.block.behavior.networks.WeaponFiringControl/]: WFC FIREGATES: auto=true lead=false laserNoLead=false yawPitchOk=true safeOk=true cannonReady=true stableOk=true firingBE=false target=(-270.74988673534244, -52.52518726262497, -212.06134510412812) aim=(-270.74988673534244, -52.52518726262497, -212.06134510412812) offset=0.0 stable=50/2
[10вер.2026 19:06:24.075] [Server thread/WARN] [com.happysg.radar.block.behavior.networks.WeaponFiringControl/]: WFC BLOCK: no lead solution
[10вер.2026 19:06:25.072] [Server thread/WARN] [com.happysg.radar.block.behavior.networks.WeaponFiringControl/]: WFC FIREGATES: auto=true lead=false laserNoLead=false yawPitchOk=true safeOk=true cannonReady=true stableOk=true firingBE=false target=(-270.74988673534244, -52.52518726262497, -212.06134510412812) aim=(-270.74988673534244, -52.52518726262497, -212.06134510412812) offset=0.0 stable=70/2
[10вер.2026 19:06:25.072] [Server thread/WARN] [com.happysg.radar.block.behavior.networks.WeaponFiringControl/]: WFC BLOCK: no lead solution
[10вер.2026 19:06:26.073] [Server thread/WARN] [com.happysg.radar.block.behavior.networks.WeaponFiringControl/]: WFC FIREGATES: auto=true lead=false laserNoLead=false yawPitchOk=true safeOk=true cannonReady=true stableOk=true firingBE=false target=(-270.74988673534244, -52.52518726262497, -212.06134510412812) aim=(-270.74988673534244, -52.52518726262497, -212.06134510412812) offset=0.0 stable=90/2
[10вер.2026 19:06:26.074] [Server thread/WARN] [com.happysg.radar.block.behavior.networks.WeaponFiringControl/]: WFC BLOCK: no lead solution
[10вер.2026 19:06:27.073] [Server thread/WARN] [com.happysg.radar.block.behavior.networks.WeaponFiringControl/]: WFC FIREGATES: auto=true lead=false laserNoLead=false yawPitchOk=true safeOk=true cannonReady=true stableOk=true firingBE=false target=(-270.74988673534244, -52.52518726262497, -212.06134510412812) aim=(-270.74988673534244, -52.52518726262497, -212.06134510412812) offset=0.0 stable=110/2
[10вер.2026 19:06:27.074] [Server thread/WARN] [com.happysg.radar.block.behavior.networks.WeaponFiringControl/]: WFC BLOCK: no lead solution
[10вер.2026 19:06:28.074] [Server thread/WARN] [com.happysg.radar.block.behavior.networks.WeaponFiringControl/]: WFC FIREGATES: auto=true lead=false laserNoLead=false yawPitchOk=true safeOk=true cannonReady=true stableOk=true firingBE=false target=(-270.74988673534244, -52.52518726262497, -212.06134510412812) aim=(-270.74988673534244, -52.52518726262497, -212.06134510412812) offset=0.0 stable=130/2
[10вер.2026 19:06:28.074] [Server thread/WARN] [com.happysg.radar.block.behavior.networks.WeaponFiringControl/]: WFC BLOCK: no lead solution
[10вер.2026 19:06:29.074] [Server thread/WARN] [com.happysg.radar.block.behavior.networks.WeaponFiringControl/]: WFC FIREGATES: auto=true lead=false laserNoLead=false yawPitchOk=true safeOk=true cannonReady=true stableOk=true firingBE=false target=(-270.74988673534244, -52.52518726262497, -212.06134510412812) aim=(-270.74988673534244, -52.52518726262497, -212.06134510412812) offset=0.0 stable=150/2
[10вер.2026 19:06:29.074] [Server thread/WARN] [com.happysg.radar.block.behavior.networks.WeaponFiringControl/]: WFC BLOCK: no lead solution
[10вер.2026 19:06:30.074] [Server thread/WARN] [com.happysg.radar.block.behavior.networks.WeaponFiringControl/]: WFC FIREGATES: auto=true lead=false laserNoLead=false yawPitchOk=true safeOk=true cannonReady=true stableOk=true firingBE=false target=(-270.74988673534244, -52.52518726262497, -212.06134510412812) aim=(-270.74988673534244, -52.52518726262497, -212.06134510412812) offset=0.0 stable=170/2
[10вер.2026 19:06:30.075] [Server thread/WARN] [com.happysg.radar.block.behavior.networks.WeaponFiringControl/]: WFC BLOCK: no lead solution
[10вер.2026 19:06:30.190] [Server thread/INFO] [dev.ryanhcode.sable.Sable/]: Saving sub-levels for level 'ServerLevel[New World]'/minecraft:overworld
[10вер.2026 19:06:30.213] [Server thread/INFO] [dev.ryanhcode.sable.Sable/]: Saving sub-levels for level 'ServerLevel[New World]'/minecraft:the_end
[10вер.2026 19:06:30.213] [Server thread/INFO] [dev.ryanhcode.sable.Sable/]: Saving sub-levels for level 'ServerLevel[New World]'/minecraft:the_nether
[10вер.2026 19:06:31.073] [Server thread/WARN] [com.happysg.radar.block.behavior.networks.WeaponFiringControl/]: WFC FIREGATES: auto=true lead=false laserNoLead=false yawPitchOk=true safeOk=true cannonReady=true stableOk=true firingBE=false target=(-270.74988673534244, -52.52518726262497, -212.06134510412812) aim=(-270.74988673534244, -52.52518726262497, -212.06134510412812) offset=0.0 stable=190/2
[10вер.2026 19:06:31.074] [Server thread/WARN] [com.happysg.radar.block.behavior.networks.WeaponFiringControl/]: WFC BLOCK: no lead solution
[10вер.2026 19:06:32.073] [Server thread/WARN] [com.happysg.radar.block.behavior.networks.WeaponFiringControl/]: WFC FIREGATES: auto=true lead=false laserNoLead=false yawPitchOk=true safeOk=true cannonReady=true stableOk=true firingBE=false target=(-270.74988673534244, -52.52518726262497, -212.06134510412812) aim=(-270.74988673534244, -52.52518726262497, -212.06134510412812) offset=0.0 stable=210/2
[10вер.2026 19:06:32.073] [Server thread/WARN] [com.happysg.radar.block.behavior.networks.WeaponFiringControl/]: WFC BLOCK: no lead solution
[10вер.2026 19:06:33.074] [Server thread/WARN] [com.happysg.radar.block.behavior.networks.WeaponFiringControl/]: WFC FIREGATES: auto=true lead=false laserNoLead=false yawPitchOk=true safeOk=true cannonReady=true stableOk=true firingBE=false target=(-270.74988673534244, -52.52518726262497, -212.06134510412812) aim=(-270.74988673534244, -52.52518726262497, -212.06134510412812) offset=0.0 stable=230/2
[10вер.2026 19:06:33.074] [Server thread/WARN] [com.happysg.radar.block.behavior.networks.WeaponFiringControl/]: WFC BLOCK: no lead solution
[10вер.2026 19:06:34.073] [Server thread/WARN] [com.happysg.radar.block.behavior.networks.WeaponFiringControl/]: WFC FIREGATES: auto=true lead=false laserNoLead=false yawPitchOk=true safeOk=true cannonReady=true stableOk=true firingBE=false target=(-270.74988673534244, -52.52518726262497, -212.06134510412812) aim=(-270.74988673534244, -52.52518726262497, -212.06134510412812) offset=0.0 stable=250/2
[10вер.2026 19:06:34.073] [Server thread/WARN] [com.happysg.radar.block.behavior.networks.WeaponFiringControl/]: WFC BLOCK: no lead solution
[10вер.2026 19:06:35.074] [Server thread/WARN] [com.happysg.radar.block.behavior.networks.WeaponFiringControl/]: WFC FIREGATES: auto=true lead=false laserNoLead=false yawPitchOk=true safeOk=true cannonReady=true stableOk=true firingBE=false target=(-270.74988673534244, -52.52518726262497, -212.06134510412812) aim=(-270.74988673534244, -52.52518726262497, -212.06134510412812) offset=0.0 stable=270/2
[10вер.2026 19:06:35.074] [Server thread/WARN] [com.happysg.radar.block.behavior.networks.WeaponFiringControl/]: WFC BLOCK: no lead solution
[10вер.2026 19:06:36.074] [Server thread/WARN] [com.happysg.radar.block.behavior.networks.WeaponFiringControl/]: WFC FIREGATES: auto=true lead=false laserNoLead=false yawPitchOk=true safeOk=true cannonReady=true stableOk=true firingBE=false target=(-270.74988673534244, -52.52518726262497, -212.06134510412812) aim=(-270.74988673534244, -52.52518726262497, -212.06134510412812) offset=0.0 stable=290/2
[10вер.2026 19:06:36.074] [Server thread/WARN] [com.happysg.radar.block.behavior.networks.WeaponFiringControl/]: WFC BLOCK: no lead solution
[10вер.2026 19:06:37.074] [Server thread/WARN] [com.happysg.radar.block.behavior.networks.WeaponFiringControl/]: WFC FIREGATES: auto=true lead=false laserNoLead=false yawPitchOk=true safeOk=true cannonReady=true stableOk=true firingBE=false target=(-270.74988673534244, -52.52518726262497, -212.06134510412812) aim=(-270.74988673534244, -52.52518726262497, -212.06134510412812) offset=0.0 stable=310/2
[10вер.2026 19:06:37.074] [Server thread/WARN] [com.happysg.radar.block.behavior.networks.WeaponFiringControl/]: WFC BLOCK: no lead solution
[10вер.2026 19:06:38.073] [Server thread/WARN] [com.happysg.radar.block.behavior.networks.WeaponFiringControl/]: WFC FIREGATES: auto=true lead=false laserNoLead=false yawPitchOk=true safeOk=true cannonReady=true stableOk=true firingBE=false target=(-270.74988673534244, -52.52518726262497, -212.06134510412812) aim=(-270.74988673534244, -52.52518726262497, -212.06134510412812) offset=0.0 stable=330/2
[10вер.2026 19:06:38.073] [Server thread/WARN] [com.happysg.radar.block.behavior.networks.WeaponFiringControl/]: WFC BLOCK: no lead solution
[10вер.2026 19:06:39.072] [Server thread/WARN] [com.happysg.radar.block.behavior.networks.WeaponFiringControl/]: WFC FIREGATES: auto=true lead=false laserNoLead=false yawPitchOk=true safeOk=true cannonReady=true stableOk=true firingBE=false target=(-270.74988673534244, -52.52518726262497, -212.06134510412812) aim=(-270.74988673534244, -52.52518726262497, -212.06134510412812) offset=0.0 stable=350/2
[10вер.2026 19:06:39.072] [Server thread/WARN] [com.happysg.radar.block.behavior.networks.WeaponFiringControl/]: WFC BLOCK: no lead solution
[10вер.2026 19:06:40.075] [Server thread/WARN] [com.happysg.radar.block.behavior.networks.WeaponFiringControl/]: WFC FIREGATES: auto=true lead=false laserNoLead=false yawPitchOk=true safeOk=true cannonReady=true stableOk=true firingBE=false target=(-270.74988673534244, -52.52518726262497, -212.06134510412812) aim=(-270.74988673534244, -52.52518726262497, -212.06134510412812) offset=0.0 stable=370/2
[10вер.2026 19:06:40.075] [Server thread/WARN] [com.happysg.radar.block.behavior.networks.WeaponFiringControl/]: WFC BLOCK: no lead solution
[10вер.2026 19:06:41.074] [Server thread/WARN] [com.happysg.radar.block.behavior.networks.WeaponFiringControl/]: WFC FIREGATES: auto=true lead=false laserNoLead=false yawPitchOk=true safeOk=true cannonReady=true stableOk=true firingBE=false target=(-270.74988673534244, -52.52518726262497, -212.06134510412812) aim=(-270.74988673534244, -52.52518726262497, -212.06134510412812) offset=0.0 stable=390/2
[10вер.2026 19:06:41.074] [Server thread/WARN] [com.happysg.radar.block.behavior.networks.WeaponFiringControl/]: WFC BLOCK: no lead solution
[10вер.2026 19:06:42.075] [Server thread/WARN] [com.happysg.radar.block.behavior.networks.WeaponFiringControl/]: WFC FIREGATES: auto=true lead=false laserNoLead=false yawPitchOk=true safeOk=true cannonReady=true stableOk=true firingBE=false target=(-270.74988673534244, -52.52518726262497, -212.06134510412812) aim=(-270.74988673534244, -52.52518726262497, -212.06134510412812) offset=0.0 stable=410/2
[10вер.2026 19:06:42.075] [Server thread/WARN] [com.happysg.radar.block.behavior.networks.WeaponFiringControl/]: WFC BLOCK: no lead solution
[10вер.2026 19:06:43.074] [Server thread/WARN] [com.happysg.radar.block.behavior.networks.WeaponFiringControl/]: WFC FIREGATES: auto=true lead=false laserNoLead=false yawPitchOk=true safeOk=true cannonReady=true stableOk=true firingBE=false target=(-270.74988673534244, -52.52518726262497, -212.06134510412812) aim=(-270.74988673534244, -52.52518726262497, -212.06134510412812) offset=0.0 stable=430/2
[10вер.2026 19:06:43.075] [Server thread/WARN] [com.happysg.radar.block.behavior.networks.WeaponFiringControl/]: WFC BLOCK: no lead solution
[10вер.2026 19:06:44.073] [Server thread/WARN] [com.happysg.radar.block.behavior.networks.WeaponFiringControl/]: WFC FIREGATES: auto=true lead=false laserNoLead=false yawPitchOk=true safeOk=true cannonReady=true stableOk=true firingBE=false target=(-270.74988673534244, -52.52518726262497, -212.06134510412812) aim=(-270.74988673534244, -52.52518726262497, -212.06134510412812) offset=0.0 stable=450/2
[10вер.2026 19:06:44.073] [Server thread/WARN] [com.happysg.radar.block.behavior.networks.WeaponFiringControl/]: WFC BLOCK: no lead solution
[10вер.2026 19:06:45.074] [Server thread/WARN] [com.happysg.radar.block.behavior.networks.WeaponFiringControl/]: WFC FIREGATES: auto=true lead=false laserNoLead=false yawPitchOk=true safeOk=true cannonReady=true stableOk=true firingBE=false target=(-270.74988673534244, -52.52518726262497, -212.06134510412812) aim=(-270.74988673534244, -52.52518726262497, -212.06134510412812) offset=0.0 stable=470/2
[10вер.2026 19:06:45.075] [Server thread/WARN] [com.happysg.radar.block.behavior.networks.WeaponFiringControl/]: WFC BLOCK: no lead solution
[10вер.2026 19:06:46.073] [Server thread/WARN] [com.happysg.radar.block.behavior.networks.WeaponFiringControl/]: WFC FIREGATES: auto=true lead=false laserNoLead=false yawPitchOk=true safeOk=true cannonReady=true stableOk=true firingBE=false target=(-270.74988673534244, -52.52518726262497, -212.06134510412812) aim=(-270.74988673534244, -52.52518726262497, -212.06134510412812) offset=0.0 stable=490/2
[10вер.2026 19:06:46.074] [Server thread/WARN] [com.happysg.radar.block.behavior.networks.WeaponFiringControl/]: WFC BLOCK: no lead solution
[10вер.2026 19:06:47.073] [Server thread/WARN] [com.happysg.radar.block.behavior.networks.WeaponFiringControl/]: WFC FIREGATES: auto=true lead=false laserNoLead=false yawPitchOk=true safeOk=true cannonReady=true stableOk=true firingBE=false target=(-270.74988673534244, -52.52518726262497, -212.06134510412812) aim=(-270.74988673534244, -52.52518726262497, -212.06134510412812) offset=0.0 stable=510/2
[10вер.2026 19:06:47.073] [Server thread/WARN] [com.happysg.radar.block.behavior.networks.WeaponFiringControl/]: WFC BLOCK: no lead solution
[10вер.2026 19:06:48.073] [Server thread/WARN] [com.happysg.radar.block.behavior.networks.WeaponFiringControl/]: WFC FIREGATES: auto=true lead=false laserNoLead=false yawPitchOk=true safeOk=true cannonReady=true stableOk=true firingBE=false target=(-270.74988673534244, -52.52518726262497, -212.06134510412812) aim=(-270.74988673534244, -52.52518726262497, -212.06134510412812) offset=0.0 stable=530/2
[10вер.2026 19:06:48.073] [Server thread/WARN] [com.happysg.radar.block.behavior.networks.WeaponFiringControl/]: WFC BLOCK: no lead solution
[10вер.2026 19:06:49.077] [Server thread/WARN] [com.happysg.radar.block.behavior.networks.WeaponFiringControl/]: WFC FIREGATES: auto=true lead=false laserNoLead=false yawPitchOk=true safeOk=true cannonReady=true stableOk=true firingBE=false target=(-270.74988673534244, -52.52518726262497, -212.06134510412812) aim=(-270.74988673534244, -52.52518726262497, -212.06134510412812) offset=0.0 stable=550/2
[10вер.2026 19:06:49.077] [Server thread/WARN] [com.happysg.radar.block.behavior.networks.WeaponFiringControl/]: WFC BLOCK: no lead solution
[10вер.2026 19:06:49.518] [Server thread/WARN] [com.happysg.radar.block.behavior.networks.WeaponFiringControl/]: setTarget() -> new target=(-301.3199462890625, -59.50255584716797, -209.04173278994858) config=TargetingConfig[player=false, contraption=false, mob=true, animal=true, projectile=false, autoTarget=false, autoFire=true, lineOfSight=false] atTick=1997228
[10вер.2026 19:06:49.574] [Server thread/WARN] [com.happysg.radar.block.behavior.networks.WeaponFiringControl/]: setTarget() -> new target=(-301.3199462890625, -59.50255584716797, -209.04173278994858) config=TargetingConfig[player=false, contraption=false, mob=true, animal=true, projectile=false, autoTarget=false, autoFire=true, lineOfSight=false] atTick=1997230
[10вер.2026 19:06:50.073] [Server thread/WARN] [com.happysg.radar.block.behavior.networks.WeaponFiringControl/]: WFC FIREGATES: auto=true lead=false laserNoLead=false yawPitchOk=true safeOk=true cannonReady=true stableOk=true firingBE=false target=(-301.3199462890625, -59.50255584716797, -209.04173278994858) aim=(-301.3199462890625, -59.50255584716797, -209.04173278994858) offset=0.0 stable=10/2
[10вер.2026 19:06:50.073] [Server thread/WARN] [com.happysg.radar.block.behavior.networks.WeaponFiringControl/]: WFC BLOCK: no lead solution
[10вер.2026 19:06:51.076] [Server thread/WARN] [com.happysg.radar.block.behavior.networks.WeaponFiringControl/]: WFC FIREGATES: auto=true lead=false laserNoLead=false yawPitchOk=true safeOk=true cannonReady=true stableOk=true firingBE=false target=(-301.3199462890625, -59.50255584716797, -209.04173278994858) aim=(-301.3199462890625, -59.50255584716797, -209.04173278994858) offset=0.0 stable=30/2
[10вер.2026 19:06:51.076] [Server thread/WARN] [com.happysg.radar.block.behavior.networks.WeaponFiringControl/]: WFC BLOCK: no lead solution
[10вер.2026 19:06:52.074] [Server thread/WARN] [com.happysg.radar.block.behavior.networks.WeaponFiringControl/]: WFC FIREGATES: auto=true lead=false laserNoLead=false yawPitchOk=true safeOk=true cannonReady=true stableOk=true firingBE=false target=(-301.3199462890625, -59.50255584716797, -209.04173278994858) aim=(-301.3199462890625, -59.50255584716797, -209.04173278994858) offset=0.0 stable=50/2
[10вер.2026 19:06:52.074] [Server thread/WARN] [com.happysg.radar.block.behavior.networks.WeaponFiringControl/]: WFC BLOCK: no lead solution
[10вер.2026 19:06:53.073] [Server thread/WARN] [com.happysg.radar.block.behavior.networks.WeaponFiringControl/]: WFC FIREGATES: auto=true lead=false laserNoLead=false yawPitchOk=true safeOk=true cannonReady=true stableOk=true firingBE=false target=(-301.3199462890625, -59.50255584716797, -209.04173278994858) aim=(-301.3199462890625, -59.50255584716797, -209.04173278994858) offset=0.0 stable=70/2
[10вер.2026 19:06:53.073] [Server thread/WARN] [com.happysg.radar.block.behavior.networks.WeaponFiringControl/]: WFC BLOCK: no lead solution
[10вер.2026 19:06:54.074] [Server thread/WARN] [com.happysg.radar.block.behavior.networks.WeaponFiringControl/]: WFC FIREGATES: auto=true lead=false laserNoLead=false yawPitchOk=true safeOk=true cannonReady=true stableOk=true firingBE=false target=(-301.3199462890625, -59.50255584716797, -209.04173278994858) aim=(-301.3199462890625, -59.50255584716797, -209.04173278994858) offset=0.0 stable=90/2
[10вер.2026 19:06:54.074] [Server thread/WARN] [com.happysg.radar.block.behavior.networks.WeaponFiringControl/]: WFC BLOCK: no lead solution
[10вер.2026 19:06:55.073] [Server thread/WARN] [com.happysg.radar.block.behavior.networks.WeaponFiringControl/]: WFC FIREGATES: auto=true lead=false laserNoLead=false yawPitchOk=true safeOk=true cannonReady=true stableOk=true firingBE=false target=(-301.3199462890625, -59.50255584716797, -209.04173278994858) aim=(-301.3199462890625, -59.50255584716797, -209.04173278994858) offset=0.0 stable=110/2
[10вер.2026 19:06:55.073] [Server thread/WARN] [com.happysg.radar.block.behavior.networks.WeaponFiringControl/]: WFC BLOCK: no lead solution
[10вер.2026 19:06:56.073] [Server thread/WARN] [com.happysg.radar.block.behavior.networks.WeaponFiringControl/]: WFC FIREGATES: auto=true lead=false laserNoLead=false yawPitchOk=true safeOk=true cannonReady=true stableOk=true firingBE=false target=(-301.3199462890625, -59.50255584716797, -209.04173278994858) aim=(-301.3199462890625, -59.50255584716797, -209.04173278994858) offset=0.0 stable=130/2
[10вер.2026 19:06:56.074] [Server thread/WARN] [com.happysg.radar.block.behavior.networks.WeaponFiringControl/]: WFC BLOCK: no lead solution
[10вер.2026 19:06:57.074] [Server thread/WARN] [com.happysg.radar.block.behavior.networks.WeaponFiringControl/]: WFC FIREGATES: auto=true lead=false laserNoLead=false yawPitchOk=true safeOk=true cannonReady=true stableOk=true firingBE=false target=(-301.3199462890625, -59.50255584716797, -209.04173278994858) aim=(-301.3199462890625, -59.50255584716797, -209.04173278994858) offset=0.0 stable=150/2
[10вер.2026 19:06:57.074] [Server thread/WARN] [com.happysg.radar.block.behavior.networks.WeaponFiringControl/]: WFC BLOCK: no lead solution
[10вер.2026 19:06:58.073] [Server thread/WARN] [com.happysg.radar.block.behavior.networks.WeaponFiringControl/]: WFC FIREGATES: auto=true lead=false laserNoLead=false yawPitchOk=true safeOk=true cannonReady=true stableOk=true firingBE=false target=(-301.3199462890625, -59.50255584716797, -209.04173278994858) aim=(-301.3199462890625, -59.50255584716797, -209.04173278994858) offset=0.0 stable=170/2
[10вер.2026 19:06:58.073] [Server thread/WARN] [com.happysg.radar.block.behavior.networks.WeaponFiringControl/]: WFC BLOCK: no lead solution
[10вер.2026 19:06:59.072] [Server thread/WARN] [com.happysg.radar.block.behavior.networks.WeaponFiringControl/]: WFC FIREGATES: auto=true lead=false laserNoLead=false yawPitchOk=true safeOk=true cannonReady=true stableOk=true firingBE=false target=(-301.3199462890625, -59.50255584716797, -209.04173278994858) aim=(-301.3199462890625, -59.50255584716797, -209.04173278994858) offset=0.0 stable=190/2
[10вер.2026 19:06:59.072] [Server thread/WARN] [com.happysg.radar.block.behavior.networks.WeaponFiringControl/]: WFC BLOCK: no lead solution
[10вер.2026 19:07:00.076] [Server thread/WARN] [com.happysg.radar.block.behavior.networks.WeaponFiringControl/]: WFC FIREGATES: auto=true lead=false laserNoLead=false yawPitchOk=true safeOk=true cannonReady=true stableOk=true firingBE=false target=(-301.3199462890625, -59.50255584716797, -209.04173278994858) aim=(-301.3199462890625, -59.50255584716797, -209.04173278994858) offset=0.0 stable=210/2
[10вер.2026 19:07:00.076] [Server thread/WARN] [com.happysg.radar.block.behavior.networks.WeaponFiringControl/]: WFC BLOCK: no lead solution
[10вер.2026 19:07:00.227] [Server thread/WARN] [com.happysg.radar.block.behavior.networks.WeaponFiringControl/]: setTarget() -> new target=(-275.14304700452965, -60.0, -297.7833794166703) config=TargetingConfig[player=false, contraption=false, mob=true, animal=true, projectile=false, autoTarget=false, autoFire=true, lineOfSight=false] atTick=1997443
[10вер.2026 19:07:00.322] [Server thread/WARN] [com.happysg.radar.block.behavior.networks.WeaponFiringControl/]: setTarget() -> new target=(-275.14304700452965, -60.0, -297.7833794166703) config=TargetingConfig[player=false, contraption=false, mob=true, animal=true, projectile=false, autoTarget=false, autoFire=true, lineOfSight=false] atTick=1997445
[10вер.2026 19:07:01.073] [Server thread/WARN] [com.happysg.radar.block.behavior.networks.WeaponFiringControl/]: WFC FIREGATES: auto=true lead=false laserNoLead=false yawPitchOk=true safeOk=true cannonReady=true stableOk=true firingBE=false target=(-275.14304700452965, -60.0, -297.7833794166703) aim=(-275.14304700452965, -60.0, -297.7833794166703) offset=0.0 stable=15/2
[10вер.2026 19:07:01.073] [Server thread/WARN] [com.happysg.radar.block.behavior.networks.WeaponFiringControl/]: WFC BLOCK: no lead solution
[10вер.2026 19:07:02.075] [Server thread/WARN] [com.happysg.radar.block.behavior.networks.WeaponFiringControl/]: WFC FIREGATES: auto=true lead=false laserNoLead=false yawPitchOk=true safeOk=true cannonReady=true stableOk=true firingBE=false target=(-275.14304700452965, -60.0, -297.7833794166703) aim=(-275.14304700452965, -60.0, -297.7833794166703) offset=0.0 stable=35/2
[10вер.2026 19:07:02.075] [Server thread/WARN] [com.happysg.radar.block.behavior.networks.WeaponFiringControl/]: WFC BLOCK: no lead solution
[10вер.2026 19:07:03.073] [Server thread/WARN] [com.happysg.radar.block.behavior.networks.WeaponFiringControl/]: WFC FIREGATES: auto=true lead=false laserNoLead=false yawPitchOk=true safeOk=true cannonReady=true stableOk=true firingBE=false target=(-275.14304700452965, -60.0, -297.7833794166703) aim=(-275.14304700452965, -60.0, -297.7833794166703) offset=0.0 stable=55/2
[10вер.2026 19:07:03.073] [Server thread/WARN] [com.happysg.radar.block.behavior.networks.WeaponFiringControl/]: WFC BLOCK: no lead solution
[10вер.2026 19:07:04.074] [Server thread/WARN] [com.happysg.radar.block.behavior.networks.WeaponFiringControl/]: WFC FIREGATES: auto=true lead=false laserNoLead=false yawPitchOk=true safeOk=true cannonReady=true stableOk=true firingBE=false target=(-275.14304700452965, -60.0, -297.7833794166703) aim=(-275.14304700452965, -60.0, -297.7833794166703) offset=0.0 stable=75/2
[10вер.2026 19:07:04.074] [Server thread/WARN] [com.happysg.radar.block.behavior.networks.WeaponFiringControl/]: WFC BLOCK: no lead solution
[10вер.2026 19:07:06.073] [Server thread/WARN] [com.happysg.radar.block.behavior.networks.WeaponFiringControl/]: WFC FIREGATES: auto=true lead=false laserNoLead=false yawPitchOk=true safeOk=true cannonReady=true stableOk=true firingBE=false target=(-275.14304700452965, -60.0, -297.7833794166703) aim=(-275.14304700452965, -60.0, -297.7833794166703) offset=0.0 stable=103/2
[10вер.2026 19:07:06.074] [Server thread/WARN] [com.happysg.radar.block.behavior.networks.WeaponFiringControl/]: WFC BLOCK: no lead solution
[10вер.2026 19:07:07.075] [Server thread/WARN] [com.happysg.radar.block.behavior.networks.WeaponFiringControl/]: WFC FIREGATES: auto=true lead=false laserNoLead=false yawPitchOk=true safeOk=true cannonReady=true stableOk=true firingBE=false target=(-275.14304700452965, -60.0, -297.7833794166703) aim=(-275.14304700452965, -60.0, -297.7833794166703) offset=0.0 stable=123/2
[10вер.2026 19:07:07.076] [Server thread/WARN] [com.happysg.radar.block.behavior.networks.WeaponFiringControl/]: WFC BLOCK: no lead solution
[10вер.2026 19:07:08.073] [Server thread/WARN] [com.happysg.radar.block.behavior.networks.WeaponFiringControl/]: WFC FIREGATES: auto=true lead=false laserNoLead=false yawPitchOk=true safeOk=true cannonReady=true stableOk=true firingBE=false target=(-275.14304700452965, -60.0, -297.7833794166703) aim=(-275.14304700452965, -60.0, -297.7833794166703) offset=0.0 stable=143/2
[10вер.2026 19:07:08.073] [Server thread/WARN] [com.happysg.radar.block.behavior.networks.WeaponFiringControl/]: WFC BLOCK: no lead solution
[10вер.2026 19:07:09.073] [Server thread/WARN] [com.happysg.radar.block.behavior.networks.WeaponFiringControl/]: WFC FIREGATES: auto=true lead=false laserNoLead=false yawPitchOk=true safeOk=true cannonReady=true stableOk=true firingBE=false target=(-275.14304700452965, -60.0, -297.7833794166703) aim=(-275.14304700452965, -60.0, -297.7833794166703) offset=0.0 stable=163/2
[10вер.2026 19:07:09.073] [Server thread/WARN] [com.happysg.radar.block.behavior.networks.WeaponFiringControl/]: WFC BLOCK: no lead solution
[10вер.2026 19:07:10.073] [Server thread/WARN] [com.happysg.radar.block.behavior.networks.WeaponFiringControl/]: WFC FIREGATES: auto=true lead=false laserNoLead=false yawPitchOk=true safeOk=true cannonReady=true stableOk=true firingBE=false target=(-275.14304700452965, -60.0, -297.7833794166703) aim=(-275.14304700452965, -60.0, -297.7833794166703) offset=0.0 stable=183/2
[10вер.2026 19:07:10.073] [Server thread/WARN] [com.happysg.radar.block.behavior.networks.WeaponFiringControl/]: WFC BLOCK: no lead solution
[10вер.2026 19:07:11.075] [Server thread/WARN] [com.happysg.radar.block.behavior.networks.WeaponFiringControl/]: WFC FIREGATES: auto=true lead=false laserNoLead=false yawPitchOk=true safeOk=true cannonReady=true stableOk=true firingBE=false target=(-275.14304700452965, -60.0, -297.7833794166703) aim=(-275.14304700452965, -60.0, -297.7833794166703) offset=0.0 stable=203/2
[10вер.2026 19:07:11.075] [Server thread/WARN] [com.happysg.radar.block.behavior.networks.WeaponFiringControl/]: WFC BLOCK: no lead solution
[10вер.2026 19:07:12.073] [Server thread/WARN] [com.happysg.radar.block.behavior.networks.WeaponFiringControl/]: WFC FIREGATES: auto=true lead=false laserNoLead=false yawPitchOk=true safeOk=true cannonReady=true stableOk=true firingBE=false target=(-275.14304700452965, -60.0, -297.7833794166703) aim=(-275.14304700452965, -60.0, -297.7833794166703) offset=0.0 stable=223/2
[10вер.2026 19:07:12.073] [Server thread/WARN] [com.happysg.radar.block.behavior.networks.WeaponFiringControl/]: WFC BLOCK: no lead solution
[10вер.2026 19:07:13.073] [Server thread/WARN] [com.happysg.radar.block.behavior.networks.WeaponFiringControl/]: WFC FIREGATES: auto=true lead=false laserNoLead=false yawPitchOk=true safeOk=true cannonReady=true stableOk=true firingBE=false target=(-275.14304700452965, -60.0, -297.7833794166703) aim=(-275.14304700452965, -60.0, -297.7833794166703) offset=0.0 stable=243/2
[10вер.2026 19:07:13.073] [Server thread/WARN] [com.happysg.radar.block.behavior.networks.WeaponFiringControl/]: WFC BLOCK: no lead solution
[10вер.2026 19:07:14.077] [Server thread/WARN] [com.happysg.radar.block.behavior.networks.WeaponFiringControl/]: WFC FIREGATES: auto=true lead=false laserNoLead=false yawPitchOk=true safeOk=true cannonReady=true stableOk=true firingBE=false target=(-275.14304700452965, -60.0, -297.7833794166703) aim=(-275.14304700452965, -60.0, -297.7833794166703) offset=0.0 stable=263/2
[10вер.2026 19:07:14.077] [Server thread/WARN] [com.happysg.radar.block.behavior.networks.WeaponFiringControl/]: WFC BLOCK: no lead solution
[10вер.2026 19:07:15.073] [Server thread/WARN] [com.happysg.radar.block.behavior.networks.WeaponFiringControl/]: WFC FIREGATES: auto=true lead=false laserNoLead=false yawPitchOk=true safeOk=true cannonReady=true stableOk=true firingBE=false target=(-275.14304700452965, -60.0, -297.7833794166703) aim=(-275.14304700452965, -60.0, -297.7833794166703) offset=0.0 stable=283/2
[10вер.2026 19:07:15.073] [Server thread/WARN] [com.happysg.radar.block.behavior.networks.WeaponFiringControl/]: WFC BLOCK: no lead solution
[10вер.2026 19:07:16.073] [Server thread/WARN] [com.happysg.radar.block.behavior.networks.WeaponFiringControl/]: WFC FIREGATES: auto=true lead=false laserNoLead=false yawPitchOk=true safeOk=true cannonReady=true stableOk=true firingBE=false target=(-275.14304700452965, -60.0, -297.7833794166703) aim=(-275.14304700452965, -60.0, -297.7833794166703) offset=0.0 stable=303/2
[10вер.2026 19:07:16.073] [Server thread/WARN] [com.happysg.radar.block.behavior.networks.WeaponFiringControl/]: WFC BLOCK: no lead solution
[10вер.2026 19:07:17.073] [Server thread/WARN] [com.happysg.radar.block.behavior.networks.WeaponFiringControl/]: WFC FIREGATES: auto=true lead=false laserNoLead=false yawPitchOk=true safeOk=true cannonReady=true stableOk=true firingBE=false target=(-275.14304700452965, -60.0, -297.7833794166703) aim=(-275.14304700452965, -60.0, -297.7833794166703) offset=0.0 stable=323/2
[10вер.2026 19:07:17.073] [Server thread/WARN] [com.happysg.radar.block.behavior.networks.WeaponFiringControl/]: WFC BLOCK: no lead solution
[10вер.2026 19:07:18.072] [Server thread/WARN] [com.happysg.radar.block.behavior.networks.WeaponFiringControl/]: WFC FIREGATES: auto=true lead=false laserNoLead=false yawPitchOk=true safeOk=true cannonReady=true stableOk=true firingBE=false target=(-275.14304700452965, -60.0, -297.7833794166703) aim=(-275.14304700452965, -60.0, -297.7833794166703) offset=0.0 stable=343/2
[10вер.2026 19:07:18.072] [Server thread/WARN] [com.happysg.radar.block.behavior.networks.WeaponFiringControl/]: WFC BLOCK: no lead solution
[10вер.2026 19:07:25.999] [Server thread/WARN] [com.happysg.radar.block.behavior.networks.WeaponFiringControl/]: setTarget() -> new target=(-405.9896212499041, -62.0, -377.875) config=TargetingConfig[player=false, contraption=false, mob=true, animal=true, projectile=false, autoTarget=false, autoFire=true, lineOfSight=false] atTick=1997958
[10вер.2026 19:07:26.072] [Server thread/WARN] [com.happysg.radar.block.behavior.networks.WeaponFiringControl/]: setTarget() -> new target=(-405.9896212499041, -62.0, -377.875) config=TargetingConfig[player=false, contraption=false, mob=true, animal=true, projectile=false, autoTarget=false, autoFire=true, lineOfSight=false] atTick=1997960
[10вер.2026 19:07:29.072] [Server thread/WARN] [com.happysg.radar.block.behavior.networks.WeaponFiringControl/]: WFC FIREGATES: auto=true lead=false laserNoLead=false yawPitchOk=false safeOk=true cannonReady=true stableOk=true firingBE=false target=(-405.9896212499041, -62.0, -377.875) aim=(-405.9896212499041, -62.0, -377.875) offset=0.0 stable=10/2
[10вер.2026 19:07:29.073] [Server thread/WARN] [com.happysg.radar.block.behavior.networks.WeaponFiringControl/]: WFC AIMCHK: yawCtrl=BlockPos{x=20481031, y=128, z=20487173} pitchCtrl=BlockPos{x=20481030, y=129, z=20487173} atYaw=false atPitch=true targYaw=135.008544921875 targPitch=-3.7874869303777814E-4
[10вер.2026 19:07:29.073] [Server thread/WARN] [com.happysg.radar.block.behavior.networks.WeaponFiringControl/]: WFC BLOCK: no lead solution
[10вер.2026 19:07:29.073] [Server thread/WARN] [com.happysg.radar.block.behavior.networks.WeaponFiringControl/]: WFC BLOCK: yaw/pitch not aligned
[10вер.2026 19:07:30.072] [Server thread/WARN] [com.happysg.radar.block.behavior.networks.WeaponFiringControl/]: WFC FIREGATES: auto=true lead=false laserNoLead=false yawPitchOk=true safeOk=true cannonReady=true stableOk=true firingBE=false target=(-405.9896212499041, -62.0, -377.875) aim=(-405.9896212499041, -62.0, -377.875) offset=0.0 stable=30/2
[10вер.2026 19:07:30.072] [Server thread/WARN] [com.happysg.radar.block.behavior.networks.WeaponFiringControl/]: WFC BLOCK: no lead solution
[10вер.2026 19:07:31.074] [Server thread/WARN] [com.happysg.radar.block.behavior.networks.WeaponFiringControl/]: WFC FIREGATES: auto=true lead=false laserNoLead=false yawPitchOk=true safeOk=true cannonReady=true stableOk=true firingBE=false target=(-405.9896212499041, -62.0, -377.875) aim=(-405.9896212499041, -62.0, -377.875) offset=0.0 stable=50/2
[10вер.2026 19:07:31.074] [Server thread/WARN] [com.happysg.radar.block.behavior.networks.WeaponFiringControl/]: WFC BLOCK: no lead solution
[10вер.2026 19:07:58.860] [Server thread/WARN] [com.happysg.radar.block.behavior.networks.WeaponFiringControl/]: setTarget() -> new target=(-301.3199462890625, -59.50255584716797, -209.04173278994858) config=TargetingConfig[player=false, contraption=false, mob=true, animal=true, projectile=false, autoTarget=false, autoFire=true, lineOfSight=false] atTick=1998615
[10вер.2026 19:07:59.075] [Server thread/WARN] [com.happysg.radar.block.behavior.networks.WeaponFiringControl/]: setTarget() -> new target=(-301.3199462890625, -59.50255584716797, -209.04173278994858) config=TargetingConfig[player=false, contraption=false, mob=true, animal=true, projectile=false, autoTarget=false, autoFire=true, lineOfSight=false] atTick=1998620
[10вер.2026 19:08:04.073] [Server thread/WARN] [com.happysg.radar.block.behavior.networks.WeaponFiringControl/]: WFC FIREGATES: auto=true lead=false laserNoLead=false yawPitchOk=false safeOk=true cannonReady=true stableOk=true firingBE=false target=(-301.3199462890625, -59.50255584716797, -209.04173278994858) aim=(-301.3199462890625, -59.50255584716797, -209.04173278994858) offset=0.0 stable=13/2
[10вер.2026 19:08:04.073] [Server thread/WARN] [com.happysg.radar.block.behavior.networks.WeaponFiringControl/]: WFC AIMCHK: yawCtrl=BlockPos{x=20481031, y=128, z=20487173} pitchCtrl=BlockPos{x=20481030, y=129, z=20487173} atYaw=false atPitch=true targYaw=135.00845336914062 targPitch=-3.738117520697415E-4
[10вер.2026 19:08:04.073] [Server thread/WARN] [com.happysg.radar.block.behavior.networks.WeaponFiringControl/]: WFC BLOCK: no lead solution
[10вер.2026 19:08:04.073] [Server thread/WARN] [com.happysg.radar.block.behavior.networks.WeaponFiringControl/]: WFC BLOCK: yaw/pitch not aligned
[10вер.2026 19:08:05.072] [Server thread/WARN] [com.happysg.radar.block.behavior.networks.WeaponFiringControl/]: WFC FIREGATES: auto=true lead=false laserNoLead=false yawPitchOk=true safeOk=true cannonReady=true stableOk=true firingBE=false target=(-301.3199462890625, -59.50255584716797, -209.04173278994858) aim=(-301.3199462890625, -59.50255584716797, -209.04173278994858) offset=0.0 stable=33/2
[10вер.2026 19:08:05.072] [Server thread/WARN] [com.happysg.radar.block.behavior.networks.WeaponFiringControl/]: WFC BLOCK: no lead solution
[10вер.2026 19:08:06.074] [Server thread/WARN] [com.happysg.radar.block.behavior.networks.WeaponFiringControl/]: WFC FIREGATES: auto=true lead=false laserNoLead=false yawPitchOk=true safeOk=true cannonReady=true stableOk=true firingBE=false target=(-301.3199462890625, -59.50255584716797, -209.04173278994858) aim=(-301.3199462890625, -59.50255584716797, -209.04173278994858) offset=0.0 stable=53/2
[10вер.2026 19:08:06.074] [Server thread/WARN] [com.happysg.radar.block.behavior.networks.WeaponFiringControl/]: WFC BLOCK: no lead solution
[10вер.2026 19:08:07.073] [Server thread/WARN] [com.happysg.radar.block.behavior.networks.WeaponFiringControl/]: WFC FIREGATES: auto=true lead=false laserNoLead=false yawPitchOk=true safeOk=true cannonReady=true stableOk=true firingBE=false target=(-301.3199462890625, -59.50255584716797, -209.04173278994858) aim=(-301.3199462890625, -59.50255584716797, -209.04173278994858) offset=0.0 stable=73/2
[10вер.2026 19:08:07.073] [Server thread/WARN] [com.happysg.radar.block.behavior.networks.WeaponFiringControl/]: WFC BLOCK: no lead solution
[10вер.2026 19:08:07.199] [Server thread/WARN] [com.happysg.radar.block.behavior.networks.WeaponFiringControl/]: setTarget() -> new target=(-270.74988673534244, -52.52518726262497, -212.06134510412812) config=TargetingConfig[player=false, contraption=false, mob=true, animal=true, projectile=false, autoTarget=false, autoFire=true, lineOfSight=false] atTick=1998782
[10вер.2026 19:08:07.322] [Server thread/WARN] [com.happysg.radar.block.behavior.networks.WeaponFiringControl/]: setTarget() -> new target=(-270.74988673534244, -52.52518726262497, -212.06134510412812) config=TargetingConfig[player=false, contraption=false, mob=true, animal=true, projectile=false, autoTarget=false, autoFire=true, lineOfSight=false] atTick=1998785
[10вер.2026 19:08:08.075] [Server thread/WARN] [com.happysg.radar.block.behavior.networks.WeaponFiringControl/]: WFC FIREGATES: auto=true lead=false laserNoLead=false yawPitchOk=true safeOk=true cannonReady=true stableOk=true firingBE=false target=(-270.74988673534244, -52.52518726262497, -212.06134510412812) aim=(-270.74988673534244, -52.52518726262497, -212.06134510412812) offset=0.0 stable=15/2
[10вер.2026 19:08:08.075] [Server thread/WARN] [com.happysg.radar.block.behavior.networks.WeaponFiringControl/]: WFC BLOCK: no lead solution
[10вер.2026 19:08:09.073] [Server thread/WARN] [com.happysg.radar.block.behavior.networks.WeaponFiringControl/]: WFC FIREGATES: auto=true lead=false laserNoLead=false yawPitchOk=true safeOk=true cannonReady=true stableOk=true firingBE=false target=(-270.74988673534244, -52.52518726262497, -212.06134510412812) aim=(-270.74988673534244, -52.52518726262497, -212.06134510412812) offset=0.0 stable=35/2
[10вер.2026 19:08:09.074] [Server thread/WARN] [com.happysg.radar.block.behavior.networks.WeaponFiringControl/]: WFC BLOCK: no lead solution
[10вер.2026 19:08:10.074] [Server thread/WARN] [com.happysg.radar.block.behavior.networks.WeaponFiringControl/]: WFC FIREGATES: auto=true lead=false laserNoLead=false yawPitchOk=true safeOk=true cannonReady=true stableOk=true firingBE=false target=(-270.74988673534244, -52.52518726262497, -212.06134510412812) aim=(-270.74988673534244, -52.52518726262497, -212.06134510412812) offset=0.0 stable=55/2
[10вер.2026 19:08:10.074] [Server thread/WARN] [com.happysg.radar.block.behavior.networks.WeaponFiringControl/]: WFC BLOCK: no lead solution
[10вер.2026 19:08:11.072] [Server thread/WARN] [com.happysg.radar.block.behavior.networks.WeaponFiringControl/]: WFC FIREGATES: auto=true lead=false laserNoLead=false yawPitchOk=true safeOk=true cannonReady=true stableOk=true firingBE=false target=(-270.74988673534244, -52.52518726262497, -212.06134510412812) aim=(-270.74988673534244, -52.52518726262497, -212.06134510412812) offset=0.0 stable=75/2
[10вер.2026 19:08:11.072] [Server thread/WARN] [com.happysg.radar.block.behavior.networks.WeaponFiringControl/]: WFC BLOCK: no lead solution
[10вер.2026 19:08:12.072] [Server thread/WARN] [com.happysg.radar.block.behavior.networks.WeaponFiringControl/]: WFC FIREGATES: auto=true lead=false laserNoLead=false yawPitchOk=true safeOk=true cannonReady=true stableOk=true firingBE=false target=(-270.74988673534244, -52.52518726262497, -212.06134510412812) aim=(-270.74988673534244, -52.52518726262497, -212.06134510412812) offset=0.0 stable=95/2
[10вер.2026 19:08:12.072] [Server thread/WARN] [com.happysg.radar.block.behavior.networks.WeaponFiringControl/]: WFC BLOCK: no lead solution
[10вер.2026 19:08:13.075] [Server thread/WARN] [com.happysg.radar.block.behavior.networks.WeaponFiringControl/]: WFC FIREGATES: auto=true lead=false laserNoLead=false yawPitchOk=true safeOk=true cannonReady=true stableOk=true firingBE=false target=(-270.74988673534244, -52.52518726262497, -212.06134510412812) aim=(-270.74988673534244, -52.52518726262497, -212.06134510412812) offset=0.0 stable=115/2
[10вер.2026 19:08:13.075] [Server thread/WARN] [com.happysg.radar.block.behavior.networks.WeaponFiringControl/]: WFC BLOCK: no lead solution
[10вер.2026 19:08:14.073] [Server thread/WARN] [com.happysg.radar.block.behavior.networks.WeaponFiringControl/]: WFC FIREGATES: auto=true lead=false laserNoLead=false yawPitchOk=true safeOk=true cannonReady=true stableOk=true firingBE=false target=(-270.74988673534244, -52.52518726262497, -212.06134510412812) aim=(-270.74988673534244, -52.52518726262497, -212.06134510412812) offset=0.0 stable=135/2
[10вер.2026 19:08:14.073] [Server thread/WARN] [com.happysg.radar.block.behavior.networks.WeaponFiringControl/]: WFC BLOCK: no lead solution
[10вер.2026 19:08:15.073] [Server thread/WARN] [com.happysg.radar.block.behavior.networks.WeaponFiringControl/]: WFC FIREGATES: auto=true lead=false laserNoLead=false yawPitchOk=true safeOk=true cannonReady=true stableOk=true firingBE=false target=(-270.74988673534244, -52.52518726262497, -212.06134510412812) aim=(-270.74988673534244, -52.52518726262497, -212.06134510412812) offset=0.0 stable=155/2
[10вер.2026 19:08:15.073] [Server thread/WARN] [com.happysg.radar.block.behavior.networks.WeaponFiringControl/]: WFC BLOCK: no lead solution
[10вер.2026 19:08:16.074] [Server thread/WARN] [com.happysg.radar.block.behavior.networks.WeaponFiringControl/]: WFC FIREGATES: auto=true lead=false laserNoLead=false yawPitchOk=true safeOk=true cannonReady=true stableOk=true firingBE=false target=(-270.74988673534244, -52.52518726262497, -212.06134510412812) aim=(-270.74988673534244, -52.52518726262497, -212.06134510412812) offset=0.0 stable=175/2
[10вер.2026 19:08:16.074] [Server thread/WARN] [com.happysg.radar.block.behavior.networks.WeaponFiringControl/]: WFC BLOCK: no lead solution
[10вер.2026 19:08:17.073] [Server thread/WARN] [com.happysg.radar.block.behavior.networks.WeaponFiringControl/]: WFC FIREGATES: auto=true lead=false laserNoLead=false yawPitchOk=true safeOk=true cannonReady=true stableOk=true firingBE=false target=(-270.74988673534244, -52.52518726262497, -212.06134510412812) aim=(-270.74988673534244, -52.52518726262497, -212.06134510412812) offset=0.0 stable=195/2
[10вер.2026 19:08:17.073] [Server thread/WARN] [com.happysg.radar.block.behavior.networks.WeaponFiringControl/]: WFC BLOCK: no lead solution
[10вер.2026 19:08:18.074] [Server thread/WARN] [com.happysg.radar.block.behavior.networks.WeaponFiringControl/]: WFC FIREGATES: auto=true lead=false laserNoLead=false yawPitchOk=true safeOk=true cannonReady=true stableOk=true firingBE=false target=(-270.74988673534244, -52.52518726262497, -212.06134510412812) aim=(-270.74988673534244, -52.52518726262497, -212.06134510412812) offset=0.0 stable=215/2
[10вер.2026 19:08:18.074] [Server thread/WARN] [com.happysg.radar.block.behavior.networks.WeaponFiringControl/]: WFC BLOCK: no lead solution
[10вер.2026 19:08:19.072] [Server thread/WARN] [com.happysg.radar.block.behavior.networks.WeaponFiringControl/]: WFC FIREGATES: auto=true lead=false laserNoLead=false yawPitchOk=true safeOk=true cannonReady=true stableOk=true firingBE=false target=(-270.74988673534244, -52.52518726262497, -212.06134510412812) aim=(-270.74988673534244, -52.52518726262497, -212.06134510412812) offset=0.0 stable=235/2
[10вер.2026 19:08:19.072] [Server thread/WARN] [com.happysg.radar.block.behavior.networks.WeaponFiringControl/]: WFC BLOCK: no lead solution
[10вер.2026 19:08:20.073] [Server thread/WARN] [com.happysg.radar.block.behavior.networks.WeaponFiringControl/]: WFC FIREGATES: auto=true lead=false laserNoLead=false yawPitchOk=true safeOk=true cannonReady=true stableOk=true firingBE=false target=(-270.74988673534244, -52.52518726262497, -212.06134510412812) aim=(-270.74988673534244, -52.52518726262497, -212.06134510412812) offset=0.0 stable=255/2
[10вер.2026 19:08:20.073] [Server thread/WARN] [com.happysg.radar.block.behavior.networks.WeaponFiringControl/]: WFC BLOCK: no lead solution
[10вер.2026 19:08:21.073] [Server thread/WARN] [com.happysg.radar.block.behavior.networks.WeaponFiringControl/]: WFC FIREGATES: auto=true lead=false laserNoLead=false yawPitchOk=true safeOk=true cannonReady=true stableOk=true firingBE=false target=(-270.74988673534244, -52.52518726262497, -212.06134510412812) aim=(-270.74988673534244, -52.52518726262497, -212.06134510412812) offset=0.0 stable=275/2
[10вер.2026 19:08:21.073] [Server thread/WARN] [com.happysg.radar.block.behavior.networks.WeaponFiringControl/]: WFC BLOCK: no lead solution
[10вер.2026 19:08:22.072] [Server thread/WARN] [com.happysg.radar.block.behavior.networks.WeaponFiringControl/]: WFC FIREGATES: auto=true lead=false laserNoLead=false yawPitchOk=true safeOk=true cannonReady=true stableOk=true firingBE=false target=(-270.74988673534244, -52.52518726262497, -212.06134510412812) aim=(-270.74988673534244, -52.52518726262497, -212.06134510412812) offset=0.0 stable=295/2
[10вер.2026 19:08:22.072] [Server thread/WARN] [com.happysg.radar.block.behavior.networks.WeaponFiringControl/]: WFC BLOCK: no lead solution
[10вер.2026 19:08:22.344] [Server thread/WARN] [com.happysg.radar.block.behavior.networks.WeaponFiringControl/]: setTarget() -> new target=(-251.83355189418253, -60.0, -253.83352170633688) config=TargetingConfig[player=false, contraption=false, mob=true, animal=true, projectile=false, autoTarget=false, autoFire=true, lineOfSight=false] atTick=1999085
[10вер.2026 19:08:22.574] [Server thread/WARN] [com.happysg.radar.block.behavior.networks.WeaponFiringControl/]: setTarget() -> new target=(-251.83355189418253, -60.0, -253.83352170633688) config=TargetingConfig[player=false, contraption=false, mob=true, animal=true, projectile=false, autoTarget=false, autoFire=true, lineOfSight=false] atTick=1999090
[10вер.2026 19:08:23.074] [Server thread/WARN] [com.happysg.radar.block.behavior.networks.WeaponFiringControl/]: WFC FIREGATES: auto=true lead=false laserNoLead=false yawPitchOk=true safeOk=true cannonReady=true stableOk=true firingBE=false target=(-251.83355189418253, -60.0, -253.83352170633688) aim=(-251.83355189418253, -60.0, -253.83352170633688) offset=0.0 stable=10/2
[10вер.2026 19:08:23.074] [Server thread/WARN] [com.happysg.radar.block.behavior.networks.WeaponFiringControl/]: WFC BLOCK: no lead solution
[10вер.2026 19:08:24.072] [Server thread/WARN] [com.happysg.radar.block.behavior.networks.WeaponFiringControl/]: WFC FIREGATES: auto=true lead=false laserNoLead=false yawPitchOk=true safeOk=true cannonReady=true stableOk=true firingBE=false target=(-251.83355189418253, -60.0, -253.83352170633688) aim=(-251.83355189418253, -60.0, -253.83352170633688) offset=0.0 stable=30/2
[10вер.2026 19:08:24.072] [Server thread/WARN] [com.happysg.radar.block.behavior.networks.WeaponFiringControl/]: WFC BLOCK: no lead solution
[10вер.2026 19:08:25.073] [Server thread/WARN] [com.happysg.radar.block.behavior.networks.WeaponFiringControl/]: WFC FIREGATES: auto=true lead=false laserNoLead=false yawPitchOk=true safeOk=true cannonReady=true stableOk=true firingBE=false target=(-251.83355189418253, -60.0, -253.83352170633688) aim=(-251.83355189418253, -60.0, -253.83352170633688) offset=0.0 stable=50/2
[10вер.2026 19:08:25.073] [Server thread/WARN] [com.happysg.radar.block.behavior.networks.WeaponFiringControl/]: WFC BLOCK: no lead solution
[10вер.2026 19:08:26.072] [Server thread/WARN] [com.happysg.radar.block.behavior.networks.WeaponFiringControl/]: WFC FIREGATES: auto=true lead=false laserNoLead=false yawPitchOk=true safeOk=true cannonReady=true stableOk=true firingBE=false target=(-251.83355189418253, -60.0, -253.83352170633688) aim=(-251.83355189418253, -60.0, -253.83352170633688) offset=0.0 stable=70/2
[10вер.2026 19:08:26.072] [Server thread/WARN] [com.happysg.radar.block.behavior.networks.WeaponFiringControl/]: WFC BLOCK: no lead solution
[10вер.2026 19:08:27.073] [Server thread/WARN] [com.happysg.radar.block.behavior.networks.WeaponFiringControl/]: WFC FIREGATES: auto=true lead=false laserNoLead=false yawPitchOk=true safeOk=true cannonReady=true stableOk=true firingBE=false target=(-251.83355189418253, -60.0, -253.83352170633688) aim=(-251.83355189418253, -60.0, -253.83352170633688) offset=0.0 stable=90/2
[10вер.2026 19:08:27.073] [Server thread/WARN] [com.happysg.radar.block.behavior.networks.WeaponFiringControl/]: WFC BLOCK: no lead solution
[10вер.2026 19:08:28.073] [Server thread/WARN] [com.happysg.radar.block.behavior.networks.WeaponFiringControl/]: WFC FIREGATES: auto=true lead=false laserNoLead=false yawPitchOk=true safeOk=true cannonReady=true stableOk=true firingBE=false target=(-251.83355189418253, -60.0, -253.83352170633688) aim=(-251.83355189418253, -60.0, -253.83352170633688) offset=0.0 stable=110/2
[10вер.2026 19:08:28.073] [Server thread/WARN] [com.happysg.radar.block.behavior.networks.WeaponFiringControl/]: WFC BLOCK: no lead solution
[10вер.2026 19:11:30.179] [Server thread/INFO] [dev.ryanhcode.sable.Sable/]: Saving sub-levels for level 'ServerLevel[New World]'/minecraft:overworld
[10вер.2026 19:11:30.192] [Server thread/INFO] [dev.ryanhcode.sable.Sable/]: Saving sub-levels for level 'ServerLevel[New World]'/minecraft:the_end
[10вер.2026 19:11:30.192] [Server thread/INFO] [dev.ryanhcode.sable.Sable/]: Saving sub-levels for level 'ServerLevel[New World]'/minecraft:the_nether
[10вер.2026 19:13:56.117] [Server thread/INFO] [net.minecraft.server.MinecraftServer/]: [Dev: Set the time to 1000]
[10вер.2026 19:13:56.133] [Render thread/INFO] [net.minecraft.client.gui.components.ChatComponent/]: [System] [CHAT] Set the time to 1000
[10вер.2026 19:15:53.166] [Server thread/WARN] [com.happysg.radar.block.behavior.networks.WeaponFiringControl/]: setTarget() -> new target=(-275.14304700452965, -60.0, -297.7833794166703) config=TargetingConfig[player=false, contraption=false, mob=true, animal=true, projectile=false, autoTarget=false, autoFire=true, lineOfSight=false] atTick=2008101
[10вер.2026 19:15:53.324] [Server thread/WARN] [com.happysg.radar.block.behavior.networks.WeaponFiringControl/]: setTarget() -> new target=(-275.14304700452965, -60.0, -297.7833794166703) config=TargetingConfig[player=false, contraption=false, mob=true, animal=true, projectile=false, autoTarget=false, autoFire=true, lineOfSight=false] atTick=2008105
[10вер.2026 19:15:54.074] [Server thread/WARN] [com.happysg.radar.block.behavior.networks.WeaponFiringControl/]: WFC FIREGATES: auto=true lead=false laserNoLead=false yawPitchOk=true safeOk=true cannonReady=true stableOk=true firingBE=false target=(-275.14304700452965, -60.0, -297.7833794166703) aim=(-275.14304700452965, -60.0, -297.7833794166703) offset=0.0 stable=15/2
[10вер.2026 19:15:54.074] [Server thread/WARN] [com.happysg.radar.block.behavior.networks.WeaponFiringControl/]: WFC BLOCK: no lead solution
[10вер.2026 19:15:55.074] [Server thread/WARN] [com.happysg.radar.block.behavior.networks.WeaponFiringControl/]: WFC FIREGATES: auto=true lead=false laserNoLead=false yawPitchOk=true safeOk=true cannonReady=true stableOk=true firingBE=false target=(-275.14304700452965, -60.0, -297.7833794166703) aim=(-275.14304700452965, -60.0, -297.7833794166703) offset=0.0 stable=35/2
[10вер.2026 19:15:55.074] [Server thread/WARN] [com.happysg.radar.block.behavior.networks.WeaponFiringControl/]: WFC BLOCK: no lead solution
[10вер.2026 19:15:56.072] [Server thread/WARN] [com.happysg.radar.block.behavior.networks.WeaponFiringControl/]: WFC FIREGATES: auto=true lead=false laserNoLead=false yawPitchOk=true safeOk=true cannonReady=true stableOk=true firingBE=false target=(-275.14304700452965, -60.0, -297.7833794166703) aim=(-275.14304700452965, -60.0, -297.7833794166703) offset=0.0 stable=55/2
[10вер.2026 19:15:56.072] [Server thread/WARN] [com.happysg.radar.block.behavior.networks.WeaponFiringControl/]: WFC BLOCK: no lead solution
[10вер.2026 19:15:57.075] [Server thread/WARN] [com.happysg.radar.block.behavior.networks.WeaponFiringControl/]: WFC FIREGATES: auto=true lead=false laserNoLead=false yawPitchOk=true safeOk=true cannonReady=true stableOk=true firingBE=false target=(-275.14304700452965, -60.0, -297.7833794166703) aim=(-275.14304700452965, -60.0, -297.7833794166703) offset=0.0 stable=75/2
[10вер.2026 19:15:57.075] [Server thread/WARN] [com.happysg.radar.block.behavior.networks.WeaponFiringControl/]: WFC BLOCK: no lead solution
[10вер.2026 19:15:58.073] [Server thread/WARN] [com.happysg.radar.block.behavior.networks.WeaponFiringControl/]: WFC FIREGATES: auto=true lead=false laserNoLead=false yawPitchOk=true safeOk=true cannonReady=true stableOk=true firingBE=false target=(-275.14304700452965, -60.0, -297.7833794166703) aim=(-275.14304700452965, -60.0, -297.7833794166703) offset=0.0 stable=95/2
[10вер.2026 19:15:58.073] [Server thread/WARN] [com.happysg.radar.block.behavior.networks.WeaponFiringControl/]: WFC BLOCK: no lead solution
[10вер.2026 19:15:59.072] [Server thread/WARN] [com.happysg.radar.block.behavior.networks.WeaponFiringControl/]: WFC FIREGATES: auto=true lead=false laserNoLead=false yawPitchOk=true safeOk=true cannonReady=true stableOk=true firingBE=false target=(-275.14304700452965, -60.0, -297.7833794166703) aim=(-275.14304700452965, -60.0, -297.7833794166703) offset=0.0 stable=115/2
[10вер.2026 19:15:59.072] [Server thread/WARN] [com.happysg.radar.block.behavior.networks.WeaponFiringControl/]: WFC BLOCK: no lead solution
[10вер.2026 19:16:00.073] [Server thread/WARN] [com.happysg.radar.block.behavior.networks.WeaponFiringControl/]: WFC FIREGATES: auto=true lead=false laserNoLead=false yawPitchOk=true safeOk=true cannonReady=true stableOk=true firingBE=false target=(-275.14304700452965, -60.0, -297.7833794166703) aim=(-275.14304700452965, -60.0, -297.7833794166703) offset=0.0 stable=135/2
[10вер.2026 19:16:00.073] [Server thread/WARN] [com.happysg.radar.block.behavior.networks.WeaponFiringControl/]: WFC BLOCK: no lead solution
[10вер.2026 19:16:01.073] [Server thread/WARN] [com.happysg.radar.block.behavior.networks.WeaponFiringControl/]: WFC FIREGATES: auto=true lead=false laserNoLead=false yawPitchOk=true safeOk=true cannonReady=true stableOk=true firingBE=false target=(-275.14304700452965, -60.0, -297.7833794166703) aim=(-275.14304700452965, -60.0, -297.7833794166703) offset=0.0 stable=155/2
[10вер.2026 19:16:01.073] [Server thread/WARN] [com.happysg.radar.block.behavior.networks.WeaponFiringControl/]: WFC BLOCK: no lead solution
[10вер.2026 19:16:02.073] [Server thread/WARN] [com.happysg.radar.block.behavior.networks.WeaponFiringControl/]: WFC FIREGATES: auto=true lead=false laserNoLead=false yawPitchOk=true safeOk=true cannonReady=true stableOk=true firingBE=false target=(-275.14304700452965, -60.0, -297.7833794166703) aim=(-275.14304700452965, -60.0, -297.7833794166703) offset=0.0 stable=175/2
[10вер.2026 19:16:02.073] [Server thread/WARN] [com.happysg.radar.block.behavior.networks.WeaponFiringControl/]: WFC BLOCK: no lead solution
[10вер.2026 19:16:03.073] [Server thread/WARN] [com.happysg.radar.block.behavior.networks.WeaponFiringControl/]: WFC FIREGATES: auto=true lead=false laserNoLead=false yawPitchOk=true safeOk=true cannonReady=true stableOk=true firingBE=false target=(-275.14304700452965, -60.0, -297.7833794166703) aim=(-275.14304700452965, -60.0, -297.7833794166703) offset=0.0 stable=195/2
[10вер.2026 19:16:03.073] [Server thread/WARN] [com.happysg.radar.block.behavior.networks.WeaponFiringControl/]: WFC BLOCK: no lead solution
[10вер.2026 19:16:04.073] [Server thread/WARN] [com.happysg.radar.block.behavior.networks.WeaponFiringControl/]: WFC FIREGATES: auto=true lead=false laserNoLead=false yawPitchOk=true safeOk=true cannonReady=true stableOk=true firingBE=false target=(-275.14304700452965, -60.0, -297.7833794166703) aim=(-275.14304700452965, -60.0, -297.7833794166703) offset=0.0 stable=215/2
[10вер.2026 19:16:04.073] [Server thread/WARN] [com.happysg.radar.block.behavior.networks.WeaponFiringControl/]: WFC BLOCK: no lead solution
[10вер.2026 19:16:05.074] [Server thread/WARN] [com.happysg.radar.block.behavior.networks.WeaponFiringControl/]: WFC FIREGATES: auto=true lead=false laserNoLead=false yawPitchOk=true safeOk=true cannonReady=true stableOk=true firingBE=false target=(-275.14304700452965, -60.0, -297.7833794166703) aim=(-275.14304700452965, -60.0, -297.7833794166703) offset=0.0 stable=235/2
[10вер.2026 19:16:05.074] [Server thread/WARN] [com.happysg.radar.block.behavior.networks.WeaponFiringControl/]: WFC BLOCK: no lead solution
[10вер.2026 19:16:06.073] [Server thread/WARN] [com.happysg.radar.block.behavior.networks.WeaponFiringControl/]: WFC FIREGATES: auto=true lead=false laserNoLead=false yawPitchOk=true safeOk=true cannonReady=true stableOk=true firingBE=false target=(-275.14304700452965, -60.0, -297.7833794166703) aim=(-275.14304700452965, -60.0, -297.7833794166703) offset=0.0 stable=255/2
[10вер.2026 19:16:06.073] [Server thread/WARN] [com.happysg.radar.block.behavior.networks.WeaponFiringControl/]: WFC BLOCK: no lead solution
[10вер.2026 19:16:07.074] [Server thread/WARN] [com.happysg.radar.block.behavior.networks.WeaponFiringControl/]: WFC FIREGATES: auto=true lead=false laserNoLead=false yawPitchOk=true safeOk=true cannonReady=true stableOk=true firingBE=false target=(-275.14304700452965, -60.0, -297.7833794166703) aim=(-275.14304700452965, -60.0, -297.7833794166703) offset=0.0 stable=275/2
[10вер.2026 19:16:07.074] [Server thread/WARN] [com.happysg.radar.block.behavior.networks.WeaponFiringControl/]: WFC BLOCK: no lead solution
[10вер.2026 19:16:08.074] [Server thread/WARN] [com.happysg.radar.block.behavior.networks.WeaponFiringControl/]: WFC FIREGATES: auto=true lead=false laserNoLead=false yawPitchOk=true safeOk=true cannonReady=true stableOk=true firingBE=false target=(-275.14304700452965, -60.0, -297.7833794166703) aim=(-275.14304700452965, -60.0, -297.7833794166703) offset=0.0 stable=295/2
[10вер.2026 19:16:08.074] [Server thread/WARN] [com.happysg.radar.block.behavior.networks.WeaponFiringControl/]: WFC BLOCK: no lead solution
[10вер.2026 19:16:09.074] [Server thread/WARN] [com.happysg.radar.block.behavior.networks.WeaponFiringControl/]: WFC FIREGATES: auto=true lead=false laserNoLead=false yawPitchOk=true safeOk=true cannonReady=true stableOk=true firingBE=false target=(-275.14304700452965, -60.0, -297.7833794166703) aim=(-275.14304700452965, -60.0, -297.7833794166703) offset=0.0 stable=315/2
[10вер.2026 19:16:09.074] [Server thread/WARN] [com.happysg.radar.block.behavior.networks.WeaponFiringControl/]: WFC BLOCK: no lead solution
[10вер.2026 19:16:10.072] [Server thread/WARN] [com.happysg.radar.block.behavior.networks.WeaponFiringControl/]: WFC FIREGATES: auto=true lead=false laserNoLead=false yawPitchOk=true safeOk=true cannonReady=true stableOk=true firingBE=false target=(-275.14304700452965, -60.0, -297.7833794166703) aim=(-275.14304700452965, -60.0, -297.7833794166703) offset=0.0 stable=335/2
[10вер.2026 19:16:10.073] [Server thread/WARN] [com.happysg.radar.block.behavior.networks.WeaponFiringControl/]: WFC BLOCK: no lead solution
[10вер.2026 19:16:11.072] [Server thread/WARN] [com.happysg.radar.block.behavior.networks.WeaponFiringControl/]: WFC FIREGATES: auto=true lead=false laserNoLead=false yawPitchOk=true safeOk=true cannonReady=true stableOk=true firingBE=false target=(-275.14304700452965, -60.0, -297.7833794166703) aim=(-275.14304700452965, -60.0, -297.7833794166703) offset=0.0 stable=355/2
[10вер.2026 19:16:11.072] [Server thread/WARN] [com.happysg.radar.block.behavior.networks.WeaponFiringControl/]: WFC BLOCK: no lead solution
[10вер.2026 19:16:12.073] [Server thread/WARN] [com.happysg.radar.block.behavior.networks.WeaponFiringControl/]: WFC FIREGATES: auto=true lead=false laserNoLead=false yawPitchOk=true safeOk=true cannonReady=true stableOk=true firingBE=false target=(-275.14304700452965, -60.0, -297.7833794166703) aim=(-275.14304700452965, -60.0, -297.7833794166703) offset=0.0 stable=375/2
[10вер.2026 19:16:12.073] [Server thread/WARN] [com.happysg.radar.block.behavior.networks.WeaponFiringControl/]: WFC BLOCK: no lead solution
[10вер.2026 19:16:13.072] [Server thread/WARN] [com.happysg.radar.block.behavior.networks.WeaponFiringControl/]: WFC FIREGATES: auto=true lead=false laserNoLead=false yawPitchOk=true safeOk=true cannonReady=true stableOk=true firingBE=false target=(-275.14304700452965, -60.0, -297.7833794166703) aim=(-275.14304700452965, -60.0, -297.7833794166703) offset=0.0 stable=395/2
[10вер.2026 19:16:13.073] [Server thread/WARN] [com.happysg.radar.block.behavior.networks.WeaponFiringControl/]: WFC BLOCK: no lead solution
[10вер.2026 19:16:14.073] [Server thread/WARN] [com.happysg.radar.block.behavior.networks.WeaponFiringControl/]: WFC FIREGATES: auto=true lead=false laserNoLead=false yawPitchOk=true safeOk=true cannonReady=true stableOk=true firingBE=false target=(-275.14304700452965, -60.0, -297.7833794166703) aim=(-275.14304700452965, -60.0, -297.7833794166703) offset=0.0 stable=415/2
[10вер.2026 19:16:14.073] [Server thread/WARN] [com.happysg.radar.block.behavior.networks.WeaponFiringControl/]: WFC BLOCK: no lead solution
[10вер.2026 19:16:15.073] [Server thread/WARN] [com.happysg.radar.block.behavior.networks.WeaponFiringControl/]: WFC FIREGATES: auto=true lead=false laserNoLead=false yawPitchOk=true safeOk=true cannonReady=true stableOk=true firingBE=false target=(-275.14304700452965, -60.0, -297.7833794166703) aim=(-275.14304700452965, -60.0, -297.7833794166703) offset=0.0 stable=435/2
[10вер.2026 19:16:15.073] [Server thread/WARN] [com.happysg.radar.block.behavior.networks.WeaponFiringControl/]: WFC BLOCK: no lead solution
[10вер.2026 19:16:16.072] [Server thread/WARN] [com.happysg.radar.block.behavior.networks.WeaponFiringControl/]: WFC FIREGATES: auto=true lead=false laserNoLead=false yawPitchOk=true safeOk=true cannonReady=true stableOk=true firingBE=false target=(-275.14304700452965, -60.0, -297.7833794166703) aim=(-275.14304700452965, -60.0, -297.7833794166703) offset=0.0 stable=455/2
[10вер.2026 19:16:16.073] [Server thread/WARN] [com.happysg.radar.block.behavior.networks.WeaponFiringControl/]: WFC BLOCK: no lead solution
[10вер.2026 19:16:17.073] [Server thread/WARN] [com.happysg.radar.block.behavior.networks.WeaponFiringControl/]: WFC FIREGATES: auto=true lead=false laserNoLead=false yawPitchOk=true safeOk=true cannonReady=true stableOk=true firingBE=false target=(-275.14304700452965, -60.0, -297.7833794166703) aim=(-275.14304700452965, -60.0, -297.7833794166703) offset=0.0 stable=475/2
[10вер.2026 19:16:17.074] [Server thread/WARN] [com.happysg.radar.block.behavior.networks.WeaponFiringControl/]: WFC BLOCK: no lead solution
[10вер.2026 19:16:18.075] [Server thread/WARN] [com.happysg.radar.block.behavior.networks.WeaponFiringControl/]: WFC FIREGATES: auto=true lead=false laserNoLead=false yawPitchOk=true safeOk=true cannonReady=true stableOk=true firingBE=false target=(-275.14304700452965, -60.0, -297.7833794166703) aim=(-275.14304700452965, -60.0, -297.7833794166703) offset=0.0 stable=495/2
[10вер.2026 19:16:18.075] [Server thread/WARN] [com.happysg.radar.block.behavior.networks.WeaponFiringControl/]: WFC BLOCK: no lead solution
[10вер.2026 19:16:19.073] [Server thread/WARN] [com.happysg.radar.block.behavior.networks.WeaponFiringControl/]: WFC FIREGATES: auto=true lead=false laserNoLead=false yawPitchOk=true safeOk=true cannonReady=true stableOk=true firingBE=false target=(-275.14304700452965, -60.0, -297.7833794166703) aim=(-275.14304700452965, -60.0, -297.7833794166703) offset=0.0 stable=515/2
[10вер.2026 19:16:19.073] [Server thread/WARN] [com.happysg.radar.block.behavior.networks.WeaponFiringControl/]: WFC BLOCK: no lead solution
[10вер.2026 19:16:20.073] [Server thread/WARN] [com.happysg.radar.block.behavior.networks.WeaponFiringControl/]: WFC FIREGATES: auto=true lead=false laserNoLead=false yawPitchOk=true safeOk=true cannonReady=true stableOk=true firingBE=false target=(-275.14304700452965, -60.0, -297.7833794166703) aim=(-275.14304700452965, -60.0, -297.7833794166703) offset=0.0 stable=535/2
[10вер.2026 19:16:20.074] [Server thread/WARN] [com.happysg.radar.block.behavior.networks.WeaponFiringControl/]: WFC BLOCK: no lead solution
[10вер.2026 19:16:21.074] [Server thread/WARN] [com.happysg.radar.block.behavior.networks.WeaponFiringControl/]: WFC FIREGATES: auto=true lead=false laserNoLead=false yawPitchOk=true safeOk=true cannonReady=true stableOk=true firingBE=false target=(-275.14304700452965, -60.0, -297.7833794166703) aim=(-275.14304700452965, -60.0, -297.7833794166703) offset=0.0 stable=555/2
[10вер.2026 19:16:21.074] [Server thread/WARN] [com.happysg.radar.block.behavior.networks.WeaponFiringControl/]: WFC BLOCK: no lead solution
[10вер.2026 19:16:22.074] [Server thread/WARN] [com.happysg.radar.block.behavior.networks.WeaponFiringControl/]: WFC FIREGATES: auto=true lead=false laserNoLead=false yawPitchOk=true safeOk=true cannonReady=true stableOk=true firingBE=false target=(-275.14304700452965, -60.0, -297.7833794166703) aim=(-275.14304700452965, -60.0, -297.7833794166703) offset=0.0 stable=575/2
[10вер.2026 19:16:22.074] [Server thread/WARN] [com.happysg.radar.block.behavior.networks.WeaponFiringControl/]: WFC BLOCK: no lead solution
[10вер.2026 19:16:23.074] [Server thread/WARN] [com.happysg.radar.block.behavior.networks.WeaponFiringControl/]: WFC FIREGATES: auto=true lead=false laserNoLead=false yawPitchOk=true safeOk=true cannonReady=true stableOk=true firingBE=false target=(-275.14304700452965, -60.0, -297.7833794166703) aim=(-275.14304700452965, -60.0, -297.7833794166703) offset=0.0 stable=595/2
[10вер.2026 19:16:23.074] [Server thread/WARN] [com.happysg.radar.block.behavior.networks.WeaponFiringControl/]: WFC BLOCK: no lead solution
[10вер.2026 19:16:24.073] [Server thread/WARN] [com.happysg.radar.block.behavior.networks.WeaponFiringControl/]: WFC FIREGATES: auto=true lead=false laserNoLead=false yawPitchOk=true safeOk=true cannonReady=true stableOk=true firingBE=false target=(-275.14304700452965, -60.0, -297.7833794166703) aim=(-275.14304700452965, -60.0, -297.7833794166703) offset=0.0 stable=615/2
[10вер.2026 19:16:24.073] [Server thread/WARN] [com.happysg.radar.block.behavior.networks.WeaponFiringControl/]: WFC BLOCK: no lead solution
[10вер.2026 19:16:25.073] [Server thread/WARN] [com.happysg.radar.block.behavior.networks.WeaponFiringControl/]: WFC FIREGATES: auto=true lead=false laserNoLead=false yawPitchOk=true safeOk=true cannonReady=true stableOk=true firingBE=false target=(-275.14304700452965, -60.0, -297.7833794166703) aim=(-275.14304700452965, -60.0, -297.7833794166703) offset=0.0 stable=635/2
[10вер.2026 19:16:25.073] [Server thread/WARN] [com.happysg.radar.block.behavior.networks.WeaponFiringControl/]: WFC BLOCK: no lead solution
[10вер.2026 19:16:26.073] [Server thread/WARN] [com.happysg.radar.block.behavior.networks.WeaponFiringControl/]: WFC FIREGATES: auto=true lead=false laserNoLead=false yawPitchOk=true safeOk=true cannonReady=true stableOk=true firingBE=false target=(-275.14304700452965, -60.0, -297.7833794166703) aim=(-275.14304700452965, -60.0, -297.7833794166703) offset=0.0 stable=655/2
[10вер.2026 19:16:26.073] [Server thread/WARN] [com.happysg.radar.block.behavior.networks.WeaponFiringControl/]: WFC BLOCK: no lead solution
[10вер.2026 19:16:27.073] [Server thread/WARN] [com.happysg.radar.block.behavior.networks.WeaponFiringControl/]: WFC FIREGATES: auto=true lead=false laserNoLead=false yawPitchOk=true safeOk=true cannonReady=true stableOk=true firingBE=false target=(-275.14304700452965, -60.0, -297.7833794166703) aim=(-275.14304700452965, -60.0, -297.7833794166703) offset=0.0 stable=675/2
[10вер.2026 19:16:27.073] [Server thread/WARN] [com.happysg.radar.block.behavior.networks.WeaponFiringControl/]: WFC BLOCK: no lead solution
[10вер.2026 19:16:27.244] [Server thread/WARN] [com.happysg.radar.block.behavior.networks.WeaponFiringControl/]: setTarget() -> new target=(-265.49563282389863, -60.0, -354.6823149421494) config=TargetingConfig[player=false, contraption=false, mob=true, animal=true, projectile=false, autoTarget=false, autoFire=true, lineOfSight=false] atTick=2008783
[10вер.2026 19:16:27.324] [Server thread/WARN] [com.happysg.radar.block.behavior.networks.WeaponFiringControl/]: setTarget() -> new target=(-265.49563282389863, -60.0, -354.6823149421494) config=TargetingConfig[player=false, contraption=false, mob=true, animal=true, projectile=false, autoTarget=false, autoFire=true, lineOfSight=false] atTick=2008785
[10вер.2026 19:16:28.073] [Server thread/WARN] [com.happysg.radar.block.behavior.networks.WeaponFiringControl/]: WFC FIREGATES: auto=true lead=false laserNoLead=false yawPitchOk=true safeOk=true cannonReady=true stableOk=true firingBE=false target=(-265.49563282389863, -60.0, -354.6823149421494) aim=(-265.49563282389863, -60.0, -354.6823149421494) offset=0.0 stable=15/2
[10вер.2026 19:16:28.074] [Server thread/WARN] [com.happysg.radar.block.behavior.networks.WeaponFiringControl/]: WFC BLOCK: no lead solution
[10вер.2026 19:16:29.073] [Server thread/WARN] [com.happysg.radar.block.behavior.networks.WeaponFiringControl/]: WFC FIREGATES: auto=true lead=false laserNoLead=false yawPitchOk=true safeOk=true cannonReady=true stableOk=true firingBE=false target=(-265.49563282389863, -60.0, -354.6823149421494) aim=(-265.49563282389863, -60.0, -354.6823149421494) offset=0.0 stable=35/2
[10вер.2026 19:16:29.073] [Server thread/WARN] [com.happysg.radar.block.behavior.networks.WeaponFiringControl/]: WFC BLOCK: no lead solution
[10вер.2026 19:16:30.073] [Server thread/WARN] [com.happysg.radar.block.behavior.networks.WeaponFiringControl/]: WFC FIREGATES: auto=true lead=false laserNoLead=false yawPitchOk=true safeOk=true cannonReady=true stableOk=true firingBE=false target=(-265.49563282389863, -60.0, -354.6823149421494) aim=(-265.49563282389863, -60.0, -354.6823149421494) offset=0.0 stable=55/2
[10вер.2026 19:16:30.073] [Server thread/WARN] [com.happysg.radar.block.behavior.networks.WeaponFiringControl/]: WFC BLOCK: no lead solution
[10вер.2026 19:16:30.179] [Server thread/INFO] [dev.ryanhcode.sable.Sable/]: Saving sub-levels for level 'ServerLevel[New World]'/minecraft:overworld
[10вер.2026 19:16:30.198] [Server thread/INFO] [dev.ryanhcode.sable.Sable/]: Saving sub-levels for level 'ServerLevel[New World]'/minecraft:the_end
[10вер.2026 19:16:30.198] [Server thread/INFO] [dev.ryanhcode.sable.Sable/]: Saving sub-levels for level 'ServerLevel[New World]'/minecraft:the_nether
[10вер.2026 19:16:31.072] [Server thread/WARN] [com.happysg.radar.block.behavior.networks.WeaponFiringControl/]: WFC FIREGATES: auto=true lead=false laserNoLead=false yawPitchOk=true safeOk=true cannonReady=true stableOk=true firingBE=false target=(-265.49563282389863, -60.0, -354.6823149421494) aim=(-265.49563282389863, -60.0, -354.6823149421494) offset=0.0 stable=75/2
[10вер.2026 19:16:31.072] [Server thread/WARN] [com.happysg.radar.block.behavior.networks.WeaponFiringControl/]: WFC BLOCK: no lead solution
[10вер.2026 19:16:32.073] [Server thread/WARN] [com.happysg.radar.block.behavior.networks.WeaponFiringControl/]: WFC FIREGATES: auto=true lead=false laserNoLead=false yawPitchOk=false safeOk=true cannonReady=true stableOk=true firingBE=false target=(-265.49563282389863, -60.0, -354.6823149421494) aim=(-265.49563282389863, -60.0, -354.6823149421494) offset=0.0 stable=82/2
[10вер.2026 19:16:32.073] [Server thread/WARN] [com.happysg.radar.block.behavior.networks.WeaponFiringControl/]: WFC AIMCHK: yawCtrl=BlockPos{x=20481031, y=128, z=20487173} pitchCtrl=BlockPos{x=20481030, y=129, z=20487173} atYaw=false atPitch=true targYaw=135.0087127685547 targPitch=-3.7479461752809584E-4
[10вер.2026 19:16:32.073] [Server thread/WARN] [com.happysg.radar.block.behavior.networks.WeaponFiringControl/]: WFC BLOCK: no lead solution
[10вер.2026 19:16:32.073] [Server thread/WARN] [com.happysg.radar.block.behavior.networks.WeaponFiringControl/]: WFC BLOCK: yaw/pitch not aligned
[10вер.2026 19:16:33.072] [Server thread/WARN] [com.happysg.radar.block.behavior.networks.WeaponFiringControl/]: WFC FIREGATES: auto=true lead=false laserNoLead=false yawPitchOk=true safeOk=true cannonReady=true stableOk=true firingBE=false target=(-265.49563282389863, -60.0, -354.6823149421494) aim=(-265.49563282389863, -60.0, -354.6823149421494) offset=0.0 stable=102/2
[10вер.2026 19:16:33.072] [Server thread/WARN] [com.happysg.radar.block.behavior.networks.WeaponFiringControl/]: WFC BLOCK: no lead solution
[10вер.2026 19:16:34.074] [Server thread/WARN] [com.happysg.radar.block.behavior.networks.WeaponFiringControl/]: WFC FIREGATES: auto=true lead=false laserNoLead=false yawPitchOk=true safeOk=true cannonReady=true stableOk=true firingBE=false target=(-265.49563282389863, -60.0, -354.6823149421494) aim=(-265.49563282389863, -60.0, -354.6823149421494) offset=0.0 stable=122/2
[10вер.2026 19:16:34.074] [Server thread/WARN] [com.happysg.radar.block.behavior.networks.WeaponFiringControl/]: WFC BLOCK: no lead solution
[10вер.2026 19:16:35.074] [Server thread/WARN] [com.happysg.radar.block.behavior.networks.WeaponFiringControl/]: WFC FIREGATES: auto=true lead=false laserNoLead=false yawPitchOk=true safeOk=true cannonReady=true stableOk=true firingBE=false target=(-265.49563282389863, -60.0, -354.6823149421494) aim=(-265.49563282389863, -60.0, -354.6823149421494) offset=0.0 stable=142/2
[10вер.2026 19:16:35.074] [Server thread/WARN] [com.happysg.radar.block.behavior.networks.WeaponFiringControl/]: WFC BLOCK: no lead solution
[10вер.2026 19:16:36.074] [Server thread/WARN] [com.happysg.radar.block.behavior.networks.WeaponFiringControl/]: WFC FIREGATES: auto=true lead=false laserNoLead=false yawPitchOk=true safeOk=true cannonReady=true stableOk=true firingBE=false target=(-265.49563282389863, -60.0, -354.6823149421494) aim=(-265.49563282389863, -60.0, -354.6823149421494) offset=0.0 stable=162/2
[10вер.2026 19:16:36.074] [Server thread/WARN] [com.happysg.radar.block.behavior.networks.WeaponFiringControl/]: WFC BLOCK: no lead solution
[10вер.2026 19:16:37.073] [Server thread/WARN] [com.happysg.radar.block.behavior.networks.WeaponFiringControl/]: WFC FIREGATES: auto=true lead=false laserNoLead=false yawPitchOk=true safeOk=true cannonReady=true stableOk=true firingBE=false target=(-265.49563282389863, -60.0, -354.6823149421494) aim=(-265.49563282389863, -60.0, -354.6823149421494) offset=0.0 stable=182/2
[10вер.2026 19:16:37.073] [Server thread/WARN] [com.happysg.radar.block.behavior.networks.WeaponFiringControl/]: WFC BLOCK: no lead solution
[10вер.2026 19:16:38.073] [Server thread/WARN] [com.happysg.radar.block.behavior.networks.WeaponFiringControl/]: WFC FIREGATES: auto=true lead=false laserNoLead=false yawPitchOk=true safeOk=true cannonReady=true stableOk=true firingBE=false target=(-265.49563282389863, -60.0, -354.6823149421494) aim=(-265.49563282389863, -60.0, -354.6823149421494) offset=0.0 stable=202/2
[10вер.2026 19:16:38.073] [Server thread/WARN] [com.happysg.radar.block.behavior.networks.WeaponFiringControl/]: WFC BLOCK: no lead solution
[10вер.2026 19:16:39.072] [Server thread/WARN] [com.happysg.radar.block.behavior.networks.WeaponFiringControl/]: WFC FIREGATES: auto=true lead=false laserNoLead=false yawPitchOk=true safeOk=true cannonReady=true stableOk=true firingBE=false target=(-265.49563282389863, -60.0, -354.6823149421494) aim=(-265.49563282389863, -60.0, -354.6823149421494) offset=0.0 stable=222/2
[10вер.2026 19:16:39.072] [Server thread/WARN] [com.happysg.radar.block.behavior.networks.WeaponFiringControl/]: WFC BLOCK: no lead solution
[10вер.2026 19:16:40.073] [Server thread/WARN] [com.happysg.radar.block.behavior.networks.WeaponFiringControl/]: WFC FIREGATES: auto=true lead=false laserNoLead=false yawPitchOk=true safeOk=true cannonReady=true stableOk=true firingBE=false target=(-265.49563282389863, -60.0, -354.6823149421494) aim=(-265.49563282389863, -60.0, -354.6823149421494) offset=0.0 stable=242/2
[10вер.2026 19:16:40.073] [Server thread/WARN] [com.happysg.radar.block.behavior.networks.WeaponFiringControl/]: WFC BLOCK: no lead solution
[10вер.2026 19:16:41.074] [Server thread/WARN] [com.happysg.radar.block.behavior.networks.WeaponFiringControl/]: WFC FIREGATES: auto=true lead=false laserNoLead=false yawPitchOk=true safeOk=true cannonReady=true stableOk=true firingBE=false target=(-265.49563282389863, -60.0, -354.6823149421494) aim=(-265.49563282389863, -60.0, -354.6823149421494) offset=0.0 stable=262/2
[10вер.2026 19:16:41.074] [Server thread/WARN] [com.happysg.radar.block.behavior.networks.WeaponFiringControl/]: WFC BLOCK: no lead solution
[10вер.2026 19:16:42.074] [Server thread/WARN] [com.happysg.radar.block.behavior.networks.WeaponFiringControl/]: WFC FIREGATES: auto=true lead=false laserNoLead=false yawPitchOk=true safeOk=true cannonReady=true stableOk=true firingBE=false target=(-265.49563282389863, -60.0, -354.6823149421494) aim=(-265.49563282389863, -60.0, -354.6823149421494) offset=0.0 stable=282/2
[10вер.2026 19:16:42.074] [Server thread/WARN] [com.happysg.radar.block.behavior.networks.WeaponFiringControl/]: WFC BLOCK: no lead solution
[10вер.2026 19:16:43.073] [Server thread/WARN] [com.happysg.radar.block.behavior.networks.WeaponFiringControl/]: WFC FIREGATES: auto=true lead=false laserNoLead=false yawPitchOk=true safeOk=true cannonReady=true stableOk=true firingBE=false target=(-265.49563282389863, -60.0, -354.6823149421494) aim=(-265.49563282389863, -60.0, -354.6823149421494) offset=0.0 stable=302/2
[10вер.2026 19:16:43.073] [Server thread/WARN] [com.happysg.radar.block.behavior.networks.WeaponFiringControl/]: WFC BLOCK: no lead solution
[10вер.2026 19:16:44.074] [Server thread/WARN] [com.happysg.radar.block.behavior.networks.WeaponFiringControl/]: WFC FIREGATES: auto=true lead=false laserNoLead=false yawPitchOk=true safeOk=true cannonReady=true stableOk=true firingBE=false target=(-265.49563282389863, -60.0, -354.6823149421494) aim=(-265.49563282389863, -60.0, -354.6823149421494) offset=0.0 stable=322/2
[10вер.2026 19:16:44.074] [Server thread/WARN] [com.happysg.radar.block.behavior.networks.WeaponFiringControl/]: WFC BLOCK: no lead solution
[10вер.2026 19:16:45.074] [Server thread/WARN] [com.happysg.radar.block.behavior.networks.WeaponFiringControl/]: WFC FIREGATES: auto=true lead=false laserNoLead=false yawPitchOk=true safeOk=true cannonReady=true stableOk=true firingBE=false target=(-265.49563282389863, -60.0, -354.6823149421494) aim=(-265.49563282389863, -60.0, -354.6823149421494) offset=0.0 stable=342/2
[10вер.2026 19:16:45.074] [Server thread/WARN] [com.happysg.radar.block.behavior.networks.WeaponFiringControl/]: WFC BLOCK: no lead solution
[10вер.2026 19:16:46.073] [Server thread/WARN] [com.happysg.radar.block.behavior.networks.WeaponFiringControl/]: WFC FIREGATES: auto=true lead=false laserNoLead=false yawPitchOk=true safeOk=true cannonReady=true stableOk=true firingBE=false target=(-265.49563282389863, -60.0, -354.6823149421494) aim=(-265.49563282389863, -60.0, -354.6823149421494) offset=0.0 stable=362/2
[10вер.2026 19:16:46.073] [Server thread/WARN] [com.happysg.radar.block.behavior.networks.WeaponFiringControl/]: WFC BLOCK: no lead solution
[10вер.2026 19:16:47.073] [Server thread/WARN] [com.happysg.radar.block.behavior.networks.WeaponFiringControl/]: WFC FIREGATES: auto=true lead=false laserNoLead=false yawPitchOk=true safeOk=true cannonReady=true stableOk=true firingBE=false target=(-265.49563282389863, -60.0, -354.6823149421494) aim=(-265.49563282389863, -60.0, -354.6823149421494) offset=0.0 stable=382/2
[10вер.2026 19:16:47.073] [Server thread/WARN] [com.happysg.radar.block.behavior.networks.WeaponFiringControl/]: WFC BLOCK: no lead solution
[10вер.2026 19:16:48.074] [Server thread/WARN] [com.happysg.radar.block.behavior.networks.WeaponFiringControl/]: WFC FIREGATES: auto=true lead=false laserNoLead=false yawPitchOk=true safeOk=true cannonReady=true stableOk=true firingBE=false target=(-265.49563282389863, -60.0, -354.6823149421494) aim=(-265.49563282389863, -60.0, -354.6823149421494) offset=0.0 stable=402/2
[10вер.2026 19:16:48.074] [Server thread/WARN] [com.happysg.radar.block.behavior.networks.WeaponFiringControl/]: WFC BLOCK: no lead solution
[10вер.2026 19:16:49.073] [Server thread/WARN] [com.happysg.radar.block.behavior.networks.WeaponFiringControl/]: WFC FIREGATES: auto=true lead=false laserNoLead=false yawPitchOk=true safeOk=true cannonReady=true stableOk=true firingBE=false target=(-265.49563282389863, -60.0, -354.6823149421494) aim=(-265.49563282389863, -60.0, -354.6823149421494) offset=0.0 stable=422/2
[10вер.2026 19:16:49.073] [Server thread/WARN] [com.happysg.radar.block.behavior.networks.WeaponFiringControl/]: WFC BLOCK: no lead solution
[10вер.2026 19:16:50.073] [Server thread/WARN] [com.happysg.radar.block.behavior.networks.WeaponFiringControl/]: WFC FIREGATES: auto=true lead=false laserNoLead=false yawPitchOk=true safeOk=true cannonReady=true stableOk=true firingBE=false target=(-265.49563282389863, -60.0, -354.6823149421494) aim=(-265.49563282389863, -60.0, -354.6823149421494) offset=0.0 stable=442/2
[10вер.2026 19:16:50.073] [Server thread/WARN] [com.happysg.radar.block.behavior.networks.WeaponFiringControl/]: WFC BLOCK: no lead solution
[10вер.2026 19:16:51.073] [Server thread/WARN] [com.happysg.radar.block.behavior.networks.WeaponFiringControl/]: WFC FIREGATES: auto=true lead=false laserNoLead=false yawPitchOk=true safeOk=true cannonReady=true stableOk=true firingBE=false target=(-265.49563282389863, -60.0, -354.6823149421494) aim=(-265.49563282389863, -60.0, -354.6823149421494) offset=0.0 stable=462/2
[10вер.2026 19:16:51.074] [Server thread/WARN] [com.happysg.radar.block.behavior.networks.WeaponFiringControl/]: WFC BLOCK: no lead solution
[10вер.2026 19:16:52.073] [Server thread/WARN] [com.happysg.radar.block.behavior.networks.WeaponFiringControl/]: WFC FIREGATES: auto=true lead=false laserNoLead=false yawPitchOk=true safeOk=true cannonReady=true stableOk=true firingBE=false target=(-265.49563282389863, -60.0, -354.6823149421494) aim=(-265.49563282389863, -60.0, -354.6823149421494) offset=0.0 stable=482/2
[10вер.2026 19:16:52.073] [Server thread/WARN] [com.happysg.radar.block.behavior.networks.WeaponFiringControl/]: WFC BLOCK: no lead solution
[10вер.2026 19:16:53.075] [Server thread/WARN] [com.happysg.radar.block.behavior.networks.WeaponFiringControl/]: WFC FIREGATES: auto=true lead=false laserNoLead=false yawPitchOk=true safeOk=true cannonReady=true stableOk=true firingBE=false target=(-265.49563282389863, -60.0, -354.6823149421494) aim=(-265.49563282389863, -60.0, -354.6823149421494) offset=0.0 stable=502/2
[10вер.2026 19:16:53.076] [Server thread/WARN] [com.happysg.radar.block.behavior.networks.WeaponFiringControl/]: WFC BLOCK: no lead solution
[10вер.2026 19:16:54.073] [Server thread/WARN] [com.happysg.radar.block.behavior.networks.WeaponFiringControl/]: WFC FIREGATES: auto=true lead=false laserNoLead=false yawPitchOk=true safeOk=true cannonReady=true stableOk=true firingBE=false target=(-265.49563282389863, -60.0, -354.6823149421494) aim=(-265.49563282389863, -60.0, -354.6823149421494) offset=0.0 stable=522/2
[10вер.2026 19:16:54.073] [Server thread/WARN] [com.happysg.radar.block.behavior.networks.WeaponFiringControl/]: WFC BLOCK: no lead solution
[10вер.2026 19:16:55.072] [Server thread/WARN] [com.happysg.radar.block.behavior.networks.WeaponFiringControl/]: WFC FIREGATES: auto=true lead=false laserNoLead=false yawPitchOk=true safeOk=true cannonReady=true stableOk=true firingBE=false target=(-265.49563282389863, -60.0, -354.6823149421494) aim=(-265.49563282389863, -60.0, -354.6823149421494) offset=0.0 stable=542/2
[10вер.2026 19:16:55.072] [Server thread/WARN] [com.happysg.radar.block.behavior.networks.WeaponFiringControl/]: WFC BLOCK: no lead solution
[10вер.2026 19:16:56.074] [Server thread/WARN] [com.happysg.radar.block.behavior.networks.WeaponFiringControl/]: WFC FIREGATES: auto=true lead=false laserNoLead=false yawPitchOk=true safeOk=true cannonReady=true stableOk=true firingBE=false target=(-265.49563282389863, -60.0, -354.6823149421494) aim=(-265.49563282389863, -60.0, -354.6823149421494) offset=0.0 stable=562/2
[10вер.2026 19:16:56.074] [Server thread/WARN] [com.happysg.radar.block.behavior.networks.WeaponFiringControl/]: WFC BLOCK: no lead solution
[10вер.2026 19:16:57.072] [Server thread/WARN] [com.happysg.radar.block.behavior.networks.WeaponFiringControl/]: WFC FIREGATES: auto=true lead=false laserNoLead=false yawPitchOk=true safeOk=true cannonReady=true stableOk=true firingBE=false target=(-265.49563282389863, -60.0, -354.6823149421494) aim=(-265.49563282389863, -60.0, -354.6823149421494) offset=0.0 stable=582/2
[10вер.2026 19:16:57.072] [Server thread/WARN] [com.happysg.radar.block.behavior.networks.WeaponFiringControl/]: WFC BLOCK: no lead solution
[10вер.2026 19:16:58.073] [Server thread/WARN] [com.happysg.radar.block.behavior.networks.WeaponFiringControl/]: WFC FIREGATES: auto=true lead=false laserNoLead=false yawPitchOk=true safeOk=true cannonReady=true stableOk=true firingBE=false target=(-265.49563282389863, -60.0, -354.6823149421494) aim=(-265.49563282389863, -60.0, -354.6823149421494) offset=0.0 stable=602/2
[10вер.2026 19:16:58.073] [Server thread/WARN] [com.happysg.radar.block.behavior.networks.WeaponFiringControl/]: WFC BLOCK: no lead solution
[10вер.2026 19:16:59.073] [Server thread/WARN] [com.happysg.radar.block.behavior.networks.WeaponFiringControl/]: WFC FIREGATES: auto=true lead=false laserNoLead=false yawPitchOk=true safeOk=true cannonReady=true stableOk=true firingBE=false target=(-265.49563282389863, -60.0, -354.6823149421494) aim=(-265.49563282389863, -60.0, -354.6823149421494) offset=0.0 stable=622/2
[10вер.2026 19:16:59.073] [Server thread/WARN] [com.happysg.radar.block.behavior.networks.WeaponFiringControl/]: WFC BLOCK: no lead solution
[10вер.2026 19:17:00.073] [Server thread/WARN] [com.happysg.radar.block.behavior.networks.WeaponFiringControl/]: WFC FIREGATES: auto=true lead=false laserNoLead=false yawPitchOk=true safeOk=true cannonReady=true stableOk=true firingBE=false target=(-265.49563282389863, -60.0, -354.6823149421494) aim=(-265.49563282389863, -60.0, -354.6823149421494) offset=0.0 stable=642/2
[10вер.2026 19:17:00.073] [Server thread/WARN] [com.happysg.radar.block.behavior.networks.WeaponFiringControl/]: WFC BLOCK: no lead solution
[10вер.2026 19:17:01.074] [Server thread/WARN] [com.happysg.radar.block.behavior.networks.WeaponFiringControl/]: WFC FIREGATES: auto=true lead=false laserNoLead=false yawPitchOk=true safeOk=true cannonReady=true stableOk=true firingBE=false target=(-265.49563282389863, -60.0, -354.6823149421494) aim=(-265.49563282389863, -60.0, -354.6823149421494) offset=0.0 stable=662/2
[10вер.2026 19:17:01.074] [Server thread/WARN] [com.happysg.radar.block.behavior.networks.WeaponFiringControl/]: WFC BLOCK: no lead solution
[10вер.2026 19:18:14.073] [Server thread/WARN] [com.happysg.radar.block.behavior.networks.WeaponFiringControl/]: WFC FIREGATES: auto=true lead=false laserNoLead=false yawPitchOk=true safeOk=true cannonReady=true stableOk=true firingBE=false target=(-265.49563282389863, -60.0, -354.6823149421494) aim=(-265.49563282389863, -60.0, -354.6823149421494) offset=0.0 stable=696/2
[10вер.2026 19:18:14.073] [Server thread/WARN] [com.happysg.radar.block.behavior.networks.WeaponFiringControl/]: WFC BLOCK: no lead solution
[10вер.2026 19:18:24.073] [Server thread/WARN] [com.happysg.radar.block.behavior.networks.WeaponFiringControl/]: WFC FIREGATES: auto=true lead=false laserNoLead=false yawPitchOk=false safeOk=true cannonReady=true stableOk=true firingBE=false target=(-265.49563282389863, -60.0, -354.6823149421494) aim=(-265.49563282389863, -60.0, -354.6823149421494) offset=0.0 stable=704/2
[10вер.2026 19:18:24.074] [Server thread/WARN] [com.happysg.radar.block.behavior.networks.WeaponFiringControl/]: WFC AIMCHK: yawCtrl=BlockPos{x=20481031, y=128, z=20487173} pitchCtrl=BlockPos{x=20481030, y=129, z=20487173} atYaw=false atPitch=true targYaw=135.0087127685547 targPitch=-3.7479461752809584E-4
[10вер.2026 19:18:24.074] [Server thread/WARN] [com.happysg.radar.block.behavior.networks.WeaponFiringControl/]: WFC BLOCK: no lead solution
[10вер.2026 19:18:24.074] [Server thread/WARN] [com.happysg.radar.block.behavior.networks.WeaponFiringControl/]: WFC BLOCK: yaw/pitch not aligned
[10вер.2026 19:18:25.073] [Server thread/WARN] [com.happysg.radar.block.behavior.networks.WeaponFiringControl/]: WFC FIREGATES: auto=true lead=false laserNoLead=false yawPitchOk=true safeOk=true cannonReady=true stableOk=true firingBE=false target=(-265.49563282389863, -60.0, -354.6823149421494) aim=(-265.49563282389863, -60.0, -354.6823149421494) offset=0.0 stable=724/2
[10вер.2026 19:18:25.073] [Server thread/WARN] [com.happysg.radar.block.behavior.networks.WeaponFiringControl/]: WFC BLOCK: no lead solution
[10вер.2026 19:18:26.075] [Server thread/WARN] [com.happysg.radar.block.behavior.networks.WeaponFiringControl/]: WFC FIREGATES: auto=true lead=false laserNoLead=false yawPitchOk=true safeOk=true cannonReady=true stableOk=true firingBE=false target=(-265.49563282389863, -60.0, -354.6823149421494) aim=(-265.49563282389863, -60.0, -354.6823149421494) offset=0.0 stable=744/2
[10вер.2026 19:18:26.076] [Server thread/WARN] [com.happysg.radar.block.behavior.networks.WeaponFiringControl/]: WFC BLOCK: no lead solution
[10вер.2026 19:18:27.073] [Server thread/WARN] [com.happysg.radar.block.behavior.networks.WeaponFiringControl/]: WFC FIREGATES: auto=true lead=false laserNoLead=false yawPitchOk=true safeOk=true cannonReady=true stableOk=true firingBE=false target=(-265.49563282389863, -60.0, -354.6823149421494) aim=(-265.49563282389863, -60.0, -354.6823149421494) offset=0.0 stable=764/2
[10вер.2026 19:18:27.073] [Server thread/WARN] [com.happysg.radar.block.behavior.networks.WeaponFiringControl/]: WFC BLOCK: no lead solution
[10вер.2026 19:18:28.074] [Server thread/WARN] [com.happysg.radar.block.behavior.networks.WeaponFiringControl/]: WFC FIREGATES: auto=true lead=false laserNoLead=false yawPitchOk=true safeOk=true cannonReady=true stableOk=true firingBE=false target=(-265.49563282389863, -60.0, -354.6823149421494) aim=(-265.49563282389863, -60.0, -354.6823149421494) offset=0.0 stable=784/2
[10вер.2026 19:18:28.074] [Server thread/WARN] [com.happysg.radar.block.behavior.networks.WeaponFiringControl/]: WFC BLOCK: no lead solution
[10вер.2026 19:18:29.073] [Server thread/WARN] [com.happysg.radar.block.behavior.networks.WeaponFiringControl/]: WFC FIREGATES: auto=true lead=false laserNoLead=false yawPitchOk=true safeOk=true cannonReady=true stableOk=true firingBE=false target=(-265.49563282389863, -60.0, -354.6823149421494) aim=(-265.49563282389863, -60.0, -354.6823149421494) offset=0.0 stable=804/2
[10вер.2026 19:18:29.073] [Server thread/WARN] [com.happysg.radar.block.behavior.networks.WeaponFiringControl/]: WFC BLOCK: no lead solution
[10вер.2026 19:18:30.073] [Server thread/WARN] [com.happysg.radar.block.behavior.networks.WeaponFiringControl/]: WFC FIREGATES: auto=true lead=false laserNoLead=false yawPitchOk=true safeOk=true cannonReady=true stableOk=true firingBE=false target=(-265.49563282389863, -60.0, -354.6823149421494) aim=(-265.49563282389863, -60.0, -354.6823149421494) offset=0.0 stable=824/2
[10вер.2026 19:18:30.073] [Server thread/WARN] [com.happysg.radar.block.behavior.networks.WeaponFiringControl/]: WFC BLOCK: no lead solution
[10вер.2026 19:18:31.073] [Server thread/WARN] [com.happysg.radar.block.behavior.networks.WeaponFiringControl/]: WFC FIREGATES: auto=true lead=false laserNoLead=false yawPitchOk=true safeOk=true cannonReady=true stableOk=true firingBE=false target=(-265.49563282389863, -60.0, -354.6823149421494) aim=(-265.49563282389863, -60.0, -354.6823149421494) offset=0.0 stable=844/2
[10вер.2026 19:18:31.073] [Server thread/WARN] [com.happysg.radar.block.behavior.networks.WeaponFiringControl/]: WFC BLOCK: no lead solution
[10вер.2026 19:18:32.074] [Server thread/WARN] [com.happysg.radar.block.behavior.networks.WeaponFiringControl/]: WFC FIREGATES: auto=true lead=false laserNoLead=false yawPitchOk=true safeOk=true cannonReady=true stableOk=true firingBE=false target=(-265.49563282389863, -60.0, -354.6823149421494) aim=(-265.49563282389863, -60.0, -354.6823149421494) offset=0.0 stable=864/2
[10вер.2026 19:18:32.074] [Server thread/WARN] [com.happysg.radar.block.behavior.networks.WeaponFiringControl/]: WFC BLOCK: no lead solution
[10вер.2026 19:18:33.074] [Server thread/WARN] [com.happysg.radar.block.behavior.networks.WeaponFiringControl/]: WFC FIREGATES: auto=true lead=false laserNoLead=false yawPitchOk=true safeOk=true cannonReady=true stableOk=true firingBE=false target=(-265.49563282389863, -60.0, -354.6823149421494) aim=(-265.49563282389863, -60.0, -354.6823149421494) offset=0.0 stable=884/2
[10вер.2026 19:18:33.074] [Server thread/WARN] [com.happysg.radar.block.behavior.networks.WeaponFiringControl/]: WFC BLOCK: no lead solution
[10вер.2026 19:18:34.073] [Server thread/WARN] [com.happysg.radar.block.behavior.networks.WeaponFiringControl/]: WFC FIREGATES: auto=true lead=false laserNoLead=false yawPitchOk=true safeOk=true cannonReady=true stableOk=true firingBE=false target=(-265.49563282389863, -60.0, -354.6823149421494) aim=(-265.49563282389863, -60.0, -354.6823149421494) offset=0.0 stable=904/2
[10вер.2026 19:18:34.073] [Server thread/WARN] [com.happysg.radar.block.behavior.networks.WeaponFiringControl/]: WFC BLOCK: no lead solution
[10вер.2026 19:18:35.073] [Server thread/WARN] [com.happysg.radar.block.behavior.networks.WeaponFiringControl/]: WFC FIREGATES: auto=true lead=false laserNoLead=false yawPitchOk=true safeOk=true cannonReady=true stableOk=true firingBE=false target=(-265.49563282389863, -60.0, -354.6823149421494) aim=(-265.49563282389863, -60.0, -354.6823149421494) offset=0.0 stable=924/2
[10вер.2026 19:18:35.074] [Server thread/WARN] [com.happysg.radar.block.behavior.networks.WeaponFiringControl/]: WFC BLOCK: no lead solution
[10вер.2026 19:18:36.072] [Server thread/WARN] [com.happysg.radar.block.behavior.networks.WeaponFiringControl/]: WFC FIREGATES: auto=true lead=false laserNoLead=false yawPitchOk=true safeOk=true cannonReady=true stableOk=true firingBE=false target=(-265.49563282389863, -60.0, -354.6823149421494) aim=(-265.49563282389863, -60.0, -354.6823149421494) offset=0.0 stable=944/2
[10вер.2026 19:18:36.073] [Server thread/WARN] [com.happysg.radar.block.behavior.networks.WeaponFiringControl/]: WFC BLOCK: no lead solution
[10вер.2026 19:18:49.720] [Server thread/INFO] [net.minecraft.client.server.IntegratedServer/]: Saving and pausing game...
[10вер.2026 19:18:49.725] [Server thread/INFO] [net.minecraft.server.MinecraftServer/]: Saving chunks for level 'ServerLevel[New World]'/minecraft:overworld
[10вер.2026 19:18:49.725] [Server thread/INFO] [dev.ryanhcode.sable.Sable/]: Saving sub-levels for level 'ServerLevel[New World]'/minecraft:overworld
[10вер.2026 19:18:49.737] [Server thread/INFO] [net.minecraft.server.MinecraftServer/]: Saving chunks for level 'ServerLevel[New World]'/minecraft:the_end
[10вер.2026 19:18:49.737] [Server thread/INFO] [dev.ryanhcode.sable.Sable/]: Saving sub-levels for level 'ServerLevel[New World]'/minecraft:the_end
[10вер.2026 19:18:49.737] [Server thread/INFO] [net.minecraft.server.MinecraftServer/]: Saving chunks for level 'ServerLevel[New World]'/minecraft:the_nether
[10вер.2026 19:18:49.737] [Server thread/INFO] [dev.ryanhcode.sable.Sable/]: Saving sub-levels for level 'ServerLevel[New World]'/minecraft:the_nether
[10вер.2026 20:08:44.541] [Server thread/WARN] [com.happysg.radar.block.behavior.networks.WeaponFiringControl/]: setTarget() -> new target=(-275.14304700452965, -60.0, -297.7833794166703) config=TargetingConfig[player=false, contraption=false, mob=true, animal=true, projectile=false, autoTarget=false, autoFire=true, lineOfSight=false] atTick=2012057
[10вер.2026 20:08:44.673] [Server thread/WARN] [com.happysg.radar.block.behavior.networks.WeaponFiringControl/]: setTarget() -> new target=(-275.14304700452965, -60.0, -297.7833794166703) config=TargetingConfig[player=false, contraption=false, mob=true, animal=true, projectile=false, autoTarget=false, autoFire=true, lineOfSight=false] atTick=2012060
[10вер.2026 20:08:48.673] [Server thread/WARN] [com.happysg.radar.block.behavior.networks.WeaponFiringControl/]: WFC FIREGATES: auto=true lead=false laserNoLead=false yawPitchOk=false safeOk=true cannonReady=true stableOk=true firingBE=false target=(-275.14304700452965, -60.0, -297.7833794166703) aim=(-275.14304700452965, -60.0, -297.7833794166703) offset=0.0 stable=9/2
[10вер.2026 20:08:48.673] [Server thread/WARN] [com.happysg.radar.block.behavior.networks.WeaponFiringControl/]: WFC AIMCHK: yawCtrl=BlockPos{x=20481031, y=128, z=20487173} pitchCtrl=BlockPos{x=20481030, y=129, z=20487173} atYaw=false atPitch=true targYaw=135.0086212158203 targPitch=-3.7479502498172224E-4
[10вер.2026 20:08:48.673] [Server thread/WARN] [com.happysg.radar.block.behavior.networks.WeaponFiringControl/]: WFC BLOCK: no lead solution
[10вер.2026 20:08:48.673] [Server thread/WARN] [com.happysg.radar.block.behavior.networks.WeaponFiringControl/]: WFC BLOCK: yaw/pitch not aligned
[10вер.2026 20:08:49.674] [Server thread/WARN] [com.happysg.radar.block.behavior.networks.WeaponFiringControl/]: WFC FIREGATES: auto=true lead=false laserNoLead=false yawPitchOk=true safeOk=true cannonReady=true stableOk=true firingBE=false target=(-275.14304700452965, -60.0, -297.7833794166703) aim=(-275.14304700452965, -60.0, -297.7833794166703) offset=0.0 stable=29/2
[10вер.2026 20:08:49.674] [Server thread/WARN] [com.happysg.radar.block.behavior.networks.WeaponFiringControl/]: WFC BLOCK: no lead solution
[10вер.2026 20:08:50.674] [Server thread/WARN] [com.happysg.radar.block.behavior.networks.WeaponFiringControl/]: WFC FIREGATES: auto=true lead=false laserNoLead=false yawPitchOk=true safeOk=true cannonReady=true stableOk=true firingBE=false target=(-275.14304700452965, -60.0, -297.7833794166703) aim=(-275.14304700452965, -60.0, -297.7833794166703) offset=0.0 stable=49/2
[10вер.2026 20:08:50.674] [Server thread/WARN] [com.happysg.radar.block.behavior.networks.WeaponFiringControl/]: WFC BLOCK: no lead solution
[10вер.2026 20:08:51.674] [Server thread/WARN] [com.happysg.radar.block.behavior.networks.WeaponFiringControl/]: WFC FIREGATES: auto=true lead=false laserNoLead=false yawPitchOk=true safeOk=true cannonReady=true stableOk=true firingBE=false target=(-275.14304700452965, -60.0, -297.7833794166703) aim=(-275.14304700452965, -60.0, -297.7833794166703) offset=0.0 stable=69/2
[10вер.2026 20:08:51.675] [Server thread/WARN] [com.happysg.radar.block.behavior.networks.WeaponFiringControl/]: WFC BLOCK: no lead solution
[10вер.2026 20:08:52.674] [Server thread/WARN] [com.happysg.radar.block.behavior.networks.WeaponFiringControl/]: WFC FIREGATES: auto=true lead=false laserNoLead=false yawPitchOk=true safeOk=true cannonReady=true stableOk=true firingBE=false target=(-275.14304700452965, -60.0, -297.7833794166703) aim=(-275.14304700452965, -60.0, -297.7833794166703) offset=0.0 stable=89/2
[10вер.2026 20:08:52.674] [Server thread/WARN] [com.happysg.radar.block.behavior.networks.WeaponFiringControl/]: WFC BLOCK: no lead solution
[10вер.2026 20:08:53.672] [Server thread/WARN] [com.happysg.radar.block.behavior.networks.WeaponFiringControl/]: WFC FIREGATES: auto=true lead=false laserNoLead=false yawPitchOk=true safeOk=true cannonReady=true stableOk=true firingBE=false target=(-275.14304700452965, -60.0, -297.7833794166703) aim=(-275.14304700452965, -60.0, -297.7833794166703) offset=0.0 stable=109/2
[10вер.2026 20:08:53.672] [Server thread/WARN] [com.happysg.radar.block.behavior.networks.WeaponFiringControl/]: WFC BLOCK: no lead solution
[10вер.2026 20:08:54.673] [Server thread/WARN] [com.happysg.radar.block.behavior.networks.WeaponFiringControl/]: WFC FIREGATES: auto=true lead=false laserNoLead=false yawPitchOk=true safeOk=true cannonReady=true stableOk=true firingBE=false target=(-275.14304700452965, -60.0, -297.7833794166703) aim=(-275.14304700452965, -60.0, -297.7833794166703) offset=0.0 stable=129/2
[10вер.2026 20:08:54.673] [Server thread/WARN] [com.happysg.radar.block.behavior.networks.WeaponFiringControl/]: WFC BLOCK: no lead solution
[10вер.2026 20:08:55.673] [Server thread/WARN] [com.happysg.radar.block.behavior.networks.WeaponFiringControl/]: WFC FIREGATES: auto=true lead=false laserNoLead=false yawPitchOk=true safeOk=true cannonReady=true stableOk=true firingBE=false target=(-275.14304700452965, -60.0, -297.7833794166703) aim=(-275.14304700452965, -60.0, -297.7833794166703) offset=0.0 stable=149/2
[10вер.2026 20:08:55.673] [Server thread/WARN] [com.happysg.radar.block.behavior.networks.WeaponFiringControl/]: WFC BLOCK: no lead solution
[10вер.2026 20:08:56.673] [Server thread/WARN] [com.happysg.radar.block.behavior.networks.WeaponFiringControl/]: WFC FIREGATES: auto=true lead=false laserNoLead=false yawPitchOk=true safeOk=true cannonReady=true stableOk=true firingBE=false target=(-275.14304700452965, -60.0, -297.7833794166703) aim=(-275.14304700452965, -60.0, -297.7833794166703) offset=0.0 stable=169/2
[10вер.2026 20:08:56.673] [Server thread/WARN] [com.happysg.radar.block.behavior.networks.WeaponFiringControl/]: WFC BLOCK: no lead solution
[10вер.2026 20:08:57.674] [Server thread/WARN] [com.happysg.radar.block.behavior.networks.WeaponFiringControl/]: WFC FIREGATES: auto=true lead=false laserNoLead=false yawPitchOk=true safeOk=true cannonReady=true stableOk=true firingBE=false target=(-275.14304700452965, -60.0, -297.7833794166703) aim=(-275.14304700452965, -60.0, -297.7833794166703) offset=0.0 stable=189/2
[10вер.2026 20:08:57.674] [Server thread/WARN] [com.happysg.radar.block.behavior.networks.WeaponFiringControl/]: WFC BLOCK: no lead solution
[10вер.2026 20:08:58.674] [Server thread/WARN] [com.happysg.radar.block.behavior.networks.WeaponFiringControl/]: WFC FIREGATES: auto=true lead=false laserNoLead=false yawPitchOk=true safeOk=true cannonReady=true stableOk=true firingBE=false target=(-275.14304700452965, -60.0, -297.7833794166703) aim=(-275.14304700452965, -60.0, -297.7833794166703) offset=0.0 stable=209/2
[10вер.2026 20:08:58.674] [Server thread/WARN] [com.happysg.radar.block.behavior.networks.WeaponFiringControl/]: WFC BLOCK: no lead solution
[10вер.2026 20:08:59.674] [Server thread/WARN] [com.happysg.radar.block.behavior.networks.WeaponFiringControl/]: WFC FIREGATES: auto=true lead=false laserNoLead=false yawPitchOk=true safeOk=true cannonReady=true stableOk=true firingBE=false target=(-275.14304700452965, -60.0, -297.7833794166703) aim=(-275.14304700452965, -60.0, -297.7833794166703) offset=0.0 stable=229/2
[10вер.2026 20:08:59.674] [Server thread/WARN] [com.happysg.radar.block.behavior.networks.WeaponFiringControl/]: WFC BLOCK: no lead solution
[10вер.2026 20:09:00.673] [Server thread/WARN] [com.happysg.radar.block.behavior.networks.WeaponFiringControl/]: WFC FIREGATES: auto=true lead=false laserNoLead=false yawPitchOk=true safeOk=true cannonReady=true stableOk=true firingBE=false target=(-275.14304700452965, -60.0, -297.7833794166703) aim=(-275.14304700452965, -60.0, -297.7833794166703) offset=0.0 stable=249/2
[10вер.2026 20:09:00.673] [Server thread/WARN] [com.happysg.radar.block.behavior.networks.WeaponFiringControl/]: WFC BLOCK: no lead solution
[10вер.2026 20:09:01.673] [Server thread/WARN] [com.happysg.radar.block.behavior.networks.WeaponFiringControl/]: WFC FIREGATES: auto=true lead=false laserNoLead=false yawPitchOk=true safeOk=true cannonReady=true stableOk=true firingBE=false target=(-275.14304700452965, -60.0, -297.7833794166703) aim=(-275.14304700452965, -60.0, -297.7833794166703) offset=0.0 stable=269/2
[10вер.2026 20:09:01.673] [Server thread/WARN] [com.happysg.radar.block.behavior.networks.WeaponFiringControl/]: WFC BLOCK: no lead solution
[10вер.2026 20:09:02.673] [Server thread/WARN] [com.happysg.radar.block.behavior.networks.WeaponFiringControl/]: WFC FIREGATES: auto=true lead=false laserNoLead=false yawPitchOk=true safeOk=true cannonReady=true stableOk=true firingBE=false target=(-275.14304700452965, -60.0, -297.7833794166703) aim=(-275.14304700452965, -60.0, -297.7833794166703) offset=0.0 stable=289/2
[10вер.2026 20:09:02.673] [Server thread/WARN] [com.happysg.radar.block.behavior.networks.WeaponFiringControl/]: WFC BLOCK: no lead solution
[10вер.2026 20:09:03.673] [Server thread/WARN] [com.happysg.radar.block.behavior.networks.WeaponFiringControl/]: WFC FIREGATES: auto=true lead=false laserNoLead=false yawPitchOk=true safeOk=true cannonReady=true stableOk=true firingBE=false target=(-275.14304700452965, -60.0, -297.7833794166703) aim=(-275.14304700452965, -60.0, -297.7833794166703) offset=0.0 stable=309/2
[10вер.2026 20:09:03.673] [Server thread/WARN] [com.happysg.radar.block.behavior.networks.WeaponFiringControl/]: WFC BLOCK: no lead solution
[10вер.2026 20:09:04.673] [Server thread/WARN] [com.happysg.radar.block.behavior.networks.WeaponFiringControl/]: WFC FIREGATES: auto=true lead=false laserNoLead=false yawPitchOk=true safeOk=true cannonReady=true stableOk=true firingBE=false target=(-275.14304700452965, -60.0, -297.7833794166703) aim=(-275.14304700452965, -60.0, -297.7833794166703) offset=0.0 stable=329/2
[10вер.2026 20:09:04.673] [Server thread/WARN] [com.happysg.radar.block.behavior.networks.WeaponFiringControl/]: WFC BLOCK: no lead solution
[10вер.2026 20:09:05.673] [Server thread/WARN] [com.happysg.radar.block.behavior.networks.WeaponFiringControl/]: WFC FIREGATES: auto=true lead=false laserNoLead=false yawPitchOk=true safeOk=true cannonReady=true stableOk=true firingBE=false target=(-275.14304700452965, -60.0, -297.7833794166703) aim=(-275.14304700452965, -60.0, -297.7833794166703) offset=0.0 stable=349/2
[10вер.2026 20:09:05.673] [Server thread/WARN] [com.happysg.radar.block.behavior.networks.WeaponFiringControl/]: WFC BLOCK: no lead solution
[10вер.2026 20:09:06.673] [Server thread/WARN] [com.happysg.radar.block.behavior.networks.WeaponFiringControl/]: WFC FIREGATES: auto=true lead=false laserNoLead=false yawPitchOk=true safeOk=true cannonReady=true stableOk=true firingBE=false target=(-275.14304700452965, -60.0, -297.7833794166703) aim=(-275.14304700452965, -60.0, -297.7833794166703) offset=0.0 stable=369/2
[10вер.2026 20:09:06.673] [Server thread/WARN] [com.happysg.radar.block.behavior.networks.WeaponFiringControl/]: WFC BLOCK: no lead solution
[10вер.2026 20:09:07.676] [Server thread/WARN] [com.happysg.radar.block.behavior.networks.WeaponFiringControl/]: WFC FIREGATES: auto=true lead=false laserNoLead=false yawPitchOk=true safeOk=true cannonReady=true stableOk=true firingBE=false target=(-275.14304700452965, -60.0, -297.7833794166703) aim=(-275.14304700452965, -60.0, -297.7833794166703) offset=0.0 stable=389/2
[10вер.2026 20:09:07.676] [Server thread/WARN] [com.happysg.radar.block.behavior.networks.WeaponFiringControl/]: WFC BLOCK: no lead solution
[10вер.2026 20:09:08.673] [Server thread/WARN] [com.happysg.radar.block.behavior.networks.WeaponFiringControl/]: WFC FIREGATES: auto=true lead=false laserNoLead=false yawPitchOk=true safeOk=true cannonReady=true stableOk=true firingBE=false target=(-275.14304700452965, -60.0, -297.7833794166703) aim=(-275.14304700452965, -60.0, -297.7833794166703) offset=0.0 stable=409/2
[10вер.2026 20:09:08.673] [Server thread/WARN] [com.happysg.radar.block.behavior.networks.WeaponFiringControl/]: WFC BLOCK: no lead solution
[10вер.2026 20:09:09.674] [Server thread/WARN] [com.happysg.radar.block.behavior.networks.WeaponFiringControl/]: WFC FIREGATES: auto=true lead=false laserNoLead=false yawPitchOk=true safeOk=true cannonReady=true stableOk=true firingBE=false target=(-275.14304700452965, -60.0, -297.7833794166703) aim=(-275.14304700452965, -60.0, -297.7833794166703) offset=0.0 stable=429/2
[10вер.2026 20:09:09.674] [Server thread/WARN] [com.happysg.radar.block.behavior.networks.WeaponFiringControl/]: WFC BLOCK: no lead solution
[10вер.2026 20:09:10.674] [Server thread/WARN] [com.happysg.radar.block.behavior.networks.WeaponFiringControl/]: WFC FIREGATES: auto=true lead=false laserNoLead=false yawPitchOk=true safeOk=true cannonReady=true stableOk=true firingBE=false target=(-275.14304700452965, -60.0, -297.7833794166703) aim=(-275.14304700452965, -60.0, -297.7833794166703) offset=0.0 stable=449/2
[10вер.2026 20:09:10.674] [Server thread/WARN] [com.happysg.radar.block.behavior.networks.WeaponFiringControl/]: WFC BLOCK: no lead solution
[10вер.2026 20:09:11.673] [Server thread/WARN] [com.happysg.radar.block.behavior.networks.WeaponFiringControl/]: WFC FIREGATES: auto=true lead=false laserNoLead=false yawPitchOk=true safeOk=true cannonReady=true stableOk=true firingBE=false target=(-275.14304700452965, -60.0, -297.7833794166703) aim=(-275.14304700452965, -60.0, -297.7833794166703) offset=0.0 stable=469/2
[10вер.2026 20:09:11.673] [Server thread/WARN] [com.happysg.radar.block.behavior.networks.WeaponFiringControl/]: WFC BLOCK: no lead solution
[10вер.2026 20:09:12.673] [Server thread/WARN] [com.happysg.radar.block.behavior.networks.WeaponFiringControl/]: WFC FIREGATES: auto=true lead=false laserNoLead=false yawPitchOk=true safeOk=true cannonReady=true stableOk=true firingBE=false target=(-275.14304700452965, -60.0, -297.7833794166703) aim=(-275.14304700452965, -60.0, -297.7833794166703) offset=0.0 stable=489/2
[10вер.2026 20:09:12.673] [Server thread/WARN] [com.happysg.radar.block.behavior.networks.WeaponFiringControl/]: WFC BLOCK: no lead solution
[10вер.2026 20:09:13.674] [Server thread/WARN] [com.happysg.radar.block.behavior.networks.WeaponFiringControl/]: WFC FIREGATES: auto=true lead=false laserNoLead=false yawPitchOk=true safeOk=true cannonReady=true stableOk=true firingBE=false target=(-275.14304700452965, -60.0, -297.7833794166703) aim=(-275.14304700452965, -60.0, -297.7833794166703) offset=0.0 stable=509/2
[10вер.2026 20:09:13.674] [Server thread/WARN] [com.happysg.radar.block.behavior.networks.WeaponFiringControl/]: WFC BLOCK: no lead solution
[10вер.2026 20:09:14.673] [Server thread/WARN] [com.happysg.radar.block.behavior.networks.WeaponFiringControl/]: WFC FIREGATES: auto=true lead=false laserNoLead=false yawPitchOk=true safeOk=true cannonReady=true stableOk=true firingBE=false target=(-275.14304700452965, -60.0, -297.7833794166703) aim=(-275.14304700452965, -60.0, -297.7833794166703) offset=0.0 stable=529/2
[10вер.2026 20:09:14.673] [Server thread/WARN] [com.happysg.radar.block.behavior.networks.WeaponFiringControl/]: WFC BLOCK: no lead solution
[10вер.2026 20:09:15.673] [Server thread/WARN] [com.happysg.radar.block.behavior.networks.WeaponFiringControl/]: WFC FIREGATES: auto=true lead=false laserNoLead=false yawPitchOk=true safeOk=true cannonReady=true stableOk=true firingBE=false target=(-275.14304700452965, -60.0, -297.7833794166703) aim=(-275.14304700452965, -60.0, -297.7833794166703) offset=0.0 stable=549/2
[10вер.2026 20:09:15.673] [Server thread/WARN] [com.happysg.radar.block.behavior.networks.WeaponFiringControl/]: WFC BLOCK: no lead solution
[10вер.2026 20:09:16.673] [Server thread/WARN] [com.happysg.radar.block.behavior.networks.WeaponFiringControl/]: WFC FIREGATES: auto=true lead=false laserNoLead=false yawPitchOk=true safeOk=true cannonReady=true stableOk=true firingBE=false target=(-275.14304700452965, -60.0, -297.7833794166703) aim=(-275.14304700452965, -60.0, -297.7833794166703) offset=0.0 stable=569/2
[10вер.2026 20:09:16.673] [Server thread/WARN] [com.happysg.radar.block.behavior.networks.WeaponFiringControl/]: WFC BLOCK: no lead solution
[10вер.2026 20:09:17.676] [Server thread/WARN] [com.happysg.radar.block.behavior.networks.WeaponFiringControl/]: WFC FIREGATES: auto=true lead=false laserNoLead=false yawPitchOk=true safeOk=true cannonReady=true stableOk=true firingBE=false target=(-275.14304700452965, -60.0, -297.7833794166703) aim=(-275.14304700452965, -60.0, -297.7833794166703) offset=0.0 stable=589/2
[10вер.2026 20:09:17.676] [Server thread/WARN] [com.happysg.radar.block.behavior.networks.WeaponFiringControl/]: WFC BLOCK: no lead solution
[10вер.2026 20:09:18.674] [Server thread/WARN] [com.happysg.radar.block.behavior.networks.WeaponFiringControl/]: WFC FIREGATES: auto=true lead=false laserNoLead=false yawPitchOk=true safeOk=true cannonReady=true stableOk=true firingBE=false target=(-275.14304700452965, -60.0, -297.7833794166703) aim=(-275.14304700452965, -60.0, -297.7833794166703) offset=0.0 stable=609/2
[10вер.2026 20:09:18.674] [Server thread/WARN] [com.happysg.radar.block.behavior.networks.WeaponFiringControl/]: WFC BLOCK: no lead solution
[10вер.2026 20:09:19.674] [Server thread/WARN] [com.happysg.radar.block.behavior.networks.WeaponFiringControl/]: WFC FIREGATES: auto=true lead=false laserNoLead=false yawPitchOk=true safeOk=true cannonReady=true stableOk=true firingBE=false target=(-275.14304700452965, -60.0, -297.7833794166703) aim=(-275.14304700452965, -60.0, -297.7833794166703) offset=0.0 stable=629/2
[10вер.2026 20:09:19.674] [Server thread/WARN] [com.happysg.radar.block.behavior.networks.WeaponFiringControl/]: WFC BLOCK: no lead solution
[10вер.2026 20:09:20.674] [Server thread/WARN] [com.happysg.radar.block.behavior.networks.WeaponFiringControl/]: WFC FIREGATES: auto=true lead=false laserNoLead=false yawPitchOk=true safeOk=true cannonReady=true stableOk=true firingBE=false target=(-275.14304700452965, -60.0, -297.7833794166703) aim=(-275.14304700452965, -60.0, -297.7833794166703) offset=0.0 stable=649/2
[10вер.2026 20:09:20.674] [Server thread/WARN] [com.happysg.radar.block.behavior.networks.WeaponFiringControl/]: WFC BLOCK: no lead solution
[10вер.2026 20:09:49.669] [Server thread/INFO] [net.minecraft.client.server.IntegratedServer/]: Saving and pausing game...
[10вер.2026 20:09:49.676] [Server thread/INFO] [net.minecraft.server.MinecraftServer/]: Saving chunks for level 'ServerLevel[New World]'/minecraft:overworld
[10вер.2026 20:09:49.676] [Server thread/INFO] [dev.ryanhcode.sable.Sable/]: Saving sub-levels for level 'ServerLevel[New World]'/minecraft:overworld
[10вер.2026 20:09:49.692] [Server thread/INFO] [net.minecraft.server.MinecraftServer/]: Saving chunks for level 'ServerLevel[New World]'/minecraft:the_end
[10вер.2026 20:09:49.692] [Server thread/INFO] [dev.ryanhcode.sable.Sable/]: Saving sub-levels for level 'ServerLevel[New World]'/minecraft:the_end
[10вер.2026 20:09:49.692] [Server thread/INFO] [net.minecraft.server.MinecraftServer/]: Saving chunks for level 'ServerLevel[New World]'/minecraft:the_nether
[10вер.2026 20:09:49.692] [Server thread/INFO] [dev.ryanhcode.sable.Sable/]: Saving sub-levels for level 'ServerLevel[New World]'/minecraft:the_nether
[10вер.2026 20:24:48.801] [Netty Local Client IO #1/INFO] [dev.ryanhcode.sable.Sable/]: Client UDP channel inactive
[10вер.2026 20:24:48.802] [Netty Local Client IO #1/INFO] [dev.ryanhcode.sable.Sable/]: Closed UDP channel!
[10вер.2026 20:24:48.803] [Render thread/INFO] [mezz.jei.library.startup.JeiStarter/]: Stopping JEI
[10вер.2026 20:24:48.804] [Render thread/INFO] [mezz.jei.library.load.PluginCaller/]: Sending Runtime Unavailable...
[10вер.2026 20:24:48.804] [Render thread/INFO] [mezz.jei.neoforge.plugins.neoforge.NeoForgeGuiPlugin/]: Stopping JEI GUI
[10вер.2026 20:24:48.806] [Render thread/INFO] [mezz.jei.library.load.PluginCaller/]: Sending Runtime Unavailable took 2.198 milliseconds
[10вер.2026 20:24:48.831] [Server thread/INFO] [net.minecraft.server.network.ServerGamePacketListenerImpl/]: Dev lost connection: Disconnected
[10вер.2026 20:24:48.831] [Server thread/INFO] [net.minecraft.server.MinecraftServer/]: Dev left the game
[10вер.2026 20:24:48.839] [Server thread/INFO] [net.minecraft.server.network.ServerCommonPacketListenerImpl/]: Stopping singleplayer server as player logged out
[10вер.2026 20:24:48.870] [Server thread/INFO] [net.minecraft.server.MinecraftServer/]: Stopping server
[10вер.2026 20:24:48.871] [Server thread/INFO] [net.minecraft.server.MinecraftServer/]: Saving players
[10вер.2026 20:24:48.871] [Server thread/INFO] [net.minecraft.server.MinecraftServer/]: Saving worlds
[10вер.2026 20:24:48.908] [Server thread/INFO] [net.minecraft.server.MinecraftServer/]: Saving chunks for level 'ServerLevel[New World]'/minecraft:overworld
[10вер.2026 20:24:48.908] [Server thread/INFO] [dev.ryanhcode.sable.Sable/]: Saving sub-levels for level 'ServerLevel[New World]'/minecraft:overworld
[10вер.2026 20:24:48.975] [Server thread/INFO] [net.minecraft.server.MinecraftServer/]: Saving chunks for level 'ServerLevel[New World]'/minecraft:the_end
[10вер.2026 20:24:48.975] [Server thread/INFO] [dev.ryanhcode.sable.Sable/]: Saving sub-levels for level 'ServerLevel[New World]'/minecraft:the_end
[10вер.2026 20:24:48.992] [Server thread/INFO] [net.minecraft.server.MinecraftServer/]: Saving chunks for level 'ServerLevel[New World]'/minecraft:the_nether
[10вер.2026 20:24:48.992] [Server thread/INFO] [dev.ryanhcode.sable.Sable/]: Saving sub-levels for level 'ServerLevel[New World]'/minecraft:the_nether
[10вер.2026 20:24:49.013] [Server thread/INFO] [net.minecraft.server.MinecraftServer/]: ThreadedAnvilChunkStorage (New World (2)): All chunks are saved
[10вер.2026 20:24:49.013] [Server thread/INFO] [net.minecraft.server.MinecraftServer/]: ThreadedAnvilChunkStorage (DIM1): All chunks are saved
[10вер.2026 20:24:49.013] [Server thread/INFO] [net.minecraft.server.MinecraftServer/]: ThreadedAnvilChunkStorage (DIM-1): All chunks are saved
[10вер.2026 20:24:49.013] [Server thread/INFO] [net.minecraft.server.MinecraftServer/]: ThreadedAnvilChunkStorage: All dimensions are saved
[10вер.2026 20:24:53.306] [Render thread/INFO] [net.minecraft.client.Minecraft/]: Stopping!
